  can0  101   [8]  D3 ED 00 00 00 00 00 11
  can0  103   [8]  00 00 00 00 00 00 00 00
  can0  100   [8]  70 6C 64 9C 64 9C 77 33
  can0  102   [8]  00 00 00 00 FF 00 00 00
  can0  110   [8]  00 00 00 00 00 00 00 00
  can0  111   [8]  60 09 02 00 00 00 00 00
  can0  112   [8]  03 03 77 77 04 04 04 04
  can0  113   [8]  E0 2E 0A 00 21 48 0A 00
  can0  114   [8]  00 00 00 00 00 00 80 00
  can0  115   [8]  00 00 00 00 00 00 00 00
  can0  116   [8]  00 08 00 08 00 00 00 00
  can0  101   [8]  34 EE 00 00 00 00 00 11
  can0  103   [8]  00 00 00 00 00 00 00 00
  can0  100   [8]  2D 6D 64 9C 64 9C 77 33
  can0  102   [8]  00 00 00 00 FF 00 00 00
  can0  110   [8]  00 00 00 00 00 00 00 00
  can0  111   [8]  61 09 02 00 00 00 00 00
  can0  112   [8]  03 03 77 77 04 04 04 04
  can0  113   [8]  E5 2E 0A 00 26 48 0A 00
  can0  114   [8]  00 00 00 00 00 00 80 00
  can0  115   [8]  00 00 00 00 00 00 00 00
  can0  116   [8]  00 08 00 08 00 00 00 00
  can0  101   [8]  69 EF 00 00 00 00 00 11
  can0  103   [8]  00 00 00 00 00 00 00 00
  can0  100   [8]  CA 6E 64 9C 64 9C 77 33
  can0  102   [8]  00 00 00 00 FF 00 00 00
  can0  110   [8]  00 00 00 00 00 00 00 00
  can0  111   [8]  62 09 02 00 00 00 00 00
  can0  112   [8]  03 03 77 77 04 04 04 04
  can0  113   [8]  EA 2E 0A 00 2B 48 0A 00
  can0  114   [8]  00 00 00 00 00 00 80 00
  can0  115   [8]  00 00 00 00 00 00 00 00
  can0  116   [8]  00 08 00 08 00 00 00 00
  can0  620   [3]  02 00 01
  can0  621   [8]  00 00 00 00 00 00 00 00
  can0  622   [7]  00 00 00 00 00 00 00
  can0  623   [7]  00 00 00 00 00 00 00
  can0  624   [4]  00 00 00 00
  can0  101   [8]  8C F0 00 00 00 00 00 11
  can0  625   [8]  E1 FA C7 42 E1 FA C7 42
  can0  626   [4]  E1 FA C7 42
  can0  627   [6]  00 00 00 00 00 00
  can0  103   [8]  00 00 00 00 00 00 00 00
  can0  640   [8]  2C 21 07 06 13 07 19 00
  can0  100   [8]  97 6F 64 9C 64 9C 77 33
  can0  102   [8]  00 00 00 00 FF 00 00 00
  can0  110   [8]  00 00 00 00 00 00 00 00
  can0  111   [8]  63 09 02 00 00 00 00 00
  can0  112   [8]  03 03 77 77 04 04 04 04
  can0  113   [8]  EF 2E 0A 00 30 48 0A 00
  can0  114   [8]  00 00 00 00 00 00 80 00
  can0  115   [8]  00 00 00 00 00 00 00 00
  can0  116   [8]  00 08 00 08 00 00 00 00
  can0  101   [8]  D1 F1 00 00 00 00 00 11
  can0  103   [8]  00 00 00 00 00 00 00 00
  can0  610   [8]  3E 0A 57 BE 29 5C 0F 3C
  can0  611   [4]  F6 28 BC 3E
  can0  630   [1]  F0
  can0  100   [8]  72 70 64 9C 64 9C 77 33
  can0  102   [8]  00 00 00 00 FF 00 00 00
  can0  110   [8]  00 00 00 00 00 00 00 00
  can0  111   [8]  64 09 02 00 00 00 00 00
  can0  112   [8]  03 03 77 77 04 04 04 04
  can0  113   [8]  F4 2E 0A 00 35 48 0A 00
  can0  114   [8]  00 00 00 00 00 00 80 00
  can0  115   [8]  00 00 00 00 00 00 00 00
  can0  116   [8]  00 08 00 08 00 00 00 00
  can0  101   [8]  36 F2 00 00 00 00 00 11
  can0  103   [8]  00 00 00 00 00 00 00 00
  can0  100   [8]  2F 71 64 9C 64 9C 77 33
  can0  102   [8]  00 00 00 00 FF 00 00 00
  can0  110   [8]  00 00 00 00 00 00 00 00
  can0  111   [8]  65 09 02 00 00 00 00 00
  can0  112   [8]  03 03 77 77 04 04 04 04
  can0  113   [8]  F9 2E 0A 00 3A 48 0A 00
  can0  114   [8]  00 00 00 00 00 00 80 00
  can0  115   [8]  00 00 00 00 00 00 00 00
  can0  116   [8]  00 08 00 08 00 00 00 00
  can0  101   [8]  6B F3 00 00 00 00 00 11
  can0  103   [8]  00 00 00 00 00 00 00 00
  can0  100   [8]  C8 72 64 9C 64 9C 77 33
  can0  102   [8]  00 00 00 00 FF 00 00 00
  can0  110   [8]  00 00 00 00 00 00 00 00
  can0  111   [8]  66 09 02 00 00 00 00 00
  can0  112   [8]  03 03 77 77 04 04 04 04
  can0  113   [8]  FE 2E 0A 00 3F 48 0A 00
  can0  114   [8]  00 00 00 00 00 00 80 00
  can0  115   [8]  00 00 00 00 00 00 00 00
  can0  116   [8]  00 08 00 08 00 00 00 00
  can0  101   [8]  E5 F4 00 00 00 00 00 11
  can0  103   [8]  00 00 00 00 00 00 00 00
  can0  100   [8]  95 73 64 9C 64 9C 77 33
  can0  102   [8]  00 00 00 00 FF 00 00 00
  can0  110   [8]  00 00 00 00 00 00 00 00
  can0  111   [8]  67 09 02 00 00 00 00 00
  can0  112   [8]  03 03 77 77 04 04 04 04
  can0  113   [8]  03 2F 0A 00 44 48 0A 00
  can0  114   [8]  00 00 00 00 00 00 80 00
  can0  115   [8]  00 00 00 00 00 00 00 00
  can0  116   [8]  00 08 00 08 00 00 00 00
  can0  101   [8]  B8 F5 00 00 00 00 00 11
  can0  103   [8]  00 00 00 00 00 00 00 00
  can0  100   [8]  1B 74 64 9C 64 9C 77 33
  can0  102   [8]  00 00 00 00 FF 00 00 00
  can0  110   [8]  00 00 00 00 00 00 00 00
  can0  111   [8]  68 09 02 00 00 00 00 00
  can0  112   [8]  03 03 77 77 04 04 04 04
  can0  113   [8]  08 2F 0A 00 49 48 0A 00
  can0  114   [8]  00 00 00 00 00 00 80 00
  can0  115   [8]  00 00 00 00 00 00 00 00
  can0  116   [8]  00 08 00 08 00 00 00 00
  can0  101   [8]  5F F6 00 00 00 00 00 11
  can0  103   [8]  00 00 00 00 00 00 00 00
  can0  630   [1]  F0
  can0  100   [8]  46 75 64 9C 64 9C 77 33
  can0  102   [8]  00 00 00 00 FF 00 00 00
  can0  110   [8]  00 00 00 00 00 00 00 00
  can0  111   [8]  69 09 02 00 00 00 00 00
  can0  112   [8]  03 03 77 77 04 04 04 04
  can0  113   [8]  0D 2F 0A 00 4E 48 0A 00
  can0  114   [8]  00 00 00 00 00 00 80 00
  can0  115   [8]  00 00 00 00 00 00 00 00
  can0  116   [8]  00 08 00 08 00 00 00 00
  can0  101   [8]  02 F7 00 00 00 00 00 11
  can0  103   [8]  00 00 00 00 00 00 00 00
  can0  100   [8]  A1 76 64 9C 64 9C 77 33
  can0  102   [8]  00 00 00 00 FF 00 00 00
  can0  110   [8]  00 00 00 00 00 00 00 00
  can0  111   [8]  69 09 02 00 00 00 00 00
  can0  112   [8]  03 03 77 77 04 04 04 04
  can0  113   [8]  0D 2F 0A 00 53 48 0A 00
  can0  114   [8]  00 00 00 00 00 00 80 00
  can0  115   [8]  00 00 00 00 00 00 00 00
  can0  116   [8]  00 08 00 08 00 00 00 00
  can0  101   [8]  5E F8 00 00 00 00 00 11
  can0  103   [8]  00 00 00 00 00 00 00 00
  can0  100   [8]  FC 77 64 9C 64 9C 77 33
  can0  102   [8]  00 00 00 00 FF 00 00 00
  can0  110   [8]  00 00 00 00 00 00 00 00
  can0  111   [8]  6A 09 02 00 00 00 00 00
  can0  112   [8]  03 03 77 77 04 04 04 04
  can0  113   [8]  12 2F 0A 00 58 48 0A 00
  can0  114   [8]  00 00 00 00 00 00 80 00
  can0  115   [8]  00 00 00 00 00 00 00 00
  can0  116   [8]  00 08 00 08 00 00 00 00
  can0  101   [8]  03 F9 00 00 00 00 00 11
  can0  103   [8]  00 00 00 00 00 00 00 00
  can0  100   [8]  A0 78 64 9C 64 9C 77 33
  can0  102   [8]  00 00 00 00 FF 00 00 00
  can0  110   [8]  00 00 00 00 00 00 00 00
  can0  111   [8]  6B 09 02 00 00 00 00 00
  can0  112   [8]  03 03 77 77 04 04 04 04
  can0  113   [8]  17 2F 0A 00 5D 48 0A 00
  can0  114   [8]  00 00 00 00 00 00 80 00
  can0  115   [8]  00 00 00 00 00 00 00 00
  can0  116   [8]  00 08 00 08 00 00 00 00
  can0  101   [8]  E4 FA 00 00 00 00 00 11
  can0  103   [8]  00 00 00 00 00 00 00 00
  can0  100   [8]  FD 79 64 9C 64 9C 77 33
  can0  102   [8]  00 00 00 00 FF 00 00 00
  can0  110   [8]  00 00 00 00 00 00 00 00
  can0  111   [8]  6C 09 02 00 00 00 00 00
  can0  112   [8]  03 03 77 77 04 04 04 04
  can0  113   [8]  1C 2F 0A 00 62 48 0A 00
  can0  114   [8]  00 00 00 00 00 00 80 00
  can0  115   [8]  00 00 00 00 00 00 00 00
  can0  116   [8]  00 08 00 08 00 00 00 00
  can0  101   [8]  B9 FB 00 00 00 00 00 11
  can0  103   [8]  00 00 00 00 00 00 00 00
  can0  600   [8]  EC FF EF FF FA 00 00 03
  can0  601   [6]  13 00 FB FF 80 01
  can0  610   [8]  3E 0A 57 BE 29 5C 0F 3C
  can0  611   [4]  F6 28 BC 3E
  can0  630   [1]  F0
  can0  100   [8]  1A 7A 64 9C 64 9C 77 33
  can0  102   [8]  00 00 00 00 FF 00 00 00
  can0  110   [8]  00 00 00 00 00 00 00 00
  can0  111   [8]  6D 09 02 00 00 00 00 00
  can0  112   [8]  03 03 77 77 04 04 04 04
  can0  113   [8]  21 2F 0A 00 67 48 0A 00
  can0  114   [8]  00 00 00 00 00 00 80 00
  can0  115   [8]  00 00 00 00 00 00 00 00
  can0  116   [8]  00 08 00 08 00 00 00 00
  can0  402   [8]  02 00 17 15 FF 2C 00 10
  can0  404   [8]  03 00 00 00 00 00 00 00
  can0  405   [8]  03 01 00 00 00 00 00 00
  can0  101   [8]  37 FC 00 00 00 00 00 11
  can0  103   [8]  00 00 00 00 00 00 00 00
  can0  403   [8]  02 01 2C 12 3C 34 00 00
  can0  100   [8]  47 7B 64 9C 64 9C 77 33
  can0  102   [8]  00 00 00 00 FF 00 00 00
  can0  110   [8]  00 00 00 00 00 00 00 00
  can0  111   [8]  6E 09 02 00 00 00 00 00
  can0  112   [8]  03 03 77 77 04 04 04 04
  can0  113   [8]  26 2F 0A 00 6C 48 0A 00
  can0  114   [8]  00 00 00 00 00 00 80 00
  can0  115   [8]  00 00 00 00 00 00 00 00
  can0  116   [8]  00 08 00 08 00 00 00 00
  can0  101   [8]  6A FD 00 00 00 00 00 11
  can0  103   [8]  00 00 00 00 00 00 00 00
  can0  100   [8]  C9 7C 64 9C 64 9C 77 33
  can0  102   [8]  00 00 00 00 FF 00 00 00
  can0  110   [8]  00 00 00 00 00 00 00 00
  can0  111   [8]  6F 09 02 00 00 00 00 00
  can0  112   [8]  03 03 77 77 04 04 04 04
  can0  113   [8]  2B 2F 0A 00 71 48 0A 00
  can0  114   [8]  00 00 00 00 00 00 80 00
  can0  115   [8]  00 00 00 00 00 00 00 00
  can0  116   [8]  00 08 00 08 00 00 00 00
  can0  101   [8]  8D FE 00 00 00 00 00 11
  can0  103   [8]  00 00 00 00 00 00 00 00
  can0  100   [8]  94 7D 64 9C 64 9C 77 33
  can0  102   [8]  00 00 00 00 FF 00 00 00
  can0  110   [8]  00 00 00 00 00 00 00 00
  can0  111   [8]  70 09 02 00 00 00 00 00
  can0  112   [8]  03 03 77 77 04 04 04 04
  can0  113   [8]  30 2F 0A 00 76 48 0A 00
  can0  114   [8]  00 00 00 00 00 00 80 00
  can0  115   [8]  00 00 00 00 00 00 00 00
  can0  116   [8]  00 08 00 08 00 00 00 00
  can0  101   [8]  D0 FF 00 00 00 00 00 11
  can0  103   [8]  00 00 00 00 00 00 00 00
  can0  100   [8]  73 7E 64 9C 64 9C 77 33
  can0  102   [8]  00 00 00 00 FF 00 00 00
  can0  110   [8]  00 00 00 00 00 00 00 00
  can0  111   [8]  71 09 02 00 00 00 00 00
  can0  112   [8]  03 03 77 77 04 04 04 04
  can0  113   [8]  35 2F 0A 00 7B 48 0A 00
  can0  114   [8]  00 00 00 00 00 00 80 00
  can0  115   [8]  00 00 00 00 00 00 00 00
  can0  116   [8]  00 08 00 08 00 00 00 00
  can0  101   [8]  25 00 00 00 00 00 00 11
  can0  103   [8]  00 00 00 00 00 00 00 00
  can0  630   [1]  F0
  can0  100   [8]  2E 7F 64 9C 64 9C 77 33
  can0  102   [8]  00 00 00 00 FF 00 00 00
  can0  110   [8]  00 00 00 00 00 00 00 00
  can0  111   [8]  72 09 02 00 00 00 00 00
  can0  112   [8]  03 03 77 77 04 04 04 04
  can0  113   [8]  3A 2F 0A 00 80 48 0A 00
  can0  114   [8]  00 00 00 00 00 00 80 00
  can0  115   [8]  00 00 00 00 00 00 00 00
  can0  116   [8]  00 08 00 08 00 00 00 00
  can0  101   [8]  78 01 00 00 00 00 00 11
  can0  103   [8]  00 00 00 00 00 00 00 00
  can0  100   [8]  DB 80 64 9C 64 9C 77 33
  can0  102   [8]  00 00 00 00 FF 00 00 00
  can0  110   [8]  01 00 00 00 00 00 00 00
  can0  111   [8]  73 09 02 00 00 00 00 00
  can0  112   [8]  03 03 77 77 04 04 04 04
  can0  113   [8]  3F 2F 0A 00 85 48 0A 00
  can0  114   [8]  00 00 00 00 00 00 80 00
  can0  115   [8]  00 00 00 00 00 00 00 00
  can0  116   [8]  00 08 00 08 00 00 00 00
  can0  101   [8]  9F 02 00 00 00 00 00 11
  can0  103   [8]  00 00 00 00 00 00 00 00
  can0  100   [8]  86 81 64 9C 64 9C 77 33
  can0  102   [8]  00 00 00 00 FF 00 00 00
  can0  110   [8]  01 00 00 00 00 00 00 00
  can0  111   [8]  74 09 02 00 00 00 00 00
  can0  112   [8]  03 03 77 77 04 04 04 04
  can0  113   [8]  44 2F 0A 00 8A 48 0A 00
  can0  114   [8]  00 00 00 00 00 00 80 00
  can0  115   [8]  00 00 00 00 00 00 00 00
  can0  116   [8]  00 08 00 08 00 00 00 00
  can0  101   [8]  C2 03 00 00 00 00 00 11
  can0  103   [8]  00 00 00 00 00 00 00 00
  can0  620   [3]  02 00 01
  can0  621   [8]  00 00 00 00 00 00 00 00
  can0  622   [7]  00 00 00 00 00 00 00
  can0  623   [7]  00 00 00 00 00 00 00
  can0  100   [8]  61 82 64 9C 64 9C 77 33
  can0  102   [8]  00 00 00 00 FF 00 00 00
  can0  110   [8]  01 00 00 00 00 00 00 00
  can0  111   [8]  75 09 02 00 00 00 00 00
  can0  112   [8]  03 03 77 77 04 04 04 04
  can0  113   [8]  49 2F 0A 00 8F 48 0A 00
  can0  114   [8]  00 00 00 00 00 00 80 00
  can0  115   [8]  00 00 00 00 00 00 00 00
  can0  116   [8]  00 08 00 08 00 00 00 00
  can0  624   [4]  00 00 00 00
  can0  101   [8]  4C 04 00 00 00 00 00 11
  can0  625   [8]  E1 FA C7 42 E1 FA C7 42
  can0  626   [4]  E1 FA C7 42
  can0  627   [6]  00 00 00 00 00 00
  can0  103   [8]  00 00 00 00 00 00 00 00
  can0  100   [8]  3C 83 64 9C 64 9C 77 33
  can0  102   [8]  00 00 00 00 FF 00 00 00
  can0  110   [8]  01 00 00 00 00 00 00 00
  can0  111   [8]  77 09 02 00 00 00 00 00
  can0  112   [8]  03 03 77 77 04 04 04 04
  can0  113   [8]  53 2F 0A 00 94 48 0A 00
  can0  114   [8]  00 00 00 00 00 00 80 00
  can0  115   [8]  00 00 00 00 00 00 00 00
  can0  116   [8]  00 08 00 08 00 00 00 00
  can0  101   [8]  11 05 00 00 00 00 00 11
  can0  103   [8]  00 00 00 00 00 00 00 00
  can0  610   [8]  B8 1E 0D BF AE 47 A1 BE
  can0  611   [4]  E1 7A 2C 3F
  can0  630   [1]  F0
  can0  100   [8]  B2 84 64 9C 64 9C 77 33
  can0  102   [8]  00 00 00 00 FF 00 00 00
  can0  110   [8]  01 00 00 00 00 00 00 00
  can0  111   [8]  78 09 02 00 00 00 00 00
  can0  112   [8]  03 03 77 77 04 04 04 04
  can0  113   [8]  58 2F 0A 00 99 48 0A 00
  can0  114   [8]  00 00 00 00 00 00 80 00
  can0  115   [8]  00 00 00 00 00 00 00 00
  can0  116   [8]  00 08 00 08 00 00 00 00
  can0  101   [8]  F6 06 00 00 00 00 00 11
  can0  103   [8]  00 00 00 00 00 00 00 00
  can0  100   [8]  EF 85 64 9C 64 9C 77 33
  can0  102   [8]  00 00 00 00 FF 00 00 00
  can0  110   [8]  01 00 00 00 00 00 00 00
  can0  111   [8]  79 09 02 00 00 00 00 00
  can0  112   [8]  03 03 77 77 04 04 04 04
  can0  113   [8]  5D 2F 0A 00 9E 48 0A 00
  can0  114   [8]  00 00 00 00 00 00 80 00
  can0  115   [8]  00 00 00 00 00 00 00 00
  can0  116   [8]  00 08 00 08 00 00 00 00
  can0  101   [8]  AB 07 00 00 00 00 00 11
  can0  103   [8]  00 00 00 00 00 00 00 00
  can0  100   [8]  08 86 64 9C 64 9C 77 33
  can0  102   [8]  00 00 00 00 FF 00 00 00
  can0  110   [8]  01 00 00 00 00 00 00 00
  can0  111   [8]  7A 09 02 00 00 00 00 00
  can0  112   [8]  03 03 77 77 04 04 04 04
  can0  113   [8]  62 2F 0A 00 A3 48 0A 00
  can0  114   [8]  00 00 00 00 00 00 80 00
  can0  115   [8]  00 00 00 00 00 00 00 00
  can0  116   [8]  00 08 00 08 00 00 00 00
  can0  101   [8]  F7 08 00 00 00 00 00 11
  can0  103   [8]  00 00 00 00 00 00 00 00
  can0  100   [8]  55 87 64 9C 64 9C 77 33
  can0  102   [8]  00 00 00 00 FF 00 00 00
  can0  110   [8]  01 00 00 00 00 00 00 00
  can0  111   [8]  7B 09 02 00 00 00 00 00
  can0  112   [8]  03 03 77 77 04 04 04 04
  can0  113   [8]  67 2F 0A 00 A8 48 0A 00
  can0  114   [8]  00 00 00 00 00 00 80 00
  can0  115   [8]  00 00 00 00 00 00 00 00
  can0  116   [8]  00 08 00 08 00 00 00 00
  can0  101   [8]  AA 09 00 00 00 00 00 11
  can0  103   [8]  00 00 00 00 00 00 00 00
  can0  100   [8]  09 88 64 9C 64 9C 77 33
  can0  102   [8]  00 00 00 00 FF 00 00 00
  can0  110   [8]  01 00 00 00 00 00 00 00
  can0  111   [8]  7C 09 02 00 00 00 00 00
  can0  112   [8]  03 03 77 77 04 04 04 04
  can0  113   [8]  6C 2F 0A 00 AD 48 0A 00
  can0  114   [8]  00 00 00 00 00 00 80 00
  can0  115   [8]  00 00 00 00 00 00 00 00
  can0  116   [8]  00 08 00 08 00 00 00 00
  can0  101   [8]  4D 0A 00 00 00 00 00 11
  can0  103   [8]  00 00 00 00 00 00 00 00
  can0  600   [8]  EC FF EF FF FB 00 02 03
  can0  601   [6]  10 00 FD FF 7F 01
  can0  630   [1]  F0
  can0  100   [8]  54 89 64 9C 64 9C 77 33
  can0  102   [8]  00 00 00 00 FF 00 00 00
  can0  110   [8]  01 00 00 00 00 00 00 00
  can0  111   [8]  7C 09 02 00 00 00 00 00
  can0  112   [8]  03 03 77 77 04 04 04 04
  can0  113   [8]  6C 2F 0A 00 B2 48 0A 00
  can0  114   [8]  00 00 00 00 00 00 80 00
  can0  115   [8]  00 00 00 00 00 00 00 00
  can0  116   [8]  00 08 00 08 00 00 00 00
  can0  101   [8]  10 0B 00 00 00 00 00 11
  can0  103   [8]  00 00 00 00 00 00 00 00
  can0  100   [8]  B3 8A 64 9C 64 9C 77 33
  can0  102   [8]  00 00 00 00 FF 00 00 00
  can0  110   [8]  01 00 00 00 00 00 00 00
  can0  111   [8]  7D 09 02 00 00 00 00 00
  can0  112   [8]  03 03 77 77 04 04 04 04
  can0  113   [8]  71 2F 0A 00 B7 48 0A 00
  can0  114   [8]  00 00 00 00 00 00 80 00
  can0  115   [8]  00 00 00 00 00 00 00 00
  can0  116   [8]  00 08 00 08 00 00 00 00
  can0  101   [8]  9E 0C 00 00 00 00 00 11
  can0  103   [8]  00 00 00 00 00 00 00 00
  can0  100   [8]  EE 8B 64 9C 64 9C 77 33
  can0  102   [8]  00 00 00 00 FF 00 00 00
  can0  110   [8]  01 00 00 00 00 00 00 00
  can0  111   [8]  7E 09 02 00 00 00 00 00
  can0  112   [8]  03 03 77 77 04 04 04 04
  can0  113   [8]  76 2F 0A 00 BC 48 0A 00
  can0  114   [8]  00 00 00 00 00 00 80 00
  can0  115   [8]  00 00 00 00 00 00 00 00
  can0  116   [8]  00 08 00 08 00 00 00 00
  can0  101   [8]  C3 0D 00 00 00 00 00 11
  can0  103   [8]  00 00 00 00 00 00 00 00
  can0  100   [8]  60 8C 64 9C 64 9C 77 33
  can0  102   [8]  00 00 00 00 FF 00 00 00
  can0  110   [8]  01 00 00 00 00 00 00 00
  can0  111   [8]  7F 09 02 00 00 00 00 00
  can0  112   [8]  03 03 77 77 04 04 04 04
  can0  113   [8]  7B 2F 0A 00 C1 48 0A 00
  can0  114   [8]  00 00 00 00 00 00 80 00
  can0  115   [8]  00 00 00 00 00 00 00 00
  can0  116   [8]  00 08 00 08 00 00 00 00
  can0  101   [8]  24 0E 00 00 00 00 00 11
  can0  103   [8]  00 00 00 00 00 00 00 00
  can0  100   [8]  3D 8D 64 9C 64 9C 77 33
  can0  102   [8]  00 00 00 00 FF 00 00 00
  can0  110   [8]  01 00 00 00 00 00 00 00
  can0  111   [8]  80 09 02 00 00 00 00 00
  can0  112   [8]  03 03 77 77 04 04 04 04
  can0  113   [8]  80 2F 0A 00 C6 48 0A 00
  can0  114   [8]  00 00 00 00 00 00 80 00
  can0  115   [8]  00 00 00 00 00 00 00 00
  can0  116   [8]  00 08 00 08 00 00 00 00
  can0  101   [8]  79 0F 00 00 00 00 00 11
  can0  103   [8]  00 00 00 00 00 00 00 00
  can0  610   [8]  B8 1E 0D BF AE 47 A1 BE
  can0  611   [4]  E1 7A 2C 3F
  can0  630   [1]  F0
  can0  100   [8]  DA 8E 64 9C 64 9C 77 33
  can0  102   [8]  00 00 00 00 FF 00 00 00
  can0  110   [8]  01 00 00 00 00 00 00 00
  can0  111   [8]  81 09 02 00 00 00 00 00
  can0  112   [8]  03 03 77 77 04 04 04 04
  can0  113   [8]  85 2F 0A 00 CB 48 0A 00
  can0  114   [8]  00 00 00 00 00 00 80 00
  can0  115   [8]  00 00 00 00 00 00 00 00
  can0  116   [8]  00 08 00 08 00 00 00 00
  can0  101   [8]  9C 10 00 00 00 00 00 11
  can0  103   [8]  00 00 00 00 00 00 00 00
  can0  100   [8]  87 8F 64 9C 64 9C 77 33
  can0  102   [8]  00 00 00 00 FF 00 00 00
  can0  110   [8]  00 00 00 00 00 00 00 00
  can0  111   [8]  82 09 02 00 00 00 00 00
  can0  112   [8]  03 03 77 77 04 04 04 04
  can0  113   [8]  8A 2F 0A 00 D0 48 0A 00
  can0  114   [8]  00 00 00 00 00 00 80 00
  can0  115   [8]  00 00 00 00 00 00 00 00
  can0  116   [8]  00 08 00 08 00 00 00 00
  can0  101   [8]  C1 11 00 00 00 00 00 11
  can0  103   [8]  00 00 00 00 00 00 00 00
  can0  100   [8]  62 90 64 9C 64 9C 77 33
  can0  102   [8]  00 00 00 00 FF 00 00 00
  can0  110   [8]  00 00 00 00 00 00 00 00
  can0  111   [8]  83 09 02 00 00 00 00 00
  can0  112   [8]  03 03 77 77 04 04 04 04
  can0  113   [8]  8F 2F 0A 00 D5 48 0A 00
  can0  114   [8]  00 00 00 00 00 00 80 00
  can0  115   [8]  00 00 00 00 00 00 00 00
  can0  116   [8]  00 08 00 08 00 00 00 00
  can0  101   [8]  26 12 00 00 00 00 00 11
  can0  103   [8]  00 00 00 00 00 00 00 00
  can0  100   [8]  3F 91 64 9C 64 9C 77 33
  can0  102   [8]  00 00 00 00 FF 00 00 00
  can0  110   [8]  00 00 00 00 00 00 00 00
  can0  111   [8]  84 09 02 00 00 00 00 00
  can0  112   [8]  03 03 77 77 04 04 04 04
  can0  113   [8]  94 2F 0A 00 DA 48 0A 00
  can0  114   [8]  00 00 00 00 00 00 80 00
  can0  115   [8]  00 00 00 00 00 00 00 00
  can0  116   [8]  00 08 00 08 00 00 00 00
  can0  101   [8]  7B 13 00 00 00 00 00 11
  can0  103   [8]  00 00 00 00 00 00 00 00
  can0  100   [8]  D8 92 64 9C 64 9C 77 33
  can0  102   [8]  00 00 00 00 FF 00 00 00
  can0  110   [8]  00 00 00 00 00 00 00 00
  can0  111   [8]  85 09 02 00 00 00 00 00
  can0  112   [8]  03 03 77 77 04 04 04 04
  can0  113   [8]  99 2F 0A 00 DF 48 0A 00
  can0  114   [8]  00 00 00 00 00 00 80 00
  can0  115   [8]  00 00 00 00 00 00 00 00
  can0  116   [8]  00 08 00 08 00 00 00 00
  can0  101   [8]  F5 14 00 00 00 00 00 11
  can0  103   [8]  00 00 00 00 00 00 00 00
  can0  630   [1]  F0
  can0  100   [8]  85 93 64 9C 64 9C 77 33
  can0  102   [8]  00 00 00 00 FF 00 00 00
  can0  110   [8]  00 00 00 00 00 00 00 00
  can0  111   [8]  86 09 02 00 00 00 00 00
  can0  112   [8]  03 03 77 77 04 04 04 04
  can0  113   [8]  9E 2F 0A 00 E4 48 0A 00
  can0  114   [8]  00 00 00 00 00 00 80 00
  can0  115   [8]  00 00 00 00 00 00 00 00
  can0  116   [8]  00 08 00 08 00 00 00 00
  can0  101   [8]  A8 15 00 00 00 00 00 11
  can0  103   [8]  00 00 00 00 00 00 00 00
  can0  100   [8]  0B 94 64 9C 64 9C 77 33
  can0  102   [8]  00 00 00 00 FF 00 00 00
  can0  110   [8]  00 00 00 00 00 00 00 00
  can0  111   [8]  87 09 02 00 00 00 00 00
  can0  112   [8]  03 03 77 77 04 04 04 04
  can0  113   [8]  A3 2F 0A 00 E9 48 0A 00
  can0  114   [8]  00 00 00 00 00 00 80 00
  can0  115   [8]  00 00 00 00 00 00 00 00
  can0  116   [8]  00 08 00 08 00 00 00 00
  can0  101   [8]  4F 16 00 00 00 00 00 11
  can0  103   [8]  00 00 00 00 00 00 00 00
  can0  100   [8]  56 95 64 9C 64 9C 77 33
  can0  102   [8]  00 00 00 00 FF 00 00 00
  can0  110   [8]  00 00 00 00 00 00 00 00
  can0  111   [8]  88 09 02 00 00 00 00 00
  can0  112   [8]  03 03 77 77 04 04 04 04
  can0  113   [8]  A8 2F 0A 00 EE 48 0A 00
  can0  114   [8]  00 00 00 00 00 00 80 00
  can0  115   [8]  00 00 00 00 00 00 00 00
  can0  116   [8]  00 08 00 08 00 00 00 00
  can0  101   [8]  12 17 00 00 00 00 00 11
  can0  103   [8]  00 00 00 00 00 00 00 00
  can0  620   [3]  02 00 01
  can0  621   [8]  00 00 00 00 00 00 00 00
  can0  622   [7]  00 00 00 00 00 00 00
  can0  623   [7]  00 00 00 00 00 00 00
  can0  624   [4]  00 00 00 00
  can0  625   [8]  E1 FA C7 42 E1 FA C7 42
  can0  626   [4]  E1 FA C7 42
  can0  627   [6]  00 00 00 00 00 00
  can0  100   [8]  B1 96 64 9C 64 9C 77 33
  can0  102   [8]  00 00 00 00 FF 00 00 00
  can0  110   [8]  00 00 00 00 00 00 00 00
  can0  111   [8]  89 09 02 00 00 00 00 00
  can0  112   [8]  03 03 77 77 04 04 04 04
  can0  113   [8]  AD 2F 0A 00 F3 48 0A 00
  can0  114   [8]  00 00 00 00 00 00 80 00
  can0  115   [8]  00 00 00 00 00 00 00 00
  can0  116   [8]  00 08 00 08 00 00 00 00
  can0  101   [8]  4E 18 00 00 00 00 00 11
  can0  103   [8]  00 00 00 00 00 00 00 00
  can0  100   [8]  EC 97 64 9C 64 9C 77 33
  can0  102   [8]  00 00 00 00 FF 00 00 00
  can0  110   [8]  00 00 00 00 00 00 00 00
  can0  111   [8]  8B 09 02 00 00 00 00 00
  can0  112   [8]  03 03 77 77 04 04 04 04
  can0  101   [8]  13 19 00 00 00 00 00 11
  can0  103   [8]  00 00 00 00 00 00 00 00
  can0  113   [8]  B7 2F 0A 00 F8 48 0A 00
  can0  114   [8]  00 00 00 00 00 00 80 00
  can0  115   [8]  00 00 00 00 00 00 00 00
  can0  116   [8]  00 08 00 08 00 00 00 00
  can0  600   [8]  ED FF EF FF FB 00 01 03
  can0  601   [6]  12 00 F9 FF 86 01
  can0  610   [8]  0A D7 13 BF 71 3D AA 3E
  can0  611   [4]  66 66 F6 3E
  can0  630   [1]  F0
  can0  100   [8]  B0 98 64 9C 64 9C 77 33
  can0  102   [8]  00 00 00 00 FF 00 00 00
  can0  110   [8]  00 00 00 00 00 00 00 00
  can0  111   [8]  8C 09 02 00 00 00 00 00
  can0  112   [8]  03 03 77 77 04 04 04 04
  can0  101   [8]  F4 1A 00 00 00 00 00 11
  can0  103   [8]  00 00 00 00 00 00 00 00
  can0  113   [8]  BC 2F 0A 00 FD 48 0A 00
  can0  114   [8]  00 00 00 00 00 00 80 00
  can0  115   [8]  00 00 00 00 00 00 00 00
  can0  116   [8]  00 08 00 08 00 00 00 00
  can0  100   [8]  ED 99 64 9C 64 9C 77 33
  can0  102   [8]  00 00 00 00 FF 00 00 00
  can0  110   [8]  00 00 00 00 00 00 00 00
  can0  111   [8]  8D 09 02 00 00 00 00 00
  can0  112   [8]  03 03 77 77 04 04 04 04
  can0  101   [8]  A9 1B 00 00 00 00 00 11
  can0  103   [8]  00 00 00 00 00 00 00 00
  can0  113   [8]  C1 2F 0A 00 02 49 0A 00
  can0  114   [8]  00 00 00 00 00 00 80 00
  can0  115   [8]  00 00 00 00 00 00 00 00
  can0  116   [8]  00 08 00 08 00 00 00 00
  can0  100   [8]  0A 9A 64 9C 64 9C 77 33
  can0  102   [8]  00 00 00 00 FF 00 00 00
  can0  110   [8]  00 00 00 00 00 00 00 00
  can0  111   [8]  8E 09 02 00 00 00 00 00
  can0  112   [8]  03 03 77 77 04 04 04 04
  can0  101   [8]  27 1C 00 00 00 00 00 11
  can0  103   [8]  00 00 00 00 00 00 00 00
  can0  113   [8]  C6 2F 0A 00 07 49 0A 00
  can0  114   [8]  00 00 00 00 00 00 80 00
  can0  115   [8]  00 00 00 00 00 00 00 00
  can0  116   [8]  00 08 00 08 00 00 00 00
  can0  100   [8]  57 9B 64 9C 64 9C 77 33
  can0  102   [8]  00 00 00 00 FF 00 00 00
  can0  110   [8]  00 00 00 00 00 00 00 00
  can0  111   [8]  8F 09 02 00 00 00 00 00
  can0  112   [8]  03 03 77 77 04 04 04 04
  can0  101   [8]  7A 1D 00 00 00 00 00 11
  can0  103   [8]  00 00 00 00 00 00 00 00
  can0  113   [8]  CB 2F 0A 00 0C 49 0A 00
  can0  114   [8]  00 00 00 00 00 00 80 00
  can0  115   [8]  00 00 00 00 00 00 00 00
  can0  116   [8]  00 08 00 08 00 00 00 00
  can0  100   [8]  D9 9C 64 9C 64 9C 77 33
  can0  102   [8]  00 00 00 00 FF 00 00 00
  can0  110   [8]  00 00 00 00 00 00 00 00
  can0  111   [8]  90 09 02 00 00 00 00 00
  can0  112   [8]  03 03 77 77 04 04 04 04
  can0  101   [8]  9D 1E 00 00 00 00 00 11
  can0  103   [8]  00 00 00 00 00 00 00 00
  can0  113   [8]  D0 2F 0A 00 11 49 0A 00
  can0  114   [8]  00 00 00 00 00 00 80 00
  can0  115   [8]  00 00 00 00 00 00 00 00
  can0  116   [8]  00 08 00 08 00 00 00 00
  can0  630   [1]  F0
  can0  100   [8]  84 9D 64 9C 64 9C 77 33
  can0  102   [8]  00 00 00 00 FF 00 00 00
  can0  110   [8]  00 00 00 00 00 00 00 00
  can0  111   [8]  91 09 02 00 00 00 00 00
  can0  112   [8]  03 03 77 77 04 04 04 04
  can0  101   [8]  C0 1F 00 00 00 00 00 11
  can0  103   [8]  00 00 00 00 00 00 00 00
  can0  113   [8]  D5 2F 0A 00 16 49 0A 00
  can0  114   [8]  00 00 00 00 00 00 80 00
  can0  115   [8]  00 00 00 00 00 00 00 00
  can0  116   [8]  00 08 00 08 00 00 00 00
  can0  100   [8]  63 9E 64 9C 64 9C 77 33
  can0  102   [8]  00 00 00 00 FF 00 00 00
  can0  110   [8]  00 00 00 00 00 00 00 00
  can0  111   [8]  91 09 02 00 00 00 00 00
  can0  112   [8]  03 03 77 77 04 04 04 04
  can0  101   [8]  4A 20 00 00 00 00 00 11
  can0  103   [8]  00 00 00 00 00 00 00 00
  can0  113   [8]  D5 2F 0A 00 1B 49 0A 00
  can0  114   [8]  00 00 00 00 00 00 80 00
  can0  115   [8]  00 00 00 00 00 00 00 00
  can0  116   [8]  00 08 00 08 00 00 00 00
  can0  100   [8]  3E 9F 64 9C 64 9C 77 33
  can0  102   [8]  00 00 00 00 FF 00 00 00
  can0  110   [8]  00 00 00 00 00 00 00 00
  can0  111   [8]  92 09 02 00 00 00 00 00
  can0  112   [8]  03 03 77 77 04 04 04 04
  can0  101   [8]  17 21 00 00 00 00 00 11
  can0  103   [8]  00 00 00 00 00 00 00 00
  can0  113   [8]  DA 2F 0A 00 20 49 0A 00
  can0  114   [8]  00 00 00 00 00 00 80 00
  can0  115   [8]  00 00 00 00 00 00 00 00
  can0  116   [8]  00 08 00 08 00 00 00 00
  can0  100   [8]  B4 A0 64 9C 64 9C 77 33
  can0  102   [8]  00 00 00 00 FF 00 00 00
  can0  110   [8]  00 00 00 00 00 00 00 00
  can0  111   [8]  93 09 02 00 00 00 00 00
  can0  112   [8]  03 03 77 77 04 04 04 04
  can0  101   [8]  F0 22 00 00 00 00 00 11
  can0  103   [8]  00 00 00 00 00 00 00 00
  can0  113   [8]  DF 2F 0A 00 25 49 0A 00
  can0  114   [8]  00 00 00 00 00 00 80 00
  can0  115   [8]  00 00 00 00 00 00 00 00
  can0  116   [8]  00 08 00 08 00 00 00 00
  can0  100   [8]  E9 A1 64 9C 64 9C 77 33
  can0  102   [8]  00 00 00 00 FF 00 00 00
  can0  110   [8]  00 00 00 00 00 00 00 00
  can0  111   [8]  94 09 02 00 00 00 00 00
  can0  112   [8]  03 03 77 77 04 04 04 04
  can0  101   [8]  AD 23 00 00 00 00 00 11
  can0  103   [8]  00 00 00 00 00 00 00 00
  can0  113   [8]  E4 2F 0A 00 2A 49 0A 00
  can0  114   [8]  00 00 00 00 00 00 80 00
  can0  115   [8]  00 00 00 00 00 00 00 00
  can0  116   [8]  00 08 00 08 00 00 00 00
  can0  610   [8]  0A D7 13 BF 71 3D AA 3E
  can0  611   [4]  66 66 F6 3E
  can0  630   [1]  F0
  can0  402   [8]  02 00 17 15 FF 2C 00 10
  can0  404   [8]  03 00 00 00 00 00 00 00
  can0  403   [8]  02 01 2C 1F 3C 34 00 00
  can0  405   [8]  03 01 00 00 00 00 00 00
  can0  100   [8]  0E A2 64 9C 64 9C 77 33
  can0  102   [8]  00 00 00 00 FF 00 00 00
  can0  110   [8]  00 00 00 00 00 00 00 00
  can0  111   [8]  95 09 02 00 00 00 00 00
  can0  112   [8]  03 03 77 77 04 04 04 04
  can0  113   [8]  E9 2F 0A 00 2F 49 0A 00
  can0  101   [8]  23 24 00 00 00 00 00 11
  can0  103   [8]  00 00 00 00 00 00 00 00
  can0  114   [8]  00 00 00 00 00 00 80 00
  can0  115   [8]  00 00 00 00 00 00 00 00
  can0  116   [8]  00 08 00 08 00 00 00 00
  can0  100   [8]  53 A3 64 9C 64 9C 77 33
  can0  102   [8]  00 00 00 00 FF 00 00 00
  can0  110   [8]  00 00 00 00 00 00 00 00
  can0  111   [8]  96 09 02 00 00 00 00 00
  can0  112   [8]  03 03 77 77 04 04 04 04
  can0  101   [8]  7E 25 00 00 00 00 00 11
  can0  103   [8]  00 00 00 00 00 00 00 00
  can0  113   [8]  EE 2F 0A 00 34 49 0A 00
  can0  114   [8]  00 00 00 00 00 00 80 00
  can0  115   [8]  00 00 00 00 00 00 00 00
  can0  116   [8]  00 08 00 08 00 00 00 00
  can0  100   [8]  DD A4 64 9C 64 9C 77 33
  can0  102   [8]  00 00 00 00 FF 00 00 00
  can0  110   [8]  00 00 00 00 00 00 00 00
  can0  111   [8]  97 09 02 00 00 00 00 00
  can0  112   [8]  03 03 77 77 04 04 04 04
  can0  101   [8]  99 26 00 00 00 00 00 11
  can0  103   [8]  00 00 00 00 00 00 00 00
  can0  113   [8]  F3 2F 0A 00 39 49 0A 00
  can0  114   [8]  00 00 00 00 00 00 80 00
  can0  115   [8]  00 00 00 00 00 00 00 00
  can0  116   [8]  00 08 00 08 00 00 00 00
  can0  100   [8]  80 A5 64 9C 64 9C 77 33
  can0  102   [8]  00 00 00 00 FF 00 00 00
  can0  110   [8]  00 00 00 00 00 00 00 00
  can0  111   [8]  98 09 02 00 00 00 00 00
  can0  112   [8]  03 03 77 77 04 04 04 04
  can0  101   [8]  C4 27 00 00 00 00 00 11
  can0  103   [8]  00 00 00 00 00 00 00 00
  can0  113   [8]  F8 2F 0A 00 3E 49 0A 00
  can0  114   [8]  00 00 00 00 00 00 80 00
  can0  115   [8]  00 00 00 00 00 00 00 00
  can0  116   [8]  00 08 00 08 00 00 00 00
  can0  100   [8]  67 A6 64 9C 64 9C 77 33
  can0  102   [8]  00 00 00 00 FF 00 00 00
  can0  110   [8]  00 00 00 00 00 00 00 00
  can0  111   [8]  99 09 02 00 00 00 00 00
  can0  112   [8]  03 03 77 77 04 04 04 04
  can0  101   [8]  98 28 00 00 00 00 00 11
  can0  103   [8]  00 00 00 00 00 00 00 00
  can0  113   [8]  FD 2F 0A 00 43 49 0A 00
  can0  114   [8]  00 00 00 00 00 00 80 00
  can0  115   [8]  00 00 00 00 00 00 00 00
  can0  116   [8]  00 08 00 08 00 00 00 00
  can0  600   [8]  EC FF F0 FF FA 00 01 03
  can0  601   [6]  12 00 F9 FF 86 01
  can0  630   [1]  F0
  can0  100   [8]  3A A7 64 9C 64 9C 77 33
  can0  102   [8]  00 00 00 00 FF 00 00 00
  can0  110   [8]  00 00 00 00 00 00 00 00
  can0  111   [8]  9A 09 02 00 00 00 00 00
  can0  112   [8]  03 03 77 77 04 04 04 04
  can0  101   [8]  C5 29 00 00 00 00 00 11
  can0  103   [8]  00 00 00 00 00 00 00 00
  can0  113   [8]  02 30 0A 00 48 49 0A 00
  can0  114   [8]  00 00 00 00 00 00 80 00
  can0  115   [8]  00 00 00 00 00 00 00 00
  can0  116   [8]  00 08 00 08 00 00 00 00
  can0  100   [8]  66 A8 64 9C 64 9C 77 33
  can0  102   [8]  00 00 00 00 FF 00 00 00
  can0  110   [8]  00 00 00 00 00 00 00 00
  can0  111   [8]  9B 09 02 00 00 00 00 00
  can0  112   [8]  03 03 77 77 04 04 04 04
  can0  101   [8]  22 2A 00 00 00 00 00 11
  can0  103   [8]  00 00 00 00 00 00 00 00
  can0  113   [8]  07 30 0A 00 4D 49 0A 00
  can0  114   [8]  00 00 00 00 00 00 80 00
  can0  115   [8]  00 00 00 00 00 00 00 00
  can0  116   [8]  00 08 00 08 00 00 00 00
  can0  100   [8]  3B A9 64 9C 64 9C 77 33
  can0  102   [8]  00 00 00 00 FF 00 00 00
  can0  110   [8]  00 00 00 00 00 00 00 00
  can0  111   [8]  9C 09 02 00 00 00 00 00
  can0  112   [8]  03 03 77 77 04 04 04 04
  can0  101   [8]  7F 2B 00 00 00 00 00 11
  can0  103   [8]  00 00 00 00 00 00 00 00
  can0  113   [8]  0C 30 0A 00 52 49 0A 00
  can0  114   [8]  00 00 00 00 00 00 80 00
  can0  115   [8]  00 00 00 00 00 00 00 00
  can0  116   [8]  00 08 00 08 00 00 00 00
  can0  620   [3]  02 00 01
  can0  621   [8]  00 00 00 00 00 00 00 00
  can0  622   [7]  00 00 00 00 00 00 00
  can0  623   [7]  00 00 00 00 00 00 00
  can0  624   [4]  00 00 00 00
  can0  625   [8]  E1 FA C7 42 E1 FA C7 42
  can0  626   [4]  E1 FA C7 42
  can0  627   [6]  00 00 00 00 00 00
  can0  100   [8]  DC AA 64 9C 64 9C 77 33
  can0  102   [8]  00 00 00 00 FF 00 00 00
  can0  110   [8]  00 00 00 00 00 00 00 00
  can0  111   [8]  9D 09 02 00 00 00 00 00
  can0  112   [8]  03 03 77 77 04 04 04 04
  can0  101   [8]  F1 2C 00 00 00 00 00 11
  can0  103   [8]  00 00 00 00 00 00 00 00
  can0  113   [8]  11 30 0A 00 57 49 0A 00
  can0  114   [8]  00 00 00 00 00 00 80 00
  can0  115   [8]  00 00 00 00 00 00 00 00
  can0  116   [8]  00 08 00 08 00 00 00 00
  can0  100   [8]  81 AB 64 9C 64 9C 77 33
  can0  102   [8]  00 00 00 00 FF 00 00 00
  can0  110   [8]  00 00 00 00 00 00 00 00
  can0  111   [8]  9E 09 02 00 00 00 00 00
  can0  112   [8]  03 03 77 77 04 04 04 04
  can0  101   [8]  AC 2D 00 00 00 00 00 11
  can0  103   [8]  00 00 00 00 00 00 00 00
  can0  113   [8]  16 30 0A 00 5C 49 0A 00
  can0  114   [8]  00 00 00 00 00 00 80 00
  can0  115   [8]  00 00 00 00 00 00 00 00
  can0  116   [8]  00 08 00 08 00 00 00 00
  can0  610   [8]  E1 7A 64 BF 00 00 00 00
  can0  611   [4]  0A D7 93 3E
  can0  630   [1]  F0
  can0  100   [8]  0F AC 64 9C 64 9C 77 33
  can0  102   [8]  00 00 00 00 FF 00 00 00
  can0  110   [8]  00 00 00 00 00 00 00 00
  can0  111   [8]  9F 09 02 00 00 00 00 00
  can0  112   [8]  03 03 77 77 04 04 04 04
  can0  101   [8]  4B 2E 00 00 00 00 00 11
  can0  103   [8]  00 00 00 00 00 00 00 00
  can0  113   [8]  1B 30 0A 00 61 49 0A 00
  can0  114   [8]  00 00 00 00 00 00 80 00
  can0  115   [8]  00 00 00 00 00 00 00 00
  can0  116   [8]  00 08 00 08 00 00 00 00
  can0  100   [8]  52 AD 64 9C 64 9C 77 33
  can0  102   [8]  00 00 00 00 FF 00 00 00
  can0  110   [8]  00 00 00 00 00 00 00 00
  can0  111   [8]  A0 09 02 00 00 00 00 00
  can0  112   [8]  03 03 77 77 04 04 04 04
  can0  101   [8]  16 2F 00 00 00 00 00 11
  can0  103   [8]  00 00 00 00 00 00 00 00
  can0  113   [8]  20 30 0A 00 66 49 0A 00
  can0  114   [8]  00 00 00 00 00 00 80 00
  can0  115   [8]  00 00 00 00 00 00 00 00
  can0  116   [8]  00 08 00 08 00 00 00 00
  can0  100   [8]  B5 AE 64 9C 64 9C 77 33
  can0  102   [8]  00 00 00 00 FF 00 00 00
  can0  110   [8]  00 00 00 00 00 00 00 00
  can0  111   [8]  A1 09 02 00 00 00 00 00
  can0  112   [8]  03 03 77 77 04 04 04 04
  can0  101   [8]  F3 30 00 00 00 00 00 11
  can0  103   [8]  00 00 00 00 00 00 00 00
  can0  113   [8]  25 30 0A 00 6B 49 0A 00
  can0  114   [8]  00 00 00 00 00 00 80 00
  can0  115   [8]  00 00 00 00 00 00 00 00
  can0  116   [8]  00 08 00 08 00 00 00 00
  can0  100   [8]  E8 AF 64 9C 64 9C 77 33
  can0  102   [8]  00 00 00 00 FF 00 00 00
  can0  110   [8]  00 00 00 00 00 00 00 00
  can0  111   [8]  A2 09 02 00 00 00 00 00
  can0  112   [8]  03 03 77 77 04 04 04 04
  can0  101   [8]  AE 31 00 00 00 00 00 11
  can0  103   [8]  00 00 00 00 00 00 00 00
  can0  113   [8]  2A 30 0A 00 70 49 0A 00
  can0  114   [8]  00 00 00 00 00 00 80 00
  can0  115   [8]  00 00 00 00 00 00 00 00
  can0  116   [8]  00 08 00 08 00 00 00 00
  can0  100   [8]  0D B0 64 9C 64 9C 77 33
  can0  102   [8]  00 00 00 00 FF 00 00 00
  can0  110   [8]  00 00 00 00 00 00 00 00
  can0  111   [8]  A3 09 02 00 00 00 00 00
  can0  112   [8]  03 03 77 77 04 04 04 04
  can0  101   [8]  49 32 00 00 00 00 00 11
  can0  103   [8]  00 00 00 00 00 00 00 00
  can0  113   [8]  2F 30 0A 00 75 49 0A 00
  can0  114   [8]  00 00 00 00 00 00 80 00
  can0  115   [8]  00 00 00 00 00 00 00 00
  can0  116   [8]  00 08 00 08 00 00 00 00
  can0  630   [1]  F0
  can0  100   [8]  50 B1 64 9C 64 9C 77 33
  can0  102   [8]  00 00 00 00 FF 00 00 00
  can0  110   [8]  00 00 00 00 00 00 00 00
  can0  111   [8]  A4 09 02 00 00 00 00 00
  can0  112   [8]  03 03 77 77 04 04 04 04
  can0  101   [8]  14 33 00 00 00 00 00 11
  can0  103   [8]  00 00 00 00 00 00 00 00
  can0  113   [8]  34 30 0A 00 7A 49 0A 00
  can0  114   [8]  00 00 00 00 00 00 80 00
  can0  115   [8]  00 00 00 00 00 00 00 00
  can0  116   [8]  00 08 00 08 00 00 00 00
  can0  100   [8]  B7 B2 64 9C 64 9C 77 33
  can0  102   [8]  00 00 00 00 FF 00 00 00
  can0  110   [8]  00 00 00 00 00 00 00 00
  can0  111   [8]  A5 09 02 00 00 00 00 00
  can0  112   [8]  03 03 77 77 04 04 04 04
  can0  101   [8]  9A 34 00 00 00 00 00 11
  can0  103   [8]  00 00 00 00 00 00 00 00
  can0  113   [8]  39 30 0A 00 7F 49 0A 00
  can0  114   [8]  00 00 00 00 00 00 80 00
  can0  115   [8]  00 00 00 00 00 00 00 00
  can0  116   [8]  00 08 00 08 00 00 00 00
  can0  100   [8]  EA B3 64 9C 64 9C 77 33
  can0  102   [8]  00 00 00 00 FF 00 00 00
  can0  110   [8]  00 00 00 00 00 00 00 00
  can0  111   [8]  A6 09 02 00 00 00 00 00
  can0  112   [8]  03 03 77 77 04 04 04 04
  can0  101   [8]  C7 35 00 00 00 00 00 11
  can0  103   [8]  00 00 00 00 00 00 00 00
  can0  113   [8]  3E 30 0A 00 84 49 0A 00
  can0  114   [8]  00 00 00 00 00 00 80 00
  can0  115   [8]  00 00 00 00 00 00 00 00
  can0  116   [8]  00 08 00 08 00 00 00 00
  can0  100   [8]  64 B4 64 9C 64 9C 77 33
  can0  102   [8]  00 00 00 00 FF 00 00 00
  can0  110   [8]  00 00 00 00 00 00 00 00
  can0  111   [8]  A7 09 02 00 00 00 00 00
  can0  112   [8]  03 03 77 77 04 04 04 04
  can0  101   [8]  20 36 00 00 00 00 00 11
  can0  103   [8]  00 00 00 00 00 00 00 00
  can0  113   [8]  43 30 0A 00 89 49 0A 00
  can0  114   [8]  00 00 00 00 00 00 80 00
  can0  115   [8]  00 00 00 00 00 00 00 00
  can0  116   [8]  00 08 00 08 00 00 00 00
  can0  100   [8]  39 B5 64 9C 64 9C 77 33
  can0  102   [8]  00 00 00 00 FF 00 00 00
  can0  110   [8]  00 00 00 00 00 00 00 00
  can0  111   [8]  A8 09 02 00 00 00 00 00
  can0  112   [8]  03 03 77 77 04 04 04 04
  can0  101   [8]  7D 37 00 00 00 00 00 11
  can0  103   [8]  00 00 00 00 00 00 00 00
  can0  113   [8]  48 30 0A 00 8E 49 0A 00
  can0  114   [8]  00 00 00 00 00 00 80 00
  can0  115   [8]  00 00 00 00 00 00 00 00
  can0  116   [8]  00 08 00 08 00 00 00 00
  can0  600   [8]  EC FF F0 FF FB 00 02 03
  can0  601   [6]  15 00 FA FF 87 01
  can0  610   [8]  E1 7A 64 BF 00 00 00 00
  can0  611   [4]  0A D7 93 3E
  can0  630   [1]  F0
  can0  100   [8]  DE B6 64 9C 64 9C 77 33
  can0  102   [8]  00 00 00 00 FF 00 00 00
  can0  110   [8]  00 00 00 00 00 00 00 00
  can0  111   [8]  A9 09 02 00 00 00 00 00
  can0  112   [8]  03 03 77 77 04 04 04 04
  can0  101   [8]  21 38 00 00 00 00 00 11
  can0  103   [8]  00 00 00 00 00 00 00 00
  can0  113   [8]  4D 30 0A 00 93 49 0A 00
  can0  114   [8]  00 00 00 00 00 00 80 00
  can0  115   [8]  00 00 00 00 00 00 00 00
  can0  116   [8]  00 08 00 08 00 00 00 00
  can0  100   [8]  83 B7 64 9C 64 9C 77 33
  can0  102   [8]  00 00 00 00 FF 00 00 00
  can0  110   [8]  00 00 00 00 00 00 00 00
  can0  111   [8]  AA 09 02 00 00 00 00 00
  can0  112   [8]  03 03 77 77 04 04 04 04
  can0  101   [8]  7C 39 00 00 00 00 00 11
  can0  103   [8]  00 00 00 00 00 00 00 00
  can0  113   [8]  52 30 0A 00 98 49 0A 00
  can0  114   [8]  00 00 00 00 00 00 80 00
  can0  115   [8]  00 00 00 00 00 00 00 00
  can0  116   [8]  00 08 00 08 00 00 00 00
  can0  100   [8]  DF B8 64 9C 64 9C 77 33
  can0  102   [8]  00 00 00 00 FF 00 00 00
  can0  110   [8]  00 00 00 00 00 00 00 00
  can0  111   [8]  AB 09 02 00 00 00 00 00
  can0  112   [8]  03 03 77 77 04 04 04 04
  can0  101   [8]  9B 3A 00 00 00 00 00 11
  can0  103   [8]  00 00 00 00 00 00 00 00
  can0  113   [8]  57 30 0A 00 9D 49 0A 00
  can0  114   [8]  00 00 00 00 00 00 80 00
  can0  115   [8]  00 00 00 00 00 00 00 00
  can0  116   [8]  00 08 00 08 00 00 00 00
  can0  100   [8]  82 B9 64 9C 64 9C 77 33
  can0  102   [8]  00 00 00 00 FF 00 00 00
  can0  110   [8]  00 00 00 00 00 00 00 00
  can0  111   [8]  AC 09 02 00 00 00 00 00
  can0  112   [8]  03 03 77 77 04 04 04 04
  can0  101   [8]  C6 3B 00 00 00 00 00 11
  can0  103   [8]  00 00 00 00 00 00 00 00
  can0  113   [8]  5C 30 0A 00 A2 49 0A 00
  can0  114   [8]  00 00 00 00 00 00 80 00
  can0  115   [8]  00 00 00 00 00 00 00 00
  can0  116   [8]  00 08 00 08 00 00 00 00
  can0  100   [8]  65 BA 64 9C 64 9C 77 33
  can0  102   [8]  00 00 00 00 FF 00 00 00
  can0  110   [8]  00 00 00 00 00 00 00 00
  can0  111   [8]  AD 09 02 00 00 00 00 00
  can0  112   [8]  03 03 77 77 04 04 04 04
  can0  101   [8]  48 3C 00 00 00 00 00 11
  can0  103   [8]  00 00 00 00 00 00 00 00
  can0  113   [8]  61 30 0A 00 A7 49 0A 00
  can0  114   [8]  00 00 00 00 00 00 80 00
  can0  115   [8]  00 00 00 00 00 00 00 00
  can0  116   [8]  00 08 00 08 00 00 00 00
  can0  630   [1]  F0
  can0  100   [8]  38 BB 64 9C 64 9C 77 33
  can0  102   [8]  00 00 00 00 FF 00 00 00
  can0  110   [8]  00 00 00 00 00 00 00 00
  can0  111   [8]  AE 09 02 00 00 00 00 00
  can0  112   [8]  03 03 77 77 04 04 04 04
  can0  101   [8]  15 3D 00 00 00 00 00 11
  can0  103   [8]  00 00 00 00 00 00 00 00
  can0  113   [8]  66 30 0A 00 AC 49 0A 00
  can0  114   [8]  00 00 00 00 00 00 80 00
  can0  115   [8]  00 00 00 00 00 00 00 00
  can0  116   [8]  00 08 00 08 00 00 00 00
  can0  100   [8]  B6 BC 64 9C 64 9C 77 33
  can0  102   [8]  00 00 00 00 FF 00 00 00
  can0  110   [8]  00 00 00 00 00 00 00 00
  can0  111   [8]  AF 09 02 00 00 00 00 00
  can0  112   [8]  03 03 77 77 04 04 04 04
  can0  101   [8]  F2 3E 00 00 00 00 00 11
  can0  103   [8]  00 00 00 00 00 00 00 00
  can0  113   [8]  6B 30 0A 00 B1 49 0A 00
  can0  114   [8]  00 00 00 00 00 00 80 00
  can0  115   [8]  00 00 00 00 00 00 00 00
  can0  116   [8]  00 08 00 08 00 00 00 00
  can0  100   [8]  EB BD 64 9C 64 9C 77 33
  can0  102   [8]  00 00 00 00 FF 00 00 00
  can0  110   [8]  00 00 00 00 00 00 00 00
  can0  111   [8]  B0 09 02 00 00 00 00 00
  can0  112   [8]  03 03 77 77 04 04 04 04
  can0  101   [8]  AF 3F 00 00 00 00 00 11
  can0  103   [8]  00 00 00 00 00 00 00 00
  can0  113   [8]  70 30 0A 00 B6 49 0A 00
  can0  114   [8]  00 00 00 00 00 00 80 00
  can0  115   [8]  00 00 00 00 00 00 00 00
  can0  116   [8]  00 08 00 08 00 00 00 00
  can0  620   [3]  02 00 01
  can0  621   [8]  00 00 00 00 00 00 00 00
  can0  622   [7]  00 00 00 00 00 00 00
  can0  623   [7]  00 00 00 00 00 00 00
  can0  624   [4]  00 00 00 00
  can0  625   [8]  E1 FA C7 42 E1 FA C7 42
  can0  626   [4]  E1 FA C7 42
  can0  627   [6]  00 00 00 00 00 00
  can0  100   [8]  0C BE 64 9C 64 9C 77 33
  can0  102   [8]  00 00 00 00 FF 00 00 00
  can0  110   [8]  00 00 00 00 00 00 00 00
  can0  111   [8]  B1 09 02 00 00 00 00 00
  can0  112   [8]  03 03 77 77 04 04 04 04
  can0  101   [8]  FB 40 00 00 00 00 00 11
  can0  103   [8]  00 00 00 00 00 00 00 00
  can0  113   [8]  75 30 0A 00 BB 49 0A 00
  can0  114   [8]  00 00 00 00 00 00 80 00
  can0  115   [8]  00 00 00 00 00 00 00 00
  can0  116   [8]  00 08 00 08 00 00 00 00
  can0  101   [8]  A6 41 00 00 00 00 00 11
  can0  103   [8]  00 00 00 00 00 00 00 00
  can0  100   [8]  51 BF 64 9C 64 9C 77 33
  can0  102   [8]  00 00 00 00 FF 00 00 00
  can0  110   [8]  00 00 00 00 00 00 00 00
  can0  111   [8]  B2 09 02 00 00 00 00 00
  can0  112   [8]  03 03 77 77 04 04 04 04
  can0  113   [8]  7A 30 0A 00 C0 49 0A 00
  can0  114   [8]  00 00 00 00 00 00 80 00
  can0  115   [8]  00 00 00 00 00 00 00 00
  can0  116   [8]  00 08 00 08 00 00 00 00
  can0  610   [8]  33 33 33 BF EC 51 18 BE
  can0  611   [4]  66 66 F6 3E
  can0  630   [1]  F0
  can0  101   [8]  41 42 00 00 00 00 00 11
  can0  103   [8]  00 00 00 00 00 00 00 00
  can0  100   [8]  05 C0 64 9C 64 9C 77 33
  can0  102   [8]  00 00 00 00 FF 00 00 00
  can0  110   [8]  00 00 00 00 00 00 00 00
  can0  111   [8]  B3 09 02 00 00 00 00 00
  can0  112   [8]  03 03 77 77 04 04 04 04
  can0  113   [8]  7F 30 0A 00 C5 49 0A 00
  can0  114   [8]  00 00 00 00 00 00 80 00
  can0  115   [8]  00 00 00 00 00 00 00 00
  can0  116   [8]  00 08 00 08 00 00 00 00
  can0  101   [8]  1C 43 00 00 00 00 00 11
  can0  103   [8]  00 00 00 00 00 00 00 00
  can0  100   [8]  58 C1 64 9C 64 9C 77 33
  can0  102   [8]  00 00 00 00 FF 00 00 00
  can0  110   [8]  00 00 00 00 00 00 00 00
  can0  111   [8]  B4 09 02 00 00 00 00 00
  can0  112   [8]  03 03 77 77 04 04 04 04
  can0  113   [8]  84 30 0A 00 CA 49 0A 00
  can0  114   [8]  00 00 00 00 00 00 80 00
  can0  115   [8]  00 00 00 00 00 00 00 00
  can0  116   [8]  00 08 00 08 00 00 00 00
  can0  101   [8]  92 44 00 00 00 00 00 11
  can0  103   [8]  00 00 00 00 00 00 00 00
  can0  100   [8]  BF C2 64 9C 64 9C 77 33
  can0  102   [8]  00 00 00 00 FF 00 00 00
  can0  110   [8]  00 00 00 00 00 00 00 00
  can0  111   [8]  B5 09 02 00 00 00 00 00
  can0  112   [8]  03 03 77 77 04 04 04 04
  can0  113   [8]  89 30 0A 00 CF 49 0A 00
  can0  114   [8]  00 00 00 00 00 00 80 00
  can0  115   [8]  00 00 00 00 00 00 00 00
  can0  116   [8]  00 08 00 08 00 00 00 00
  can0  101   [8]  CF 45 00 00 00 00 00 11
  can0  103   [8]  00 00 00 00 00 00 00 00
  can0  100   [8]  E2 C3 64 9C 64 9C 77 33
  can0  102   [8]  00 00 00 00 FF 00 00 00
  can0  110   [8]  00 00 00 00 00 00 00 00
  can0  111   [8]  B6 09 02 00 00 00 00 00
  can0  112   [8]  03 03 77 77 04 04 04 04
  can0  113   [8]  8E 30 0A 00 D4 49 0A 00
  can0  114   [8]  00 00 00 00 00 00 80 00
  can0  115   [8]  00 00 00 00 00 00 00 00
  can0  116   [8]  00 08 00 08 00 00 00 00
  can0  101   [8]  28 46 00 00 00 00 00 11
  can0  103   [8]  00 00 00 00 00 00 00 00
  can0  100   [8]  6C C4 64 9C 64 9C 77 33
  can0  102   [8]  00 00 00 00 FF 00 00 00
  can0  110   [8]  00 00 00 00 00 00 00 00
  can0  111   [8]  B7 09 02 00 00 00 00 00
  can0  112   [8]  03 03 77 77 04 04 04 04
  can0  113   [8]  93 30 0A 00 D9 49 0A 00
  can0  114   [8]  00 00 00 00 00 00 80 00
  can0  115   [8]  00 00 00 00 00 00 00 00
  can0  116   [8]  00 08 00 08 00 00 00 00
  can0  600   [8]  ED FF F0 FF FB 00 02 03
  can0  601   [6]  13 00 FA FF 80 01
  can0  630   [1]  F0
  can0  101   [8]  75 47 00 00 00 00 00 11
  can0  103   [8]  00 00 00 00 00 00 00 00
  can0  100   [8]  31 C5 64 9C 64 9C 77 33
  can0  102   [8]  00 00 00 00 FF 00 00 00
  can0  110   [8]  00 00 00 00 00 00 00 00
  can0  111   [8]  B8 09 02 00 00 00 00 00
  can0  112   [8]  03 03 77 77 04 04 04 04
  can0  113   [8]  98 30 0A 00 DE 49 0A 00
  can0  114   [8]  00 00 00 00 00 00 80 00
  can0  115   [8]  00 00 00 00 00 00 00 00
  can0  116   [8]  00 08 00 08 00 00 00 00
  can0  101   [8]  29 48 00 00 00 00 00 11
  can0  103   [8]  00 00 00 00 00 00 00 00
  can0  100   [8]  D6 C6 64 9C 64 9C 77 33
  can0  102   [8]  00 00 00 00 FF 00 00 00
  can0  110   [8]  00 00 00 00 00 00 00 00
  can0  111   [8]  B9 09 02 00 00 00 00 00
  can0  112   [8]  03 03 77 77 04 04 04 04
  can0  113   [8]  9D 30 0A 00 E3 49 0A 00
  can0  114   [8]  00 00 00 00 00 00 80 00
  can0  115   [8]  00 00 00 00 00 00 00 00
  can0  116   [8]  00 08 00 08 00 00 00 00
  can0  101   [8]  74 49 00 00 00 00 00 11
  can0  103   [8]  00 00 00 00 00 00 00 00
  can0  100   [8]  8B C7 64 9C 64 9C 77 33
  can0  102   [8]  00 00 00 00 FF 00 00 00
  can0  110   [8]  00 00 00 00 00 00 00 00
  can0  111   [8]  BA 09 02 00 00 00 00 00
  can0  112   [8]  03 03 77 77 04 04 04 04
  can0  113   [8]  A2 30 0A 00 E8 49 0A 00
  can0  114   [8]  00 00 00 00 00 00 80 00
  can0  115   [8]  00 00 00 00 00 00 00 00
  can0  116   [8]  00 08 00 08 00 00 00 00
  can0  101   [8]  93 4A 00 00 00 00 00 11
  can0  103   [8]  00 00 00 00 00 00 00 00
  can0  100   [8]  D7 C8 64 9C 64 9C 77 33
  can0  102   [8]  00 00 00 00 FF 00 00 00
  can0  110   [8]  00 00 00 00 00 00 00 00
  can0  111   [8]  BB 09 02 00 00 00 00 00
  can0  112   [8]  03 03 77 77 04 04 04 04
  can0  113   [8]  A7 30 0A 00 ED 49 0A 00
  can0  114   [8]  00 00 00 00 00 00 80 00
  can0  115   [8]  00 00 00 00 00 00 00 00
  can0  116   [8]  00 08 00 08 00 00 00 00
  can0  101   [8]  CE 4B 00 00 00 00 00 11
  can0  103   [8]  00 00 00 00 00 00 00 00
  can0  100   [8]  8A C9 64 9C 64 9C 77 33
  can0  102   [8]  00 00 00 00 FF 00 00 00
  can0  110   [8]  00 00 00 00 00 00 00 00
  can0  111   [8]  BC 09 02 00 00 00 00 00
  can0  112   [8]  03 03 77 77 04 04 04 04
  can0  113   [8]  AC 30 0A 00 F2 49 0A 00
  can0  114   [8]  00 00 00 00 00 00 80 00
  can0  115   [8]  00 00 00 00 00 00 00 00
  can0  116   [8]  00 08 00 08 00 00 00 00
  can0  610   [8]  33 33 33 BF EC 51 18 BE
  can0  611   [4]  66 66 F6 3E
  can0  630   [1]  F0
  can0  402   [8]  02 00 17 15 FF 2C 00 10
  can0  404   [8]  03 00 00 00 00 00 00 00
  can0  405   [8]  03 01 00 00 00 00 00 00
  can0  403   [8]  02 01 2C 12 3C 34 00 00
  can0  101   [8]  40 4C 00 00 00 00 00 11
  can0  103   [8]  00 00 00 00 00 00 00 00
  can0  100   [8]  6D CA 64 9C 64 9C 77 33
  can0  102   [8]  00 00 00 00 FF 00 00 00
  can0  110   [8]  00 00 00 00 00 00 00 00
  can0  111   [8]  BD 09 02 00 00 00 00 00
  can0  112   [8]  03 03 77 77 04 04 04 04
  can0  113   [8]  B1 30 0A 00 F7 49 0A 00
  can0  114   [8]  00 00 00 00 00 00 80 00
  can0  115   [8]  00 00 00 00 00 00 00 00
  can0  116   [8]  00 08 00 08 00 00 00 00
  can0  101   [8]  1D 4D 00 00 00 00 00 11
  can0  103   [8]  00 00 00 00 00 00 00 00
  can0  100   [8]  30 CB 64 9C 64 9C 77 33
  can0  102   [8]  00 00 00 00 FF 00 00 00
  can0  110   [8]  00 00 00 00 00 00 00 00
  can0  111   [8]  BE 09 02 00 00 00 00 00
  can0  112   [8]  03 03 77 77 04 04 04 04
  can0  113   [8]  B6 30 0A 00 FC 49 0A 00
  can0  114   [8]  00 00 00 00 00 00 80 00
  can0  115   [8]  00 00 00 00 00 00 00 00
  can0  116   [8]  00 08 00 08 00 00 00 00
  can0  101   [8]  FA 4E 00 00 00 00 00 11
  can0  103   [8]  00 00 00 00 00 00 00 00
  can0  100   [8]  BE CC 64 9C 64 9C 77 33
  can0  102   [8]  00 00 00 00 FF 00 00 00
  can0  110   [8]  00 00 00 00 00 00 00 00
  can0  111   [8]  BF 09 02 00 00 00 00 00
  can0  112   [8]  03 03 77 77 04 04 04 04
  can0  113   [8]  BB 30 0A 00 01 4A 0A 00
  can0  114   [8]  00 00 00 00 00 00 80 00
  can0  115   [8]  00 00 00 00 00 00 00 00
  can0  116   [8]  00 08 00 08 00 00 00 00
  can0  101   [8]  A7 4F 00 00 00 00 00 11
  can0  103   [8]  00 00 00 00 00 00 00 00
  can0  100   [8]  E3 CD 64 9C 64 9C 77 33
  can0  102   [8]  00 00 00 00 FF 00 00 00
  can0  110   [8]  00 00 00 00 00 00 00 00
  can0  111   [8]  C0 09 02 00 00 00 00 00
  can0  112   [8]  03 03 77 77 04 04 04 04
  can0  113   [8]  C0 30 0A 00 06 4A 0A 00
  can0  114   [8]  00 00 00 00 00 00 80 00
  can0  115   [8]  00 00 00 00 00 00 00 00
  can0  116   [8]  00 08 00 08 00 00 00 00
  can0  101   [8]  42 50 00 00 00 00 00 11
  can0  103   [8]  00 00 00 00 00 00 00 00
  can0  100   [8]  04 CE 64 9C 64 9C 77 33
  can0  102   [8]  00 00 00 00 FF 00 00 00
  can0  110   [8]  00 00 00 00 00 00 00 00
  can0  111   [8]  C1 09 02 00 00 00 00 00
  can0  112   [8]  03 03 77 77 04 04 04 04
  can0  113   [8]  C5 30 0A 00 0B 4A 0A 00
  can0  114   [8]  00 00 00 00 00 00 80 00
  can0  115   [8]  00 00 00 00 00 00 00 00
  can0  116   [8]  00 08 00 08 00 00 00 00
  can0  630   [1]  F0
  can0  101   [8]  1F 51 00 00 00 00 00 11
  can0  103   [8]  00 00 00 00 00 00 00 00
  can0  100   [8]  59 CF 64 9C 64 9C 77 33
  can0  102   [8]  00 00 00 00 FF 00 00 00
  can0  110   [8]  00 00 00 00 00 00 00 00
  can0  111   [8]  C2 09 02 00 00 00 00 00
  can0  112   [8]  03 03 77 77 04 04 04 04
  can0  113   [8]  CA 30 0A 00 10 4A 0A 00
  can0  114   [8]  00 00 00 00 00 00 80 00
  can0  115   [8]  00 00 00 00 00 00 00 00
  can0  116   [8]  00 08 00 08 00 00 00 00
  can0  101   [8]  F8 52 00 00 00 00 00 11
  can0  103   [8]  00 00 00 00 00 00 00 00
  can0  100   [8]  BC D0 64 9C 64 9C 77 33
  can0  102   [8]  00 00 00 00 FF 00 00 00
  can0  110   [8]  00 00 00 00 00 00 00 00
  can0  111   [8]  C3 09 02 00 00 00 00 00
  can0  112   [8]  03 03 77 77 04 04 04 04
  can0  113   [8]  CF 30 0A 00 15 4A 0A 00
  can0  114   [8]  00 00 00 00 00 00 80 00
  can0  115   [8]  00 00 00 00 00 00 00 00
  can0  116   [8]  00 08 00 08 00 00 00 00
  can0  101   [8]  A5 53 00 00 00 00 00 11
  can0  103   [8]  00 00 00 00 00 00 00 00
  can0  100   [8]  E1 D1 64 9C 64 9C 77 33
  can0  102   [8]  00 00 00 00 FF 00 00 00
  can0  110   [8]  00 00 00 00 00 00 00 00
  can0  111   [8]  C4 09 02 00 00 00 00 00
  can0  112   [8]  03 03 77 77 04 04 04 04
  can0  113   [8]  D4 30 0A 00 1A 4A 0A 00
  can0  114   [8]  00 00 00 00 00 00 80 00
  can0  115   [8]  00 00 00 00 00 00 00 00
  can0  116   [8]  00 08 00 08 00 00 00 00
  can0  620   [3]  02 00 01
  can0  621   [8]  00 00 00 00 00 00 00 00
  can0  622   [7]  00 00 00 00 00 00 00
  can0  623   [7]  00 00 00 00 00 00 00
  can0  624   [4]  00 00 00 00
  can0  625   [8]  E1 FA C7 42 E1 FA C7 42
  can0  626   [4]  E1 FA C7 42
  can0  627   [6]  00 00 00 00 00 00
  can0  101   [8]  2B 54 00 00 00 00 00 11
  can0  103   [8]  00 00 00 00 00 00 00 00
  can0  100   [8]  06 D2 64 9C 64 9C 77 33
  can0  102   [8]  00 00 00 00 FF 00 00 00
  can0  110   [8]  00 00 00 00 00 00 00 00
  can0  111   [8]  C5 09 02 00 00 00 00 00
  can0  112   [8]  03 03 77 77 04 04 04 04
  can0  113   [8]  D9 30 0A 00 1F 4A 0A 00
  can0  114   [8]  00 00 00 00 00 00 80 00
  can0  115   [8]  00 00 00 00 00 00 00 00
  can0  116   [8]  00 08 00 08 00 00 00 00
  can0  640   [8]  2D 21 07 06 13 07 19 00
  can0  101   [8]  76 55 00 00 00 00 00 11
  can0  103   [8]  00 00 00 00 00 00 00 00
  can0  600   [8]  ED FF F1 FF FD 00 01 03
  can0  601   [6]  11 00 F9 FF 7E 01
  can0  610   [8]  D7 A3 40 BF 33 33 B3 BD
  can0  100   [8]  5B D3 64 9C 64 9C 77 33
  can0  102   [8]  00 00 00 00 FF 00 00 00
  can0  110   [8]  00 00 00 00 00 00 00 00
  can0  111   [8]  C6 09 02 00 00 00 00 00
  can0  112   [8]  03 03 77 77 04 04 04 04
  can0  113   [8]  DE 30 0A 00 24 4A 0A 00
  can0  114   [8]  00 00 00 00 00 00 80 00
  can0  115   [8]  00 00 00 00 00 00 00 00
  can0  116   [8]  00 08 00 08 00 00 00 00
  can0  611   [4]  EC 51 98 3E
  can0  630   [1]  F0
  can0  101   [8]  91 56 00 00 00 00 00 11
  can0  103   [8]  00 00 00 00 00 00 00 00
  can0  100   [8]  D5 D4 64 9C 64 9C 77 33
  can0  102   [8]  00 00 00 00 FF 00 00 00
  can0  110   [8]  00 00 00 00 00 00 00 00
  can0  111   [8]  C7 09 02 00 00 00 00 00
  can0  112   [8]  03 03 77 77 04 04 04 04
  can0  113   [8]  E3 30 0A 00 29 4A 0A 00
  can0  114   [8]  00 00 00 00 00 00 80 00
  can0  115   [8]  00 00 00 00 00 00 00 00
  can0  116   [8]  00 08 00 08 00 00 00 00
  can0  101   [8]  CC 57 00 00 00 00 00 11
  can0  103   [8]  00 00 00 00 00 00 00 00
  can0  100   [8]  88 D5 64 9C 64 9C 77 33
  can0  102   [8]  00 00 00 00 FF 00 00 00
  can0  110   [8]  00 00 00 00 00 00 00 00
  can0  111   [8]  C8 09 02 00 00 00 00 00
  can0  112   [8]  03 03 77 77 04 04 04 04
  can0  113   [8]  E8 30 0A 00 2E 4A 0A 00
  can0  114   [8]  00 00 00 00 00 00 80 00
  can0  115   [8]  00 00 00 00 00 00 00 00
  can0  116   [8]  00 08 00 08 00 00 00 00
  can0  101   [8]  90 58 00 00 00 00 00 11
  can0  103   [8]  00 00 00 00 00 00 00 00
  can0  100   [8]  6F D6 64 9C 64 9C 77 33
  can0  102   [8]  00 00 00 00 FF 00 00 00
  can0  110   [8]  00 00 00 00 00 00 00 00
  can0  111   [8]  C9 09 02 00 00 00 00 00
  can0  112   [8]  03 03 77 77 04 04 04 04
  can0  113   [8]  ED 30 0A 00 33 4A 0A 00
  can0  114   [8]  00 00 00 00 00 00 80 00
  can0  115   [8]  00 00 00 00 00 00 00 00
  can0  116   [8]  00 08 00 08 00 00 00 00
  can0  101   [8]  CD 59 00 00 00 00 00 11
  can0  103   [8]  00 00 00 00 00 00 00 00
  can0  100   [8]  32 D7 64 9C 64 9C 77 33
  can0  102   [8]  00 00 00 00 FF 00 00 00
  can0  110   [8]  00 00 00 00 00 00 00 00
  can0  111   [8]  CA 09 02 00 00 00 00 00
  can0  112   [8]  03 03 77 77 04 04 04 04
  can0  113   [8]  F2 30 0A 00 38 4A 0A 00
  can0  114   [8]  00 00 00 00 00 00 80 00
  can0  115   [8]  00 00 00 00 00 00 00 00
  can0  116   [8]  00 08 00 08 00 00 00 00
  can0  101   [8]  2A 5A 00 00 00 00 00 11
  can0  103   [8]  00 00 00 00 00 00 00 00
  can0  630   [1]  F0
  can0  100   [8]  6E D8 64 9C 64 9C 77 33
  can0  102   [8]  00 00 00 00 FF 00 00 00
  can0  110   [8]  00 00 00 00 00 00 00 00
  can0  111   [8]  CB 09 02 00 00 00 00 00
  can0  112   [8]  03 03 77 77 04 04 04 04
  can0  113   [8]  F7 30 0A 00 3D 4A 0A 00
  can0  114   [8]  00 00 00 00 00 00 80 00
  can0  115   [8]  00 00 00 00 00 00 00 00
  can0  116   [8]  00 08 00 08 00 00 00 00
  can0  101   [8]  77 5B 00 00 00 00 00 11
  can0  103   [8]  00 00 00 00 00 00 00 00
  can0  100   [8]  33 D9 64 9C 64 9C 77 33
  can0  102   [8]  00 00 00 00 FF 00 00 00
  can0  110   [8]  00 00 00 00 00 00 00 00
  can0  111   [8]  CC 09 02 00 00 00 00 00
  can0  112   [8]  03 03 77 77 04 04 04 04
  can0  113   [8]  FC 30 0A 00 42 4A 0A 00
  can0  114   [8]  00 00 00 00 00 00 80 00
  can0  115   [8]  00 00 00 00 00 00 00 00
  can0  116   [8]  00 08 00 08 00 00 00 00
  can0  101   [8]  F9 5C 00 00 00 00 00 11
  can0  103   [8]  00 00 00 00 00 00 00 00
  can0  100   [8]  D4 DA 64 9C 64 9C 77 33
  can0  102   [8]  00 00 00 00 FF 00 00 00
  can0  110   [8]  00 00 00 00 00 00 00 00
  can0  111   [8]  CD 09 02 00 00 00 00 00
  can0  112   [8]  03 03 77 77 04 04 04 04
  can0  113   [8]  01 31 0A 00 47 4A 0A 00
  can0  114   [8]  00 00 00 00 00 00 80 00
  can0  115   [8]  00 00 00 00 00 00 00 00
  can0  116   [8]  00 08 00 08 00 00 00 00
  can0  101   [8]  A4 5D 00 00 00 00 00 11
  can0  103   [8]  00 00 00 00 00 00 00 00
  can0  100   [8]  89 DB 64 9C 64 9C 77 33
  can0  102   [8]  00 00 00 00 FF 00 00 00
  can0  110   [8]  00 00 00 00 00 00 00 00
  can0  111   [8]  CE 09 02 00 00 00 00 00
  can0  112   [8]  03 03 77 77 04 04 04 04
  can0  113   [8]  06 31 0A 00 4C 4A 0A 00
  can0  114   [8]  00 00 00 00 00 00 80 00
  can0  115   [8]  00 00 00 00 00 00 00 00
  can0  116   [8]  00 08 00 08 00 00 00 00
  can0  101   [8]  43 5E 00 00 00 00 00 11
  can0  103   [8]  00 00 00 00 00 00 00 00
  can0  100   [8]  07 DC 64 9C 64 9C 77 33
  can0  102   [8]  00 00 00 00 FF 00 00 00
  can0  110   [8]  00 00 00 00 00 00 00 00
  can0  111   [8]  CF 09 02 00 00 00 00 00
  can0  112   [8]  03 03 77 77 04 04 04 04
  can0  113   [8]  0B 31 0A 00 51 4A 0A 00
  can0  114   [8]  00 00 00 00 00 00 80 00
  can0  115   [8]  00 00 00 00 00 00 00 00
  can0  116   [8]  00 08 00 08 00 00 00 00
  can0  101   [8]  1E 5F 00 00 00 00 00 11
  can0  103   [8]  00 00 00 00 00 00 00 00
  can0  610   [8]  D7 A3 40 BF 33 33 B3 BD
  can0  611   [4]  EC 51 98 3E
  can0  630   [1]  F0
  can0  100   [8]  5A DD 64 9C 64 9C 77 33
  can0  102   [8]  00 00 00 00 FF 00 00 00
  can0  110   [8]  00 00 00 00 00 00 00 00
  can0  111   [8]  D0 09 02 00 00 00 00 00
  can0  112   [8]  03 03 77 77 04 04 04 04
  can0  113   [8]  10 31 0A 00 56 4A 0A 00
  can0  114   [8]  00 00 00 00 00 00 80 00
  can0  115   [8]  00 00 00 00 00 00 00 00
  can0  116   [8]  00 08 00 08 00 00 00 00
  can0  101   [8]  94 60 00 00 00 00 00 11
  can0  103   [8]  00 00 00 00 00 00 00 00
  can0  100   [8]  BD DE 64 9C 64 9C 77 33
  can0  102   [8]  00 00 00 00 FF 00 00 00
  can0  110   [8]  00 00 00 00 00 00 00 00
  can0  111   [8]  D1 09 02 00 00 00 00 00
  can0  112   [8]  03 03 77 77 04 04 04 04
  can0  113   [8]  15 31 0A 00 5B 4A 0A 00
  can0  114   [8]  00 00 00 00 00 00 80 00
  can0  115   [8]  00 00 00 00 00 00 00 00
  can0  116   [8]  00 08 00 08 00 00 00 00
  can0  101   [8]  C9 61 00 00 00 00 00 11
  can0  103   [8]  00 00 00 00 00 00 00 00
  can0  100   [8]  E0 DF 64 9C 64 9C 77 33
  can0  102   [8]  00 00 00 00 FF 00 00 00
  can0  110   [8]  00 00 00 00 00 00 00 00
  can0  111   [8]  D2 09 02 00 00 00 00 00
  can0  112   [8]  03 03 77 77 04 04 04 04
  can0  113   [8]  1A 31 0A 00 60 4A 0A 00
  can0  114   [8]  00 00 00 00 00 00 80 00
  can0  115   [8]  00 00 00 00 00 00 00 00
  can0  116   [8]  00 08 00 08 00 00 00 00
  can0  101   [8]  2E 62 00 00 00 00 00 11
  can0  103   [8]  00 00 00 00 00 00 00 00
  can0  100   [8]  6A E0 64 9C 64 9C 77 33
  can0  102   [8]  00 00 00 00 FF 00 00 00
  can0  110   [8]  00 00 00 00 00 00 00 00
  can0  111   [8]  D3 09 02 00 00 00 00 00
  can0  112   [8]  03 03 77 77 04 04 04 04
  can0  113   [8]  1F 31 0A 00 65 4A 0A 00
  can0  114   [8]  00 00 00 00 00 00 80 00
  can0  115   [8]  00 00 00 00 00 00 00 00
  can0  116   [8]  00 08 00 08 00 00 00 00
  can0  101   [8]  73 63 00 00 00 00 00 11
  can0  103   [8]  00 00 00 00 00 00 00 00
  can0  100   [8]  37 E1 64 9C 64 9C 77 33
  can0  102   [8]  00 00 00 00 FF 00 00 00
  can0  110   [8]  00 00 00 00 00 00 00 00
  can0  111   [8]  D4 09 02 00 00 00 00 00
  can0  112   [8]  03 03 77 77 04 04 04 04
  can0  113   [8]  24 31 0A 00 6A 4A 0A 00
  can0  114   [8]  00 00 00 00 00 00 80 00
  can0  115   [8]  00 00 00 00 00 00 00 00
  can0  116   [8]  00 08 00 08 00 00 00 00
  can0  101   [8]  FD 64 00 00 00 00 00 11
  can0  103   [8]  00 00 00 00 00 00 00 00
  can0  600   [8]  EC FF EF FF FA 00 02 03
  can0  601   [6]  12 00 F9 FF 87 01
  can0  630   [1]  F0
  can0  100   [8]  D0 E2 64 9C 64 9C 77 33
  can0  102   [8]  00 00 00 00 FF 00 00 00
  can0  110   [8]  00 00 00 00 00 00 00 00
  can0  111   [8]  D5 09 02 00 00 00 00 00
  can0  112   [8]  03 03 77 77 04 04 04 04
  can0  113   [8]  29 31 0A 00 6F 4A 0A 00
  can0  114   [8]  00 00 00 00 00 00 80 00
  can0  115   [8]  00 00 00 00 00 00 00 00
  can0  116   [8]  00 08 00 08 00 00 00 00
  can0  101   [8]  A0 65 00 00 00 00 00 11
  can0  103   [8]  00 00 00 00 00 00 00 00
  can0  100   [8]  8D E3 64 9C 64 9C 77 33
  can0  102   [8]  00 00 00 00 FF 00 00 00
  can0  110   [8]  00 00 00 00 00 00 00 00
  can0  111   [8]  D6 09 02 00 00 00 00 00
  can0  112   [8]  03 03 77 77 04 04 04 04
  can0  113   [8]  2E 31 0A 00 74 4A 0A 00
  can0  114   [8]  00 00 00 00 00 00 80 00
  can0  115   [8]  00 00 00 00 00 00 00 00
  can0  116   [8]  00 08 00 08 00 00 00 00
  can0  101   [8]  47 66 00 00 00 00 00 11
  can0  103   [8]  00 00 00 00 00 00 00 00
  can0  100   [8]  03 E4 64 9C 64 9C 77 33
  can0  102   [8]  00 00 00 00 FF 00 00 00
  can0  110   [8]  00 00 00 00 00 00 00 00
  can0  111   [8]  D7 09 02 00 00 00 00 00
  can0  112   [8]  03 03 77 77 04 04 04 04
  can0  113   [8]  33 31 0A 00 79 4A 0A 00
  can0  114   [8]  00 00 00 00 00 00 80 00
  can0  115   [8]  00 00 00 00 00 00 00 00
  can0  116   [8]  00 08 00 08 00 00 00 00
  can0  101   [8]  1A 67 00 00 00 00 00 11
  can0  103   [8]  00 00 00 00 00 00 00 00
  can0  100   [8]  5E E5 64 9C 64 9C 77 33
  can0  102   [8]  00 00 00 00 FF 00 00 00
  can0  110   [8]  00 00 00 00 00 00 00 00
  can0  111   [8]  D8 09 02 00 00 00 00 00
  can0  112   [8]  03 03 77 77 04 04 04 04
  can0  113   [8]  38 31 0A 00 7E 4A 0A 00
  can0  114   [8]  00 00 00 00 00 00 80 00
  can0  115   [8]  00 00 00 00 00 00 00 00
  can0  116   [8]  00 08 00 08 00 00 00 00
  can0  620   [3]  02 00 01
  can0  621   [8]  00 00 00 00 00 00 00 00
  can0  622   [7]  00 00 00 00 00 00 00
  can0  623   [7]  00 00 00 00 00 00 00
  can0  624   [4]  00 00 00 00
  can0  101   [8]  46 68 00 00 00 00 00 11
  can0  625   [8]  E1 FA C7 42 E1 FA C7 42
  can0  626   [4]  E1 FA C7 42
  can0  627   [6]  00 00 00 00 00 00
  can0  103   [8]  00 00 00 00 00 00 00 00
  can0  100   [8]  B9 E6 64 9C 64 9C 77 33
  can0  102   [8]  00 00 00 00 FF 00 00 00
  can0  110   [8]  00 00 00 00 00 00 00 00
  can0  111   [8]  D9 09 02 00 00 00 00 00
  can0  112   [8]  03 03 77 77 04 04 04 04
  can0  113   [8]  3D 31 0A 00 83 4A 0A 00
  can0  114   [8]  00 00 00 00 00 00 80 00
  can0  115   [8]  00 00 00 00 00 00 00 00
  can0  116   [8]  00 08 00 08 00 00 00 00
  can0  101   [8]  1B 69 00 00 00 00 00 11
  can0  103   [8]  00 00 00 00 00 00 00 00
  can0  610   [8]  AE 47 21 BF 71 3D 2A BE
  can0  611   [4]  B8 1E C5 3E
  can0  630   [1]  F0
  can0  100   [8]  E4 E7 64 9C 64 9C 77 33
  can0  102   [8]  00 00 00 00 FF 00 00 00
  can0  110   [8]  00 00 00 00 00 00 00 00
  can0  111   [8]  DA 09 02 00 00 00 00 00
  can0  112   [8]  03 03 77 77 04 04 04 04
  can0  113   [8]  42 31 0A 00 88 4A 0A 00
  can0  114   [8]  00 00 00 00 00 00 80 00
  can0  115   [8]  00 00 00 00 00 00 00 00
  can0  116   [8]  00 08 00 08 00 00 00 00
  can0  101   [8]  FC 6A 00 00 00 00 00 11
  can0  103   [8]  00 00 00 00 00 00 00 00
  can0  100   [8]  B8 E8 64 9C 64 9C 77 33
  can0  102   [8]  00 00 00 00 FF 00 00 00
  can0  110   [8]  00 00 00 00 00 00 00 00
  can0  111   [8]  DB 09 02 00 00 00 00 00
  can0  112   [8]  03 03 77 77 04 04 04 04
  can0  113   [8]  47 31 0A 00 8D 4A 0A 00
  can0  114   [8]  00 00 00 00 00 00 80 00
  can0  115   [8]  00 00 00 00 00 00 00 00
  can0  116   [8]  00 08 00 08 00 00 00 00
  can0  101   [8]  A1 6B 00 00 00 00 00 11
  can0  103   [8]  00 00 00 00 00 00 00 00
  can0  100   [8]  E5 E9 64 9C 64 9C 77 33
  can0  102   [8]  00 00 00 00 FF 00 00 00
  can0  110   [8]  00 00 00 00 00 00 00 00
  can0  111   [8]  DC 09 02 00 00 00 00 00
  can0  112   [8]  03 03 77 77 04 04 04 04
  can0  113   [8]  4C 31 0A 00 92 4A 0A 00
  can0  114   [8]  00 00 00 00 00 00 80 00
  can0  115   [8]  00 00 00 00 00 00 00 00
  can0  116   [8]  00 08 00 08 00 00 00 00
  can0  101   [8]  2F 6C 00 00 00 00 00 11
  can0  103   [8]  00 00 00 00 00 00 00 00
  can0  100   [8]  02 EA 64 9C 64 9C 77 33
  can0  102   [8]  00 00 00 00 FF 00 00 00
  can0  110   [8]  00 00 00 00 00 00 00 00
  can0  111   [8]  DD 09 02 00 00 00 00 00
  can0  112   [8]  03 03 77 77 04 04 04 04
  can0  113   [8]  51 31 0A 00 97 4A 0A 00
  can0  114   [8]  00 00 00 00 00 00 80 00
  can0  115   [8]  00 00 00 00 00 00 00 00
  can0  116   [8]  00 08 00 08 00 00 00 00
  can0  101   [8]  72 6D 00 00 00 00 00 11
  can0  103   [8]  00 00 00 00 00 00 00 00
  can0  100   [8]  5F EB 64 9C 64 9C 77 33
  can0  102   [8]  00 00 00 00 FF 00 00 00
  can0  110   [8]  00 00 00 00 00 00 00 00
  can0  111   [8]  DE 09 02 00 00 00 00 00
  can0  112   [8]  03 03 77 77 04 04 04 04
  can0  113   [8]  56 31 0A 00 9C 4A 0A 00
  can0  114   [8]  00 00 00 00 00 00 80 00
  can0  115   [8]  00 00 00 00 00 00 00 00
  can0  116   [8]  00 08 00 08 00 00 00 00
  can0  101   [8]  95 6E 00 00 00 00 00 11
  can0  103   [8]  00 00 00 00 00 00 00 00
  can0  630   [1]  F0
  can0  100   [8]  D1 EC 64 9C 64 9C 77 33
  can0  102   [8]  00 00 00 00 FF 00 00 00
  can0  110   [8]  00 00 00 00 00 00 00 00
  can0  111   [8]  DF 09 02 00 00 00 00 00
  can0  112   [8]  03 03 77 77 04 04 04 04
  can0  113   [8]  5B 31 0A 00 A1 4A 0A 00
  can0  114   [8]  00 00 00 00 00 00 80 00
  can0  115   [8]  00 00 00 00 00 00 00 00
  can0  116   [8]  00 08 00 08 00 00 00 00
  can0  101   [8]  C8 6F 00 00 00 00 00 11
  can0  103   [8]  00 00 00 00 00 00 00 00
  can0  100   [8]  8C ED 64 9C 64 9C 77 33
  can0  102   [8]  00 00 00 00 FF 00 00 00
  can0  110   [8]  00 00 00 00 00 00 00 00
  can0  111   [8]  E0 09 02 00 00 00 00 00
  can0  112   [8]  03 03 77 77 04 04 04 04
  can0  113   [8]  60 31 0A 00 A6 4A 0A 00
  can0  114   [8]  00 00 00 00 00 00 80 00
  can0  115   [8]  00 00 00 00 00 00 00 00
  can0  116   [8]  00 08 00 08 00 00 00 00
  can0  101   [8]  2D 70 00 00 00 00 00 11
  can0  103   [8]  00 00 00 00 00 00 00 00
  can0  100   [8]  6B EE 64 9C 64 9C 77 33
  can0  102   [8]  00 00 00 00 FF 00 00 00
  can0  110   [8]  00 00 00 00 00 00 00 00
  can0  111   [8]  E1 09 02 00 00 00 00 00
  can0  112   [8]  03 03 77 77 04 04 04 04
  can0  113   [8]  65 31 0A 00 AB 4A 0A 00
  can0  114   [8]  00 00 00 00 00 00 80 00
  can0  115   [8]  00 00 00 00 00 00 00 00
  can0  116   [8]  00 08 00 08 00 00 00 00
  can0  101   [8]  70 71 00 00 00 00 00 11
  can0  103   [8]  00 00 00 00 00 00 00 00
  can0  100   [8]  36 EF 64 9C 64 9C 77 33
  can0  102   [8]  00 00 00 00 FF 00 00 00
  can0  110   [8]  00 00 00 00 00 00 00 00
  can0  111   [8]  E2 09 02 00 00 00 00 00
  can0  112   [8]  03 03 77 77 04 04 04 04
  can0  113   [8]  6A 31 0A 00 B0 4A 0A 00
  can0  114   [8]  00 00 00 00 00 00 80 00
  can0  115   [8]  00 00 00 00 00 00 00 00
  can0  116   [8]  00 08 00 08 00 00 00 00
  can0  101   [8]  97 72 00 00 00 00 00 11
  can0  103   [8]  00 00 00 00 00 00 00 00
  can0  100   [8]  D3 F0 64 9C 64 9C 77 33
  can0  102   [8]  00 00 00 00 FF 00 00 00
  can0  110   [8]  00 00 00 00 00 00 00 00
  can0  111   [8]  E3 09 02 00 00 00 00 00
  can0  112   [8]  03 03 77 77 04 04 04 04
  can0  113   [8]  6F 31 0A 00 B5 4A 0A 00
  can0  114   [8]  00 00 00 00 00 00 80 00
  can0  115   [8]  00 00 00 00 00 00 00 00
  can0  116   [8]  00 08 00 08 00 00 00 00
  can0  101   [8]  CA 73 00 00 00 00 00 11
  can0  103   [8]  00 00 00 00 00 00 00 00
  can0  600   [8]  ED FF F0 FF FB 00 02 03
  can0  601   [6]  12 00 F9 FF 87 01
  can0  610   [8]  AE 47 21 BF 71 3D 2A BE
  can0  100   [8]  8E F1 64 9C 64 9C 77 33
  can0  102   [8]  00 00 00 00 FF 00 00 00
  can0  110   [8]  00 00 00 00 00 00 00 00
  can0  111   [8]  E4 09 02 00 00 00 00 00
  can0  112   [8]  03 03 77 77 04 04 04 04
  can0  113   [8]  74 31 0A 00 BA 4A 0A 00
  can0  114   [8]  00 00 00 00 00 00 80 00
  can0  115   [8]  00 00 00 00 00 00 00 00
  can0  116   [8]  00 08 00 08 00 00 00 00
  can0  611   [4]  B8 1E C5 3E
  can0  630   [1]  F0
  can0  402   [8]  02 00 17 15 FF 2C 00 10
  can0  403   [8]  02 01 2C 12 3C 34 00 00
  can0  405   [8]  03 01 00 00 00 00 00 00
  can0  101   [8]  44 74 00 00 00 00 00 11
  can0  103   [8]  00 00 00 00 00 00 00 00
  can0  404   [8]  03 00 00 00 00 00 00 00
  can0  100   [8]  69 F2 64 9C 64 9C 77 33
  can0  102   [8]  00 00 00 00 FF 00 00 00
  can0  110   [8]  00 00 00 00 00 00 00 00
  can0  111   [8]  E5 09 02 00 00 00 00 00
  can0  112   [8]  03 03 77 77 04 04 04 04
  can0  113   [8]  79 31 0A 00 BF 4A 0A 00
  can0  114   [8]  00 00 00 00 00 00 80 00
  can0  115   [8]  00 00 00 00 00 00 00 00
  can0  116   [8]  00 08 00 08 00 00 00 00
  can0  101   [8]  19 75 00 00 00 00 00 11
  can0  103   [8]  00 00 00 00 00 00 00 00
  can0  100   [8]  34 F3 64 9C 64 9C 77 33
  can0  102   [8]  00 00 00 00 FF 00 00 00
  can0  110   [8]  00 00 00 00 00 00 00 00
  can0  111   [8]  E6 09 02 00 00 00 00 00
  can0  112   [8]  03 03 77 77 04 04 04 04
  can0  113   [8]  7E 31 0A 00 C4 4A 0A 00
  can0  114   [8]  00 00 00 00 00 00 80 00
  can0  115   [8]  00 00 00 00 00 00 00 00
  can0  116   [8]  00 08 00 08 00 00 00 00
  can0  101   [8]  FE 76 00 00 00 00 00 11
  can0  103   [8]  00 00 00 00 00 00 00 00
  can0  100   [8]  BA F4 64 9C 64 9C 77 33
  can0  102   [8]  00 00 00 00 FF 00 00 00
  can0  110   [8]  00 00 00 00 00 00 00 00
  can0  111   [8]  E7 09 02 00 00 00 00 00
  can0  112   [8]  03 03 77 77 04 04 04 04
  can0  113   [8]  83 31 0A 00 C9 4A 0A 00
  can0  114   [8]  00 00 00 00 00 00 80 00
  can0  115   [8]  00 00 00 00 00 00 00 00
  can0  116   [8]  00 08 00 08 00 00 00 00
  can0  101   [8]  A3 77 00 00 00 00 00 11
  can0  103   [8]  00 00 00 00 00 00 00 00
  can0  100   [8]  E7 F5 64 9C 64 9C 77 33
  can0  102   [8]  00 00 00 00 FF 00 00 00
  can0  110   [8]  00 00 00 00 00 00 00 00
  can0  111   [8]  E8 09 02 00 00 00 00 00
  can0  112   [8]  03 03 77 77 04 04 04 04
  can0  113   [8]  88 31 0A 00 CE 4A 0A 00
  can0  114   [8]  00 00 00 00 00 00 80 00
  can0  115   [8]  00 00 00 00 00 00 00 00
  can0  116   [8]  00 08 00 08 00 00 00 00
  can0  101   [8]  FF 78 00 00 00 00 00 11
  can0  103   [8]  00 00 00 00 00 00 00 00
  can0  630   [1]  F0
  can0  100   [8]  00 F6 64 9C 64 9C 77 33
  can0  102   [8]  00 00 00 00 FF 00 00 00
  can0  110   [8]  00 00 00 00 00 00 00 00
  can0  111   [8]  E9 09 02 00 00 00 00 00
  can0  112   [8]  03 03 77 77 04 04 04 04
  can0  113   [8]  8D 31 0A 00 D3 4A 0A 00
  can0  114   [8]  00 00 00 00 00 00 80 00
  can0  115   [8]  00 00 00 00 00 00 00 00
  can0  116   [8]  00 08 00 08 00 00 00 00
  can0  101   [8]  A2 79 00 00 00 00 00 11
  can0  103   [8]  00 00 00 00 00 00 00 00
  can0  100   [8]  5D F7 64 9C 64 9C 77 33
  can0  102   [8]  00 00 00 00 FF 00 00 00
  can0  110   [8]  00 00 00 00 00 00 00 00
  can0  111   [8]  EA 09 02 00 00 00 00 00
  can0  112   [8]  03 03 77 77 04 04 04 04
  can0  113   [8]  92 31 0A 00 D8 4A 0A 00
  can0  114   [8]  00 00 00 00 00 00 80 00
  can0  115   [8]  00 00 00 00 00 00 00 00
  can0  116   [8]  00 08 00 08 00 00 00 00
  can0  101   [8]  45 7A 00 00 00 00 00 11
  can0  103   [8]  00 00 00 00 00 00 00 00
  can0  100   [8]  01 F8 64 9C 64 9C 77 33
  can0  102   [8]  00 00 00 00 FF 00 00 00
  can0  110   [8]  00 00 00 00 00 00 00 00
  can0  111   [8]  EB 09 02 00 00 00 00 00
  can0  112   [8]  03 03 77 77 04 04 04 04
  can0  113   [8]  97 31 0A 00 DD 4A 0A 00
  can0  114   [8]  00 00 00 00 00 00 80 00
  can0  115   [8]  00 00 00 00 00 00 00 00
  can0  116   [8]  00 08 00 08 00 00 00 00
  can0  101   [8]  18 7B 00 00 00 00 00 11
  can0  103   [8]  00 00 00 00 00 00 00 00
  can0  620   [3]  02 00 01
  can0  100   [8]  5C F9 64 9C 64 9C 77 33
  can0  102   [8]  00 00 00 00 FF 00 00 00
  can0  110   [8]  00 00 00 00 00 00 00 00
  can0  111   [8]  EC 09 02 00 00 00 00 00
  can0  112   [8]  03 03 77 77 04 04 04 04
  can0  113   [8]  9C 31 0A 00 E2 4A 0A 00
  can0  114   [8]  00 00 00 00 00 00 80 00
  can0  115   [8]  00 00 00 00 00 00 00 00
  can0  116   [8]  00 08 00 08 00 00 00 00
  can0  621   [8]  00 00 00 00 00 00 00 00
  can0  622   [7]  00 00 00 00 00 00 00
  can0  623   [7]  00 00 00 00 00 00 00
  can0  624   [4]  00 00 00 00
  can0  625   [8]  E1 FA C7 42 E1 FA C7 42
  can0  626   [4]  E1 FA C7 42
  can0  627   [6]  00 00 00 00 00 00
  can0  101   [8]  96 7C 00 00 00 00 00 11
  can0  103   [8]  00 00 00 00 00 00 00 00
  can0  100   [8]  BB FA 64 9C 64 9C 77 33
  can0  102   [8]  00 00 00 00 FF 00 00 00
  can0  110   [8]  00 00 00 00 00 00 00 00
  can0  111   [8]  ED 09 02 00 00 00 00 00
  can0  112   [8]  03 03 77 77 04 04 04 04
  can0  113   [8]  A1 31 0A 00 E7 4A 0A 00
  can0  114   [8]  00 00 00 00 00 00 80 00
  can0  115   [8]  00 00 00 00 00 00 00 00
  can0  116   [8]  00 08 00 08 00 00 00 00
  can0  101   [8]  CB 7D 00 00 00 00 00 11
  can0  103   [8]  00 00 00 00 00 00 00 00
  can0  610   [8]  E1 7A E4 BE 85 EB 71 BE
  can0  611   [4]  5C 8F 1A 3F
  can0  630   [1]  F0
  can0  100   [8]  E6 FB 64 9C 64 9C 77 33
  can0  102   [8]  00 00 00 00 FF 00 00 00
  can0  110   [8]  00 00 00 00 00 00 00 00
  can0  111   [8]  EE 09 02 00 00 00 00 00
  can0  112   [8]  03 03 77 77 04 04 04 04
  can0  113   [8]  A6 31 0A 00 EC 4A 0A 00
  can0  114   [8]  00 00 00 00 00 00 80 00
  can0  115   [8]  00 00 00 00 00 00 00 00
  can0  116   [8]  00 08 00 08 00 00 00 00
  can0  101   [8]  2C 7E 00 00 00 00 00 11
  can0  103   [8]  00 00 00 00 00 00 00 00
  can0  100   [8]  68 FC 64 9C 64 9C 77 33
  can0  102   [8]  00 00 00 00 FF 00 00 00
  can0  110   [8]  00 00 00 00 00 00 00 00
  can0  111   [8]  EF 09 02 00 00 00 00 00
  can0  112   [8]  03 03 77 77 04 04 04 04
  can0  113   [8]  AB 31 0A 00 F1 4A 0A 00
  can0  114   [8]  00 00 00 00 00 00 80 00
  can0  115   [8]  00 00 00 00 00 00 00 00
  can0  116   [8]  00 08 00 08 00 00 00 00
  can0  101   [8]  71 7F 00 00 00 00 00 11
  can0  103   [8]  00 00 00 00 00 00 00 00
  can0  100   [8]  35 FD 64 9C 64 9C 77 33
  can0  102   [8]  00 00 00 00 FF 00 00 00
  can0  110   [8]  00 00 00 00 00 00 00 00
  can0  111   [8]  F0 09 02 00 00 00 00 00
  can0  112   [8]  03 03 77 77 04 04 04 04
  can0  113   [8]  B0 31 0A 00 F6 4A 0A 00
  can0  114   [8]  00 00 00 00 00 00 80 00
  can0  115   [8]  00 00 00 00 00 00 00 00
  can0  116   [8]  00 08 00 08 00 00 00 00
  can0  101   [8]  84 80 00 00 00 00 00 11
  can0  103   [8]  00 00 00 00 00 00 00 00
  can0  100   [8]  D2 FE 64 9C 64 9C 77 33
  can0  102   [8]  00 00 00 00 FF 00 00 00
  can0  110   [8]  00 00 00 00 00 00 00 00
  can0  111   [8]  F1 09 02 00 00 00 00 00
  can0  112   [8]  03 03 77 77 04 04 04 04
  can0  113   [8]  B5 31 0A 00 FB 4A 0A 00
  can0  114   [8]  00 00 00 00 00 00 80 00
  can0  115   [8]  00 00 00 00 00 00 00 00
  can0  116   [8]  00 08 00 08 00 00 00 00
  can0  101   [8]  D9 81 00 00 00 00 00 11
  can0  103   [8]  00 00 00 00 00 00 00 00
  can0  100   [8]  8F FF 64 9C 64 9C 77 33
  can0  102   [8]  00 00 00 00 FF 00 00 00
  can0  110   [8]  00 00 00 00 00 00 00 00
  can0  111   [8]  F2 09 02 00 00 00 00 00
  can0  112   [8]  03 03 77 77 04 04 04 04
  can0  113   [8]  BA 31 0A 00 00 4B 0A 00
  can0  114   [8]  00 00 00 00 00 00 80 00
  can0  115   [8]  00 00 00 00 00 00 00 00
  can0  116   [8]  00 08 00 08 00 00 00 00
  can0  101   [8]  3E 82 00 00 00 00 00 11
  can0  103   [8]  00 00 00 00 00 00 00 00
  can0  600   [8]  EC FF F1 FF FC 00 02 03
  can0  601   [6]  13 00 F8 FF 84 01
  can0  630   [1]  F0
  can0  100   [8]  7A 00 64 9C 64 9C 77 33
  can0  102   [8]  00 00 00 00 FF 00 00 00
  can0  110   [8]  00 00 00 00 00 00 00 00
  can0  111   [8]  F3 09 02 00 00 00 00 00
  can0  112   [8]  03 03 77 77 04 04 04 04
  can0  113   [8]  BF 31 0A 00 05 4B 0A 00
  can0  114   [8]  00 00 00 00 00 00 80 00
  can0  115   [8]  00 00 00 00 00 00 00 00
  can0  116   [8]  00 08 00 08 00 00 00 00
  can0  101   [8]  63 83 00 00 00 00 00 11
  can0  103   [8]  00 00 00 00 00 00 00 00
  can0  100   [8]  27 01 64 9C 64 9C 77 33
  can0  102   [8]  00 00 00 00 FF 00 00 00
  can0  110   [8]  00 00 00 00 00 00 00 00
  can0  111   [8]  F4 09 02 00 00 00 00 00
  can0  112   [8]  03 03 77 77 04 04 04 04
  can0  113   [8]  C4 31 0A 00 0A 4B 0A 00
  can0  114   [8]  00 00 00 00 00 00 80 00
  can0  115   [8]  00 00 00 00 00 00 00 00
  can0  116   [8]  00 08 00 08 00 00 00 00
  can0  101   [8]  ED 84 00 00 00 00 00 11
  can0  103   [8]  00 00 00 00 00 00 00 00
  can0  100   [8]  C0 02 64 9C 64 9C 77 33
  can0  102   [8]  00 00 00 00 FF 00 00 00
  can0  110   [8]  00 00 00 00 00 00 00 00
  can0  111   [8]  F5 09 02 00 00 00 00 00
  can0  112   [8]  03 03 77 77 04 04 04 04
  can0  113   [8]  C9 31 0A 00 0F 4B 0A 00
  can0  114   [8]  00 00 00 00 00 00 80 00
  can0  115   [8]  00 00 00 00 00 00 00 00
  can0  116   [8]  00 08 00 08 00 00 00 00
  can0  101   [8]  B0 85 00 00 00 00 00 11
  can0  103   [8]  00 00 00 00 00 00 00 00
  can0  100   [8]  9D 03 64 9C 64 9C 77 33
  can0  102   [8]  00 00 00 00 FF 00 00 00
  can0  110   [8]  00 00 00 00 00 00 00 00
  can0  111   [8]  F6 09 02 00 00 00 00 00
  can0  112   [8]  03 03 77 77 04 04 04 04
  can0  113   [8]  CE 31 0A 00 14 4B 0A 00
  can0  114   [8]  00 00 00 00 00 00 80 00
  can0  115   [8]  00 00 00 00 00 00 00 00
  can0  116   [8]  00 08 00 08 00 00 00 00
  can0  101   [8]  57 86 00 00 00 00 00 11
  can0  103   [8]  00 00 00 00 00 00 00 00
  can0  100   [8]  13 04 64 9C 64 9C 77 33
  can0  102   [8]  00 00 00 00 FF 00 00 00
  can0  110   [8]  00 00 00 00 00 00 00 00
  can0  111   [8]  F7 09 02 00 00 00 00 00
  can0  112   [8]  03 03 77 77 04 04 04 04
  can0  113   [8]  D3 31 0A 00 19 4B 0A 00
  can0  114   [8]  00 00 00 00 00 00 80 00
  can0  115   [8]  00 00 00 00 00 00 00 00
  can0  116   [8]  00 08 00 08 00 00 00 00
  can0  101   [8]  0A 87 00 00 00 00 00 11
  can0  103   [8]  00 00 00 00 00 00 00 00
  can0  610   [8]  E1 7A E4 BE 85 EB 71 BE
  can0  611   [4]  5C 8F 1A 3F
  can0  630   [1]  F0
  can0  100   [8]  4E 05 64 9C 64 9C 77 33
  can0  102   [8]  00 00 00 00 FF 00 00 00
  can0  110   [8]  00 00 00 00 00 00 00 00
  can0  111   [8]  F8 09 02 00 00 00 00 00
  can0  112   [8]  03 03 77 77 04 04 04 04
  can0  113   [8]  D8 31 0A 00 1E 4B 0A 00
  can0  114   [8]  00 00 00 00 00 00 80 00
  can0  115   [8]  00 00 00 00 00 00 00 00
  can0  116   [8]  00 08 00 08 00 00 00 00
  can0  101   [8]  56 88 00 00 00 00 00 11
  can0  103   [8]  00 00 00 00 00 00 00 00
  can0  100   [8]  A9 06 64 9C 64 9C 77 33
  can0  102   [8]  00 00 00 00 FF 00 00 00
  can0  110   [8]  00 00 00 00 00 00 00 00
  can0  111   [8]  F9 09 02 00 00 00 00 00
  can0  112   [8]  03 03 77 77 04 04 04 04
  can0  113   [8]  DD 31 0A 00 23 4B 0A 00
  can0  114   [8]  00 00 00 00 00 00 80 00
  can0  115   [8]  00 00 00 00 00 00 00 00
  can0  116   [8]  00 08 00 08 00 00 00 00
  can0  101   [8]  0B 89 00 00 00 00 00 11
  can0  103   [8]  00 00 00 00 00 00 00 00
  can0  100   [8]  F4 07 64 9C 64 9C 77 33
  can0  102   [8]  00 00 00 00 FF 00 00 00
  can0  110   [8]  00 00 00 00 00 00 00 00
  can0  111   [8]  FA 09 02 00 00 00 00 00
  can0  112   [8]  03 03 77 77 04 04 04 04
  can0  113   [8]  E2 31 0A 00 28 4B 0A 00
  can0  114   [8]  00 00 00 00 00 00 80 00
  can0  115   [8]  00 00 00 00 00 00 00 00
  can0  116   [8]  00 08 00 08 00 00 00 00
  can0  101   [8]  EC 8A 00 00 00 00 00 11
  can0  103   [8]  00 00 00 00 00 00 00 00
  can0  100   [8]  A8 08 64 9C 64 9C 77 33
  can0  102   [8]  00 00 00 00 FF 00 00 00
  can0  110   [8]  00 00 00 00 00 00 00 00
  can0  111   [8]  FB 09 02 00 00 00 00 00
  can0  112   [8]  03 03 77 77 04 04 04 04
  can0  113   [8]  E7 31 0A 00 2D 4B 0A 00
  can0  114   [8]  00 00 00 00 00 00 80 00
  can0  115   [8]  00 00 00 00 00 00 00 00
  can0  116   [8]  00 08 00 08 00 00 00 00
  can0  101   [8]  B1 8B 00 00 00 00 00 11
  can0  103   [8]  00 00 00 00 00 00 00 00
  can0  100   [8]  F5 09 64 9C 64 9C 77 33
  can0  102   [8]  00 00 00 00 FF 00 00 00
  can0  110   [8]  00 00 00 00 00 00 00 00
  can0  111   [8]  FC 09 02 00 00 00 00 00
  can0  112   [8]  03 03 77 77 04 04 04 04
  can0  113   [8]  EC 31 0A 00 32 4B 0A 00
  can0  114   [8]  00 00 00 00 00 00 80 00
  can0  115   [8]  00 00 00 00 00 00 00 00
  can0  116   [8]  00 08 00 08 00 00 00 00
  can0  101   [8]  3F 8C 00 00 00 00 00 11
  can0  103   [8]  00 00 00 00 00 00 00 00
  can0  630   [1]  F0
  can0  100   [8]  12 0A 64 9C 64 9C 77 33
  can0  102   [8]  00 00 00 00 FF 00 00 00
  can0  110   [8]  00 00 00 00 00 00 00 00
  can0  111   [8]  FD 09 02 00 00 00 00 00
  can0  112   [8]  03 03 77 77 04 04 04 04
  can0  113   [8]  F1 31 0A 00 37 4B 0A 00
  can0  114   [8]  00 00 00 00 00 00 80 00
  can0  115   [8]  00 00 00 00 00 00 00 00
  can0  116   [8]  00 08 00 08 00 00 00 00
  can0  101   [8]  62 8D 00 00 00 00 00 11
  can0  103   [8]  00 00 00 00 00 00 00 00
  can0  100   [8]  4F 0B 64 9C 64 9C 77 33
  can0  102   [8]  00 00 00 00 FF 00 00 00
  can0  110   [8]  00 00 00 00 00 00 00 00
  can0  111   [8]  FE 09 02 00 00 00 00 00
  can0  112   [8]  03 03 77 77 04 04 04 04
  can0  113   [8]  F6 31 0A 00 3C 4B 0A 00
  can0  114   [8]  00 00 00 00 00 00 80 00
  can0  115   [8]  00 00 00 00 00 00 00 00
  can0  116   [8]  00 08 00 08 00 00 00 00
  can0  101   [8]  85 8E 00 00 00 00 00 11
  can0  103   [8]  00 00 00 00 00 00 00 00
  can0  100   [8]  C1 0C 64 9C 64 9C 77 33
  can0  102   [8]  00 00 00 00 FF 00 00 00
  can0  110   [8]  00 00 00 00 00 00 00 00
  can0  111   [8]  FF 09 02 00 00 00 00 00
  can0  112   [8]  03 03 77 77 04 04 04 04
  can0  113   [8]  FB 31 0A 00 41 4B 0A 00
  can0  114   [8]  00 00 00 00 00 00 80 00
  can0  115   [8]  00 00 00 00 00 00 00 00
  can0  116   [8]  00 08 00 08 00 00 00 00
  can0  101   [8]  D8 8F 00 00 00 00 00 11
  can0  103   [8]  00 00 00 00 00 00 00 00
  can0  620   [3]  02 00 01
  can0  621   [8]  00 00 00 00 00 00 00 00
  can0  622   [7]  00 00 00 00 00 00 00
  can0  623   [7]  00 00 00 00 00 00 00
  can0  100   [8]  9C 0D 64 9C 64 9C 77 33
  can0  102   [8]  00 00 00 00 FF 00 00 00
  can0  110   [8]  00 00 00 00 00 00 00 00
  can0  111   [8]  00 0A 02 00 00 00 00 00
  can0  112   [8]  03 03 77 77 04 04 04 04
  can0  113   [8]  00 32 0A 00 46 4B 0A 00
  can0  114   [8]  00 00 00 00 00 00 80 00
  can0  115   [8]  00 00 00 00 00 00 00 00
  can0  116   [8]  00 08 00 08 00 00 00 00
  can0  624   [4]  00 00 00 00
  can0  101   [8]  3D 90 00 00 00 00 00 11
  can0  625   [8]  E1 FA C7 42 E1 FA C7 42
  can0  626   [4]  E1 FA C7 42
  can0  627   [6]  00 00 00 00 00 00
  can0  103   [8]  00 00 00 00 00 00 00 00
  can0  100   [8]  7B 0E 64 9C 64 9C 77 33
  can0  102   [8]  00 00 00 00 FF 00 00 00
  can0  110   [8]  00 00 00 00 00 00 00 00
  can0  111   [8]  01 0A 02 00 00 00 00 00
  can0  112   [8]  03 03 77 77 04 04 04 04
  can0  113   [8]  05 32 0A 00 4B 4B 0A 00
  can0  114   [8]  00 00 00 00 00 00 80 00
  can0  115   [8]  00 00 00 00 00 00 00 00
  can0  116   [8]  00 08 00 08 00 00 00 00
  can0  101   [8]  60 91 00 00 00 00 00 11
  can0  103   [8]  00 00 00 00 00 00 00 00
  can0  600   [8]  EC FF EF FF FA 00 02 03
  can0  601   [6]  13 00 FB FF 81 01
  can0  610   [8]  E1 7A 64 BF 29 5C 8F 3D
  can0  611   [4]  8F C2 A5 3E
  can0  630   [1]  F0
  can0  100   [8]  26 0F 64 9C 64 9C 77 33
  can0  102   [8]  00 00 00 00 FF 00 00 00
  can0  110   [8]  00 00 00 00 00 00 00 00
  can0  111   [8]  02 0A 02 00 00 00 00 00
  can0  112   [8]  03 03 77 77 04 04 04 04
  can0  113   [8]  0A 32 0A 00 50 4B 0A 00
  can0  114   [8]  00 00 00 00 00 00 80 00
  can0  115   [8]  00 00 00 00 00 00 00 00
  can0  116   [8]  00 08 00 08 00 00 00 00
  can0  101   [8]  87 92 00 00 00 00 00 11
  can0  103   [8]  00 00 00 00 00 00 00 00
  can0  100   [8]  C3 10 64 9C 64 9C 77 33
  can0  102   [8]  00 00 00 00 FF 00 00 00
  can0  110   [8]  00 00 00 00 00 00 00 00
  can0  111   [8]  03 0A 02 00 00 00 00 00
  can0  112   [8]  03 03 77 77 04 04 04 04
  can0  113   [8]  0F 32 0A 00 55 4B 0A 00
  can0  114   [8]  00 00 00 00 00 00 80 00
  can0  115   [8]  00 00 00 00 00 00 00 00
  can0  116   [8]  00 08 00 08 00 00 00 00
  can0  101   [8]  DA 93 00 00 00 00 00 11
  can0  103   [8]  00 00 00 00 00 00 00 00
  can0  100   [8]  9E 11 64 9C 64 9C 77 33
  can0  102   [8]  00 00 00 00 FF 00 00 00
  can0  110   [8]  00 00 00 00 00 00 00 00
  can0  111   [8]  04 0A 02 00 00 00 00 00
  can0  112   [8]  03 03 77 77 04 04 04 04
  can0  113   [8]  14 32 0A 00 5A 4B 0A 00
  can0  114   [8]  00 00 00 00 00 00 80 00
  can0  115   [8]  00 00 00 00 00 00 00 00
  can0  116   [8]  00 08 00 08 00 00 00 00
  can0  101   [8]  54 94 00 00 00 00 00 11
  can0  103   [8]  00 00 00 00 00 00 00 00
  can0  100   [8]  79 12 64 9C 64 9C 77 33
  can0  102   [8]  00 00 00 00 FF 00 00 00
  can0  110   [8]  00 00 00 00 00 00 00 00
  can0  111   [8]  05 0A 02 00 00 00 00 00
  can0  112   [8]  03 03 77 77 04 04 04 04
  can0  113   [8]  19 32 0A 00 5F 4B 0A 00
  can0  114   [8]  00 00 00 00 00 00 80 00
  can0  115   [8]  00 00 00 00 00 00 00 00
  can0  116   [8]  00 08 00 08 00 00 00 00
  can0  101   [8]  09 95 00 00 00 00 00 11
  can0  103   [8]  00 00 00 00 00 00 00 00
  can0  100   [8]  24 13 64 9C 64 9C 77 33
  can0  102   [8]  00 00 00 00 FF 00 00 00
  can0  110   [8]  00 00 00 00 00 00 00 00
  can0  111   [8]  06 0A 02 00 00 00 00 00
  can0  112   [8]  03 03 77 77 04 04 04 04
  can0  113   [8]  1E 32 0A 00 64 4B 0A 00
  can0  114   [8]  00 00 00 00 00 00 80 00
  can0  115   [8]  00 00 00 00 00 00 00 00
  can0  116   [8]  00 08 00 08 00 00 00 00
  can0  101   [8]  EE 96 00 00 00 00 00 11
  can0  103   [8]  00 00 00 00 00 00 00 00
  can0  630   [1]  F0
  can0  100   [8]  AA 14 64 9C 64 9C 77 33
  can0  102   [8]  00 00 00 00 FF 00 00 00
  can0  110   [8]  00 00 00 00 00 00 00 00
  can0  111   [8]  07 0A 02 00 00 00 00 00
  can0  112   [8]  03 03 77 77 04 04 04 04
  can0  113   [8]  23 32 0A 00 69 4B 0A 00
  can0  114   [8]  00 00 00 00 00 00 80 00
  can0  115   [8]  00 00 00 00 00 00 00 00
  can0  116   [8]  00 08 00 08 00 00 00 00
  can0  101   [8]  B3 97 00 00 00 00 00 11
  can0  103   [8]  00 00 00 00 00 00 00 00
  can0  100   [8]  F7 15 64 9C 64 9C 77 33
  can0  102   [8]  00 00 00 00 FF 00 00 00
  can0  110   [8]  00 00 00 00 00 00 00 00
  can0  111   [8]  08 0A 02 00 00 00 00 00
  can0  112   [8]  03 03 77 77 04 04 04 04
  can0  113   [8]  28 32 0A 00 6E 4B 0A 00
  can0  114   [8]  00 00 00 00 00 00 80 00
  can0  115   [8]  00 00 00 00 00 00 00 00
  can0  116   [8]  00 08 00 08 00 00 00 00
  can0  101   [8]  EF 98 00 00 00 00 00 11
  can0  103   [8]  00 00 00 00 00 00 00 00
  can0  100   [8]  10 16 64 9C 64 9C 77 33
  can0  102   [8]  00 00 00 00 FF 00 00 00
  can0  110   [8]  00 00 00 00 00 00 00 00
  can0  111   [8]  09 0A 02 00 00 00 00 00
  can0  112   [8]  03 03 77 77 04 04 04 04
  can0  113   [8]  2D 32 0A 00 73 4B 0A 00
  can0  114   [8]  00 00 00 00 00 00 80 00
  can0  115   [8]  00 00 00 00 00 00 00 00
  can0  116   [8]  00 08 00 08 00 00 00 00
  can0  101   [8]  B2 99 00 00 00 00 00 11
  can0  103   [8]  00 00 00 00 00 00 00 00
  can0  100   [8]  4D 17 64 9C 64 9C 77 33
  can0  102   [8]  00 00 00 00 FF 00 00 00
  can0  110   [8]  00 00 00 00 00 00 00 00
  can0  111   [8]  0A 0A 02 00 00 00 00 00
  can0  112   [8]  03 03 77 77 04 04 04 04
  can0  113   [8]  32 32 0A 00 78 4B 0A 00
  can0  114   [8]  00 00 00 00 00 00 80 00
  can0  115   [8]  00 00 00 00 00 00 00 00
  can0  116   [8]  00 08 00 08 00 00 00 00
  can0  101   [8]  55 9A 00 00 00 00 00 11
  can0  103   [8]  00 00 00 00 00 00 00 00
  can0  100   [8]  11 18 64 9C 64 9C 77 33
  can0  102   [8]  00 00 00 00 FF 00 00 00
  can0  110   [8]  00 00 00 00 00 00 00 00
  can0  111   [8]  0A 0A 02 00 00 00 00 00
  can0  112   [8]  03 03 77 77 04 04 04 04
  can0  113   [8]  32 32 0A 00 7D 4B 0A 00
  can0  114   [8]  00 00 00 00 00 00 80 00
  can0  115   [8]  00 00 00 00 00 00 00 00
  can0  116   [8]  00 08 00 08 00 00 00 00
  can0  101   [8]  08 9B 00 00 00 00 00 11
  can0  103   [8]  00 00 00 00 00 00 00 00
  can0  610   [8]  E1 7A 64 BF 29 5C 8F 3D
  can0  611   [4]  8F C2 A5 3E
  can0  630   [1]  F0
  can0  100   [8]  4C 19 64 9C 64 9C 77 33
  can0  102   [8]  00 00 00 00 FF 00 00 00
  can0  110   [8]  00 00 00 00 00 00 00 00
  can0  111   [8]  0B 0A 02 00 00 00 00 00
  can0  112   [8]  03 03 77 77 04 04 04 04
  can0  113   [8]  37 32 0A 00 82 4B 0A 00
  can0  114   [8]  00 00 00 00 00 00 80 00
  can0  115   [8]  00 00 00 00 00 00 00 00
  can0  116   [8]  00 08 00 08 00 00 00 00
  can0  402   [8]  02 00 17 15 FF 2C 00 10
  can0  101   [8]  86 9C 00 00 00 00 00 11
  can0  103   [8]  00 00 00 00 00 00 00 00
  can0  404   [8]  03 00 00 00 00 00 00 00
  can0  405   [8]  03 01 00 00 00 00 00 00
  can0  403   [8]  02 01 2C 1F 3C 34 00 00
  can0  100   [8]  AB 1A 64 9C 64 9C 77 33
  can0  102   [8]  00 00 00 00 FF 00 00 00
  can0  110   [8]  00 00 00 00 00 00 00 00
  can0  111   [8]  0D 0A 02 00 00 00 00 00
  can0  112   [8]  03 03 77 77 04 04 04 04
  can0  113   [8]  41 32 0A 00 87 4B 0A 00
  can0  114   [8]  00 00 00 00 00 00 80 00
  can0  115   [8]  00 00 00 00 00 00 00 00
  can0  116   [8]  00 08 00 08 00 00 00 00
  can0  101   [8]  DB 9D 00 00 00 00 00 11
  can0  103   [8]  00 00 00 00 00 00 00 00
  can0  100   [8]  F6 1B 64 9C 64 9C 77 33
  can0  102   [8]  00 00 00 00 FF 00 00 00
  can0  110   [8]  00 00 00 00 00 00 00 00
  can0  111   [8]  0D 0A 02 00 00 00 00 00
  can0  112   [8]  03 03 77 77 04 04 04 04
  can0  113   [8]  41 32 0A 00 8C 4B 0A 00
  can0  114   [8]  00 00 00 00 00 00 80 00
  can0  115   [8]  00 00 00 00 00 00 00 00
  can0  116   [8]  00 08 00 08 00 00 00 00
  can0  101   [8]  3C 9E 00 00 00 00 00 11
  can0  103   [8]  00 00 00 00 00 00 00 00
  can0  100   [8]  78 1C 64 9C 64 9C 77 33
  can0  102   [8]  00 00 00 00 FF 00 00 00
  can0  110   [8]  00 00 00 00 00 00 00 00
  can0  111   [8]  0E 0A 02 00 00 00 00 00
  can0  112   [8]  03 03 77 77 04 04 04 04
  can0  113   [8]  46 32 0A 00 91 4B 0A 00
  can0  114   [8]  00 00 00 00 00 00 80 00
  can0  115   [8]  00 00 00 00 00 00 00 00
  can0  116   [8]  00 08 00 08 00 00 00 00
  can0  101   [8]  61 9F 00 00 00 00 00 11
  can0  103   [8]  00 00 00 00 00 00 00 00
  can0  100   [8]  25 1D 64 9C 64 9C 77 33
  can0  102   [8]  00 00 00 00 FF 00 00 00
  can0  110   [8]  00 00 00 00 00 00 00 00
  can0  111   [8]  0F 0A 02 00 00 00 00 00
  can0  112   [8]  03 03 77 77 04 04 04 04
  can0  113   [8]  4B 32 0A 00 96 4B 0A 00
  can0  114   [8]  00 00 00 00 00 00 80 00
  can0  115   [8]  00 00 00 00 00 00 00 00
  can0  116   [8]  00 08 00 08 00 00 00 00
  can0  101   [8]  EB A0 00 00 00 00 00 11
  can0  103   [8]  00 00 00 00 00 00 00 00
  can0  600   [8]  ED FF F0 FF FA 00 01 03
  can0  601   [6]  14 00 FA FF 87 01
  can0  630   [1]  F0
  can0  100   [8]  C2 1E 64 9C 64 9C 77 33
  can0  102   [8]  00 00 00 00 FF 00 00 00
  can0  110   [8]  00 00 00 00 00 00 00 00
  can0  111   [8]  10 0A 02 00 00 00 00 00
  can0  112   [8]  03 03 77 77 04 04 04 04
  can0  113   [8]  50 32 0A 00 9B 4B 0A 00
  can0  114   [8]  00 00 00 00 00 00 80 00
  can0  115   [8]  00 00 00 00 00 00 00 00
  can0  116   [8]  00 08 00 08 00 00 00 00
  can0  101   [8]  B6 A1 00 00 00 00 00 11
  can0  103   [8]  00 00 00 00 00 00 00 00
  can0  100   [8]  9F 1F 64 9C 64 9C 77 33
  can0  102   [8]  00 00 00 00 FF 00 00 00
  can0  110   [8]  00 00 00 00 00 00 00 00
  can0  111   [8]  11 0A 02 00 00 00 00 00
  can0  112   [8]  03 03 77 77 04 04 04 04
  can0  113   [8]  55 32 0A 00 A0 4B 0A 00
  can0  114   [8]  00 00 00 00 00 00 80 00
  can0  115   [8]  00 00 00 00 00 00 00 00
  can0  116   [8]  00 08 00 08 00 00 00 00
  can0  101   [8]  51 A2 00 00 00 00 00 11
  can0  103   [8]  00 00 00 00 00 00 00 00
  can0  100   [8]  15 20 64 9C 64 9C 77 33
  can0  102   [8]  00 00 00 00 FF 00 00 00
  can0  110   [8]  00 00 00 00 00 00 00 00
  can0  111   [8]  12 0A 02 00 00 00 00 00
  can0  112   [8]  03 03 77 77 04 04 04 04
  can0  113   [8]  5A 32 0A 00 A5 4B 0A 00
  can0  114   [8]  00 00 00 00 00 00 80 00
  can0  115   [8]  00 00 00 00 00 00 00 00
  can0  116   [8]  00 08 00 08 00 00 00 00
  can0  101   [8]  0C A3 00 00 00 00 00 11
  can0  103   [8]  00 00 00 00 00 00 00 00
  can0  620   [3]  02 00 01
  can0  621   [8]  00 00 00 00 00 00 00 00
  can0  622   [7]  00 00 00 00 00 00 00
  can0  623   [7]  00 00 00 00 00 00 00
  can0  624   [4]  00 00 00 00
  can0  625   [8]  E1 FA C7 42 E1 FA C7 42
  can0  626   [4]  E1 FA C7 42
  can0  627   [6]  00 00 00 00 00 00
  can0  100   [8]  48 21 64 9C 64 9C 77 33
  can0  102   [8]  00 00 00 00 FF 00 00 00
  can0  110   [8]  00 00 00 00 00 00 00 00
  can0  111   [8]  13 0A 02 00 00 00 00 00
  can0  112   [8]  03 03 77 77 04 04 04 04
  can0  113   [8]  5F 32 0A 00 AA 4B 0A 00
  can0  114   [8]  00 00 00 00 00 00 80 00
  can0  115   [8]  00 00 00 00 00 00 00 00
  can0  116   [8]  00 08 00 08 00 00 00 00
  can0  101   [8]  82 A4 00 00 00 00 00 11
  can0  103   [8]  00 00 00 00 00 00 00 00
  can0  100   [8]  AF 22 64 9C 64 9C 77 33
  can0  102   [8]  00 00 00 00 FF 00 00 00
  can0  110   [8]  00 00 00 00 00 00 00 00
  can0  111   [8]  14 0A 02 00 00 00 00 00
  can0  112   [8]  03 03 77 77 04 04 04 04
  can0  113   [8]  64 32 0A 00 AF 4B 0A 00
  can0  114   [8]  00 00 00 00 00 00 80 00
  can0  115   [8]  00 00 00 00 00 00 00 00
  can0  116   [8]  00 08 00 08 00 00 00 00
  can0  101   [8]  DF A5 00 00 00 00 00 11
  can0  103   [8]  00 00 00 00 00 00 00 00
  can0  610   [8]  8F C2 A5 BE 48 E1 8A BE
  can0  611   [4]  71 3D AA 3E
  can0  630   [1]  F0
  can0  101   [8]  38 A6 00 00 00 00 00 11
  can0  103   [8]  00 00 00 00 00 00 00 00
  can0  100   [8]  F2 23 64 9C 64 9C 77 33
  can0  102   [8]  00 00 00 00 FF 00 00 00
  can0  110   [8]  00 00 00 00 00 00 00 00
  can0  111   [8]  16 0A 02 00 00 00 00 00
  can0  112   [8]  03 03 77 77 04 04 04 04
  can0  113   [8]  6E 32 0A 00 B4 4B 0A 00
  can0  114   [8]  00 00 00 00 00 00 80 00
  can0  115   [8]  00 00 00 00 00 00 00 00
  can0  116   [8]  00 08 00 08 00 00 00 00
  can0  101   [8]  65 A7 00 00 00 00 00 11
  can0  103   [8]  00 00 00 00 00 00 00 00
  can0  100   [8]  7C 24 64 9C 64 9C 77 33
  can0  102   [8]  00 00 00 00 FF 00 00 00
  can0  110   [8]  00 00 00 00 00 00 00 00
  can0  111   [8]  17 0A 02 00 00 00 00 00
  can0  112   [8]  03 03 77 77 04 04 04 04
  can0  113   [8]  73 32 0A 00 B9 4B 0A 00
  can0  114   [8]  00 00 00 00 00 00 80 00
  can0  115   [8]  00 00 00 00 00 00 00 00
  can0  116   [8]  00 08 00 08 00 00 00 00
  can0  101   [8]  39 A8 00 00 00 00 00 11
  can0  103   [8]  00 00 00 00 00 00 00 00
  can0  100   [8]  21 25 64 9C 64 9C 77 33
  can0  102   [8]  00 00 00 00 FF 00 00 00
  can0  110   [8]  00 00 00 00 00 00 00 00
  can0  111   [8]  18 0A 02 00 00 00 00 00
  can0  112   [8]  03 03 77 77 04 04 04 04
  can0  113   [8]  78 32 0A 00 BE 4B 0A 00
  can0  114   [8]  00 00 00 00 00 00 80 00
  can0  115   [8]  00 00 00 00 00 00 00 00
  can0  116   [8]  00 08 00 08 00 00 00 00
  can0  101   [8]  64 A9 00 00 00 00 00 11
  can0  103   [8]  00 00 00 00 00 00 00 00
  can0  100   [8]  C6 26 64 9C 64 9C 77 33
  can0  102   [8]  00 00 00 00 FF 00 00 00
  can0  110   [8]  00 00 00 00 00 00 00 00
  can0  111   [8]  19 0A 02 00 00 00 00 00
  can0  112   [8]  03 03 77 77 04 04 04 04
  can0  113   [8]  7D 32 0A 00 C3 4B 0A 00
  can0  114   [8]  00 00 00 00 00 00 80 00
  can0  115   [8]  00 00 00 00 00 00 00 00
  can0  116   [8]  00 08 00 08 00 00 00 00
  can0  101   [8]  83 AA 00 00 00 00 00 11
  can0  103   [8]  00 00 00 00 00 00 00 00
  can0  100   [8]  9B 27 64 9C 64 9C 77 33
  can0  102   [8]  00 00 00 00 FF 00 00 00
  can0  110   [8]  00 00 00 00 00 00 00 00
  can0  111   [8]  1A 0A 02 00 00 00 00 00
  can0  112   [8]  03 03 77 77 04 04 04 04
  can0  113   [8]  82 32 0A 00 C8 4B 0A 00
  can0  114   [8]  00 00 00 00 00 00 80 00
  can0  115   [8]  00 00 00 00 00 00 00 00
  can0  116   [8]  00 08 00 08 00 00 00 00
  can0  630   [1]  F0
  can0  101   [8]  DE AB 00 00 00 00 00 11
  can0  103   [8]  00 00 00 00 00 00 00 00
  can0  100   [8]  C7 28 64 9C 64 9C 77 33
  can0  102   [8]  00 00 00 00 FF 00 00 00
  can0  110   [8]  00 00 00 00 00 00 00 00
  can0  111   [8]  1B 0A 02 00 00 00 00 00
  can0  112   [8]  03 03 77 77 04 04 04 04
  can0  113   [8]  87 32 0A 00 CD 4B 0A 00
  can0  114   [8]  00 00 00 00 00 00 80 00
  can0  115   [8]  00 00 00 00 00 00 00 00
  can0  116   [8]  00 08 00 08 00 00 00 00
  can0  101   [8]  50 AC 00 00 00 00 00 11
  can0  103   [8]  00 00 00 00 00 00 00 00
  can0  100   [8]  9A 29 64 9C 64 9C 77 33
  can0  102   [8]  00 00 00 00 FF 00 00 00
  can0  110   [8]  00 00 00 00 00 00 00 00
  can0  111   [8]  1C 0A 02 00 00 00 00 00
  can0  112   [8]  03 03 77 77 04 04 04 04
  can0  113   [8]  8C 32 0A 00 D2 4B 0A 00
  can0  114   [8]  00 00 00 00 00 00 80 00
  can0  115   [8]  00 00 00 00 00 00 00 00
  can0  116   [8]  00 08 00 08 00 00 00 00
  can0  101   [8]  0D AD 00 00 00 00 00 11
  can0  103   [8]  00 00 00 00 00 00 00 00
  can0  100   [8]  7D 2A 64 9C 64 9C 77 33
  can0  102   [8]  00 00 00 00 FF 00 00 00
  can0  110   [8]  00 00 00 00 00 00 00 00
  can0  111   [8]  1D 0A 02 00 00 00 00 00
  can0  112   [8]  03 03 77 77 04 04 04 04
  can0  113   [8]  91 32 0A 00 D7 4B 0A 00
  can0  114   [8]  00 00 00 00 00 00 80 00
  can0  115   [8]  00 00 00 00 00 00 00 00
  can0  116   [8]  00 08 00 08 00 00 00 00
  can0  101   [8]  EA AE 00 00 00 00 00 11
  can0  103   [8]  00 00 00 00 00 00 00 00
  can0  100   [8]  20 2B 64 9C 64 9C 77 33
  can0  102   [8]  00 00 00 00 FF 00 00 00
  can0  110   [8]  00 00 00 00 00 00 00 00
  can0  111   [8]  1E 0A 02 00 00 00 00 00
  can0  112   [8]  03 03 77 77 04 04 04 04
  can0  113   [8]  96 32 0A 00 DC 4B 0A 00
  can0  114   [8]  00 00 00 00 00 00 80 00
  can0  115   [8]  00 00 00 00 00 00 00 00
  can0  116   [8]  00 08 00 08 00 00 00 00
  can0  101   [8]  B7 AF 00 00 00 00 00 11
  can0  103   [8]  00 00 00 00 00 00 00 00
  can0  100   [8]  AE 2C 64 9C 64 9C 77 33
  can0  102   [8]  00 00 00 00 FF 00 00 00
  can0  110   [8]  00 00 00 00 00 00 00 00
  can0  111   [8]  1F 0A 02 00 00 00 00 00
  can0  112   [8]  03 03 77 77 04 04 04 04
  can0  113   [8]  9B 32 0A 00 E1 4B 0A 00
  can0  114   [8]  00 00 00 00 00 00 80 00
  can0  115   [8]  00 00 00 00 00 00 00 00
  can0  116   [8]  00 08 00 08 00 00 00 00
  can0  600   [8]  EC FF F0 FF FB 00 01 03
  can0  601   [6]  14 00 FA FF 87 01
  can0  610   [8]  8F C2 A5 BE 48 E1 8A BE
  can0  611   [4]  71 3D AA 3E
  can0  630   [1]  F0
  can0  101   [8]  52 B0 00 00 00 00 00 11
  can0  103   [8]  00 00 00 00 00 00 00 00
  can0  100   [8]  F3 2D 64 9C 64 9C 77 33
  can0  102   [8]  00 00 00 00 FF 00 00 00
  can0  110   [8]  00 00 00 00 00 00 00 00
  can0  111   [8]  20 0A 02 00 00 00 00 00
  can0  112   [8]  03 03 77 77 04 04 04 04
  can0  113   [8]  A0 32 0A 00 E6 4B 0A 00
  can0  114   [8]  00 00 00 00 00 00 80 00
  can0  115   [8]  00 00 00 00 00 00 00 00
  can0  116   [8]  00 08 00 08 00 00 00 00
  can0  101   [8]  0F B1 00 00 00 00 00 11
  can0  103   [8]  00 00 00 00 00 00 00 00
  can0  100   [8]  14 2E 64 9C 64 9C 77 33
  can0  102   [8]  00 00 00 00 FF 00 00 00
  can0  110   [8]  00 00 00 00 00 00 00 00
  can0  111   [8]  21 0A 02 00 00 00 00 00
  can0  112   [8]  03 03 77 77 04 04 04 04
  can0  113   [8]  A5 32 0A 00 EB 4B 0A 00
  can0  114   [8]  00 00 00 00 00 00 80 00
  can0  115   [8]  00 00 00 00 00 00 00 00
  can0  116   [8]  00 08 00 08 00 00 00 00
  can0  101   [8]  E8 B2 00 00 00 00 00 11
  can0  103   [8]  00 00 00 00 00 00 00 00
  can0  100   [8]  49 2F 64 9C 64 9C 77 33
  can0  102   [8]  00 00 00 00 FF 00 00 00
  can0  110   [8]  00 00 00 00 00 00 00 00
  can0  111   [8]  22 0A 02 00 00 00 00 00
  can0  112   [8]  03 03 77 77 04 04 04 04
  can0  113   [8]  AA 32 0A 00 F0 4B 0A 00
  can0  114   [8]  00 00 00 00 00 00 80 00
  can0  115   [8]  00 00 00 00 00 00 00 00
  can0  116   [8]  00 08 00 08 00 00 00 00
  can0  101   [8]  B5 B3 00 00 00 00 00 11
  can0  103   [8]  00 00 00 00 00 00 00 00
  can0  100   [8]  AC 30 64 9C 64 9C 77 33
  can0  102   [8]  00 00 00 00 FF 00 00 00
  can0  110   [8]  00 00 00 00 00 00 00 00
  can0  111   [8]  23 0A 02 00 00 00 00 00
  can0  112   [8]  03 03 77 77 04 04 04 04
  can0  113   [8]  AF 32 0A 00 F5 4B 0A 00
  can0  114   [8]  00 00 00 00 00 00 80 00
  can0  115   [8]  00 00 00 00 00 00 00 00
  can0  116   [8]  00 08 00 08 00 00 00 00
  can0  101   [8]  3B B4 00 00 00 00 00 11
  can0  103   [8]  00 00 00 00 00 00 00 00
  can0  100   [8]  F1 31 64 9C 64 9C 77 33
  can0  102   [8]  00 00 00 00 FF 00 00 00
  can0  110   [8]  00 00 00 00 00 00 00 00
  can0  111   [8]  24 0A 02 00 00 00 00 00
  can0  112   [8]  03 03 77 77 04 04 04 04
  can0  113   [8]  B4 32 0A 00 FA 4B 0A 00
  can0  114   [8]  00 00 00 00 00 00 80 00
  can0  115   [8]  00 00 00 00 00 00 00 00
  can0  116   [8]  00 08 00 08 00 00 00 00
  can0  630   [1]  F0
  can0  101   [8]  66 B5 00 00 00 00 00 11
  can0  103   [8]  00 00 00 00 00 00 00 00
  can0  100   [8]  16 32 64 9C 64 9C 77 33
  can0  102   [8]  00 00 00 00 FF 00 00 00
  can0  110   [8]  00 00 00 00 00 00 00 00
  can0  111   [8]  25 0A 02 00 00 00 00 00
  can0  112   [8]  03 03 77 77 04 04 04 04
  can0  113   [8]  B9 32 0A 00 FF 4B 0A 00
  can0  114   [8]  00 00 00 00 00 00 80 00
  can0  115   [8]  00 00 00 00 00 00 00 00
  can0  116   [8]  00 08 00 08 00 00 00 00
  can0  101   [8]  81 B6 00 00 00 00 00 11
  can0  103   [8]  00 00 00 00 00 00 00 00
  can0  100   [8]  4B 33 64 9C 64 9C 77 33
  can0  102   [8]  00 00 00 00 FF 00 00 00
  can0  110   [8]  00 00 00 00 00 00 00 00
  can0  111   [8]  26 0A 02 00 00 00 00 00
  can0  112   [8]  03 03 77 77 04 04 04 04
  can0  113   [8]  BE 32 0A 00 04 4C 0A 00
  can0  114   [8]  00 00 00 00 00 00 80 00
  can0  115   [8]  00 00 00 00 00 00 00 00
  can0  116   [8]  00 08 00 08 00 00 00 00
  can0  101   [8]  DC B7 00 00 00 00 00 11
  can0  103   [8]  00 00 00 00 00 00 00 00
  can0  100   [8]  C5 34 64 9C 64 9C 77 33
  can0  102   [8]  00 00 00 00 FF 00 00 00
  can0  110   [8]  00 00 00 00 00 00 00 00
  can0  111   [8]  27 0A 02 00 00 00 00 00
  can0  112   [8]  03 03 77 77 04 04 04 04
  can0  113   [8]  C3 32 0A 00 09 4C 0A 00
  can0  114   [8]  00 00 00 00 00 00 80 00
  can0  115   [8]  00 00 00 00 00 00 00 00
  can0  116   [8]  00 08 00 08 00 00 00 00
  can0  620   [3]  02 00 01
  can0  621   [8]  00 00 00 00 00 00 00 00
  can0  622   [7]  00 00 00 00 00 00 00
  can0  623   [7]  00 00 00 00 00 00 00
  can0  624   [4]  00 00 00 00
  can0  625   [8]  E1 FA C7 42 E1 FA C7 42
  can0  626   [4]  E1 FA C7 42
  can0  627   [6]  00 00 00 00 00 00
  can0  101   [8]  80 B8 00 00 00 00 00 11
  can0  103   [8]  00 00 00 00 00 00 00 00
  can0  100   [8]  98 35 64 9C 64 9C 77 33
  can0  102   [8]  00 00 00 00 FF 00 00 00
  can0  110   [8]  00 00 00 00 00 00 00 00
  can0  111   [8]  28 0A 02 00 00 00 00 00
  can0  112   [8]  03 03 77 77 04 04 04 04
  can0  113   [8]  C8 32 0A 00 0E 4C 0A 00
  can0  114   [8]  00 00 00 00 00 00 80 00
  can0  115   [8]  00 00 00 00 00 00 00 00
  can0  116   [8]  00 08 00 08 00 00 00 00
  can0  640   [8]  2D 21 07 06 13 07 19 00
  can0  101   [8]  DD B9 00 00 00 00 00 11
  can0  103   [8]  00 00 00 00 00 00 00 00
  can0  100   [8]  7F 36 64 9C 64 9C 77 33
  can0  102   [8]  00 00 00 00 FF 00 00 00
  can0  110   [8]  00 00 00 00 00 00 00 00
  can0  111   [8]  29 0A 02 00 00 00 00 00
  can0  112   [8]  03 03 77 77 04 04 04 04
  can0  113   [8]  CD 32 0A 00 13 4C 0A 00
  can0  114   [8]  00 00 00 00 00 00 80 00
  can0  115   [8]  00 00 00 00 00 00 00 00
  can0  116   [8]  00 08 00 08 00 00 00 00
  can0  610   [8]  85 EB 71 BF 71 3D AA BE
  can0  611   [4]  3E 0A 57 3E
  can0  630   [1]  F0
  can0  101   [8]  3A BA 00 00 00 00 00 11
  can0  103   [8]  00 00 00 00 00 00 00 00
  can0  100   [8]  22 37 64 9C 64 9C 77 33
  can0  102   [8]  00 00 00 00 FF 00 00 00
  can0  110   [8]  00 00 00 00 00 00 00 00
  can0  111   [8]  2A 0A 02 00 00 00 00 00
  can0  112   [8]  03 03 77 77 04 04 04 04
  can0  113   [8]  D2 32 0A 00 18 4C 0A 00
  can0  114   [8]  00 00 00 00 00 00 80 00
  can0  115   [8]  00 00 00 00 00 00 00 00
  can0  116   [8]  00 08 00 08 00 00 00 00
  can0  101   [8]  67 BB 00 00 00 00 00 11
  can0  103   [8]  00 00 00 00 00 00 00 00
  can0  100   [8]  7E 38 64 9C 64 9C 77 33
  can0  102   [8]  00 00 00 00 FF 00 00 00
  can0  110   [8]  00 00 00 00 00 00 00 00
  can0  111   [8]  2B 0A 02 00 00 00 00 00
  can0  112   [8]  03 03 77 77 04 04 04 04
  can0  113   [8]  D7 32 0A 00 1D 4C 0A 00
  can0  114   [8]  00 00 00 00 00 00 80 00
  can0  115   [8]  00 00 00 00 00 00 00 00
  can0  116   [8]  00 08 00 08 00 00 00 00
  can0  101   [8]  E9 BC 00 00 00 00 00 11
  can0  103   [8]  00 00 00 00 00 00 00 00
  can0  100   [8]  23 39 64 9C 64 9C 77 33
  can0  102   [8]  00 00 00 00 FF 00 00 00
  can0  110   [8]  00 00 00 00 00 00 00 00
  can0  111   [8]  2C 0A 02 00 00 00 00 00
  can0  112   [8]  03 03 77 77 04 04 04 04
  can0  113   [8]  DC 32 0A 00 22 4C 0A 00
  can0  114   [8]  00 00 00 00 00 00 80 00
  can0  115   [8]  00 00 00 00 00 00 00 00
  can0  116   [8]  00 08 00 08 00 00 00 00
  can0  101   [8]  B4 BD 00 00 00 00 00 11
  can0  103   [8]  00 00 00 00 00 00 00 00
  can0  100   [8]  C4 3A 64 9C 64 9C 77 33
  can0  102   [8]  00 00 00 00 FF 00 00 00
  can0  110   [8]  00 00 00 00 00 00 00 00
  can0  111   [8]  2D 0A 02 00 00 00 00 00
  can0  112   [8]  03 03 77 77 04 04 04 04
  can0  113   [8]  E1 32 0A 00 27 4C 0A 00
  can0  114   [8]  00 00 00 00 00 00 80 00
  can0  115   [8]  00 00 00 00 00 00 00 00
  can0  116   [8]  00 08 00 08 00 00 00 00
  can0  101   [8]  53 BE 00 00 00 00 00 11
  can0  103   [8]  00 00 00 00 00 00 00 00
  can0  100   [8]  99 3B 64 9C 64 9C 77 33
  can0  102   [8]  00 00 00 00 FF 00 00 00
  can0  110   [8]  00 00 00 00 00 00 00 00
  can0  111   [8]  2E 0A 02 00 00 00 00 00
  can0  112   [8]  03 03 77 77 04 04 04 04
  can0  113   [8]  E6 32 0A 00 2C 4C 0A 00
  can0  114   [8]  00 00 00 00 00 00 80 00
  can0  115   [8]  00 00 00 00 00 00 00 00
  can0  116   [8]  00 08 00 08 00 00 00 00
  can0  600   [8]  EC FF F0 FF FB 00 02 03
  can0  601   [6]  13 00 FA FF 85 01
  can0  630   [1]  F0
  can0  101   [8]  0E BF 00 00 00 00 00 11
  can0  103   [8]  00 00 00 00 00 00 00 00
  can0  100   [8]  17 3C 64 9C 64 9C 77 33
  can0  102   [8]  00 00 00 00 FF 00 00 00
  can0  110   [8]  00 00 00 00 00 00 00 00
  can0  111   [8]  2F 0A 02 00 00 00 00 00
  can0  112   [8]  03 03 77 77 04 04 04 04
  can0  113   [8]  EB 32 0A 00 31 4C 0A 00
  can0  114   [8]  00 00 00 00 00 00 80 00
  can0  115   [8]  00 00 00 00 00 00 00 00
  can0  116   [8]  00 08 00 08 00 00 00 00
  can0  101   [8]  5A C0 00 00 00 00 00 11
  can0  103   [8]  00 00 00 00 00 00 00 00
  can0  100   [8]  4A 3D 64 9C 64 9C 77 33
  can0  102   [8]  00 00 00 00 FF 00 00 00
  can0  110   [8]  00 00 00 00 00 00 00 00
  can0  111   [8]  30 0A 02 00 00 00 00 00
  can0  112   [8]  03 03 77 77 04 04 04 04
  can0  113   [8]  F0 32 0A 00 36 4C 0A 00
  can0  114   [8]  00 00 00 00 00 00 80 00
  can0  115   [8]  00 00 00 00 00 00 00 00
  can0  116   [8]  00 08 00 08 00 00 00 00
  can0  101   [8]  07 C1 00 00 00 00 00 11
  can0  103   [8]  00 00 00 00 00 00 00 00
  can0  100   [8]  AD 3E 64 9C 64 9C 77 33
  can0  102   [8]  00 00 00 00 FF 00 00 00
  can0  110   [8]  00 00 00 00 00 00 00 00
  can0  111   [8]  30 0A 02 00 00 00 00 00
  can0  112   [8]  03 03 77 77 04 04 04 04
  can0  113   [8]  F0 32 0A 00 3B 4C 0A 00
  can0  114   [8]  00 00 00 00 00 00 80 00
  can0  115   [8]  00 00 00 00 00 00 00 00
  can0  116   [8]  00 08 00 08 00 00 00 00
  can0  101   [8]  E0 C2 00 00 00 00 00 11
  can0  103   [8]  00 00 00 00 00 00 00 00
  can0  100   [8]  F0 3F 64 9C 64 9C 77 33
  can0  102   [8]  00 00 00 00 FF 00 00 00
  can0  110   [8]  00 00 00 00 00 00 00 00
  can0  111   [8]  31 0A 02 00 00 00 00 00
  can0  112   [8]  03 03 77 77 04 04 04 04
  can0  113   [8]  F5 32 0A 00 40 4C 0A 00
  can0  114   [8]  00 00 00 00 00 00 80 00
  can0  115   [8]  00 00 00 00 00 00 00 00
  can0  116   [8]  00 08 00 08 00 00 00 00
  can0  101   [8]  BD C3 00 00 00 00 00 11
  can0  103   [8]  00 00 00 00 00 00 00 00
  can0  100   [8]  A4 40 64 9C 64 9C 77 33
  can0  102   [8]  00 00 00 00 FF 00 00 00
  can0  110   [8]  00 00 00 00 00 00 00 00
  can0  111   [8]  32 0A 02 00 00 00 00 00
  can0  112   [8]  03 03 77 77 04 04 04 04
  can0  113   [8]  FA 32 0A 00 45 4C 0A 00
  can0  114   [8]  00 00 00 00 00 00 80 00
  can0  115   [8]  00 00 00 00 00 00 00 00
  can0  116   [8]  00 08 00 08 00 00 00 00
  can0  610   [8]  85 EB 71 BF 71 3D AA BE
  can0  611   [4]  3E 0A 57 3E
  can0  630   [1]  F0
  can0  101   [8]  33 C4 00 00 00 00 00 11
  can0  103   [8]  00 00 00 00 00 00 00 00
  can0  402   [8]  02 00 17 15 FF 2C 00 10
  can0  403   [8]  02 01 2B 12 3C 34 00 00
  can0  100   [8]  F9 41 64 9C 64 9C 77 33
  can0  102   [8]  00 00 00 00 FF 00 00 00
  can0  110   [8]  00 00 00 00 00 00 00 00
  can0  111   [8]  33 0A 02 00 00 00 00 00
  can0  112   [8]  03 03 77 77 04 04 04 04
  can0  113   [8]  FF 32 0A 00 4A 4C 0A 00
  can0  114   [8]  00 00 00 00 00 00 80 00
  can0  115   [8]  00 00 00 00 00 00 00 00
  can0  116   [8]  00 08 00 08 00 00 00 00
  can0  405   [8]  03 01 00 00 00 00 00 00
  can0  404   [8]  03 00 00 00 00 00 00 00
  can0  101   [8]  6E C5 00 00 00 00 00 11
  can0  103   [8]  00 00 00 00 00 00 00 00
  can0  100   [8]  1E 42 64 9C 64 9C 77 33
  can0  102   [8]  00 00 00 00 FF 00 00 00
  can0  110   [8]  00 00 00 00 00 00 00 00
  can0  111   [8]  34 0A 02 00 00 00 00 00
  can0  112   [8]  03 03 77 77 04 04 04 04
  can0  113   [8]  04 33 0A 00 4F 4C 0A 00
  can0  114   [8]  00 00 00 00 00 00 80 00
  can0  115   [8]  00 00 00 00 00 00 00 00
  can0  116   [8]  00 08 00 08 00 00 00 00
  can0  101   [8]  89 C6 00 00 00 00 00 11
  can0  103   [8]  00 00 00 00 00 00 00 00
  can0  100   [8]  43 43 64 9C 64 9C 77 33
  can0  102   [8]  00 00 00 00 FF 00 00 00
  can0  110   [8]  00 00 00 00 00 00 00 00
  can0  111   [8]  35 0A 02 00 00 00 00 00
  can0  112   [8]  03 03 77 77 04 04 04 04
  can0  113   [8]  09 33 0A 00 54 4C 0A 00
  can0  114   [8]  00 00 00 00 00 00 80 00
  can0  115   [8]  00 00 00 00 00 00 00 00
  can0  116   [8]  00 08 00 08 00 00 00 00
  can0  101   [8]  D4 C7 00 00 00 00 00 11
  can0  103   [8]  00 00 00 00 00 00 00 00
  can0  100   [8]  CD 44 64 9C 64 9C 77 33
  can0  102   [8]  00 00 00 00 FF 00 00 00
  can0  110   [8]  00 00 00 00 00 00 00 00
  can0  111   [8]  36 0A 02 00 00 00 00 00
  can0  112   [8]  03 03 77 77 04 04 04 04
  can0  113   [8]  0E 33 0A 00 59 4C 0A 00
  can0  114   [8]  00 00 00 00 00 00 80 00
  can0  115   [8]  00 00 00 00 00 00 00 00
  can0  116   [8]  00 08 00 08 00 00 00 00
  can0  101   [8]  88 C8 00 00 00 00 00 11
  can0  103   [8]  00 00 00 00 00 00 00 00
  can0  100   [8]  90 45 64 9C 64 9C 77 33
  can0  102   [8]  00 00 00 00 FF 00 00 00
  can0  110   [8]  00 00 00 00 00 00 00 00
  can0  111   [8]  37 0A 02 00 00 00 00 00
  can0  112   [8]  03 03 77 77 04 04 04 04
  can0  113   [8]  13 33 0A 00 5E 4C 0A 00
  can0  114   [8]  00 00 00 00 00 00 80 00
  can0  115   [8]  00 00 00 00 00 00 00 00
  can0  116   [8]  00 08 00 08 00 00 00 00
  can0  630   [1]  F0
  can0  101   [8]  D5 C9 00 00 00 00 00 11
  can0  103   [8]  00 00 00 00 00 00 00 00
  can0  100   [8]  77 46 64 9C 64 9C 77 33
  can0  102   [8]  00 00 00 00 FF 00 00 00
  can0  110   [8]  00 00 00 00 00 00 00 00
  can0  111   [8]  38 0A 02 00 00 00 00 00
  can0  112   [8]  03 03 77 77 04 04 04 04
  can0  113   [8]  18 33 0A 00 63 4C 0A 00
  can0  114   [8]  00 00 00 00 00 00 80 00
  can0  115   [8]  00 00 00 00 00 00 00 00
  can0  116   [8]  00 08 00 08 00 00 00 00
  can0  101   [8]  32 CA 00 00 00 00 00 11
  can0  103   [8]  00 00 00 00 00 00 00 00
  can0  100   [8]  2A 47 64 9C 64 9C 77 33
  can0  102   [8]  00 00 00 00 FF 00 00 00
  can0  110   [8]  00 00 00 00 00 00 00 00
  can0  111   [8]  39 0A 02 00 00 00 00 00
  can0  112   [8]  03 03 77 77 04 04 04 04
  can0  113   [8]  1D 33 0A 00 68 4C 0A 00
  can0  114   [8]  00 00 00 00 00 00 80 00
  can0  115   [8]  00 00 00 00 00 00 00 00
  can0  116   [8]  00 08 00 08 00 00 00 00
  can0  101   [8]  6F CB 00 00 00 00 00 11
  can0  103   [8]  00 00 00 00 00 00 00 00
  can0  100   [8]  76 48 64 9C 64 9C 77 33
  can0  102   [8]  00 00 00 00 FF 00 00 00
  can0  110   [8]  00 00 00 00 00 00 00 00
  can0  111   [8]  3A 0A 02 00 00 00 00 00
  can0  112   [8]  03 03 77 77 04 04 04 04
  can0  113   [8]  22 33 0A 00 6D 4C 0A 00
  can0  114   [8]  00 00 00 00 00 00 80 00
  can0  115   [8]  00 00 00 00 00 00 00 00
  can0  116   [8]  00 08 00 08 00 00 00 00
  can0  620   [3]  02 00 01
  can0  621   [8]  00 00 00 00 00 00 00 00
  can0  622   [7]  00 00 00 00 00 00 00
  can0  623   [7]  00 00 00 00 00 00 00
  can0  624   [4]  00 00 00 00
  can0  625   [8]  E1 FA C7 42 E1 FA C7 42
  can0  626   [4]  E1 FA C7 42
  can0  627   [6]  00 00 00 00 00 00
  can0  101   [8]  E1 CC 00 00 00 00 00 11
  can0  103   [8]  00 00 00 00 00 00 00 00
  can0  100   [8]  2B 49 64 9C 64 9C 77 33
  can0  102   [8]  00 00 00 00 FF 00 00 00
  can0  110   [8]  00 00 00 00 00 00 00 00
  can0  111   [8]  3B 0A 02 00 00 00 00 00
  can0  112   [8]  03 03 77 77 04 04 04 04
  can0  113   [8]  27 33 0A 00 72 4C 0A 00
  can0  114   [8]  00 00 00 00 00 00 80 00
  can0  115   [8]  00 00 00 00 00 00 00 00
  can0  116   [8]  00 08 00 08 00 00 00 00
  can0  101   [8]  BC CD 00 00 00 00 00 11
  can0  103   [8]  00 00 00 00 00 00 00 00
  can0  100   [8]  CC 4A 64 9C 64 9C 77 33
  can0  102   [8]  00 00 00 00 FF 00 00 00
  can0  110   [8]  00 00 00 00 00 00 00 00
  can0  111   [8]  3C 0A 02 00 00 00 00 00
  can0  112   [8]  03 03 77 77 04 04 04 04
  can0  113   [8]  2C 33 0A 00 77 4C 0A 00
  can0  114   [8]  00 00 00 00 00 00 80 00
  can0  115   [8]  00 00 00 00 00 00 00 00
  can0  116   [8]  00 08 00 08 00 00 00 00
  can0  600   [8]  ED FF F1 FF FB 00 02 03
  can0  601   [6]  15 00 FA FF 7F 01
  can0  610   [8]  5C 8F 1A BF F6 28 3C BE
  can0  611   [4]  85 EB 71 3E
  can0  630   [1]  F0
  can0  101   [8]  5B CE 00 00 00 00 00 11
  can0  103   [8]  00 00 00 00 00 00 00 00
  can0  100   [8]  91 4B 64 9C 64 9C 77 33
  can0  102   [8]  00 00 00 00 FF 00 00 00
  can0  110   [8]  00 00 00 00 00 00 00 00
  can0  111   [8]  3D 0A 02 00 00 00 00 00
  can0  112   [8]  03 03 77 77 04 04 04 04
  can0  113   [8]  31 33 0A 00 7C 4C 0A 00
  can0  114   [8]  00 00 00 00 00 00 80 00
  can0  115   [8]  00 00 00 00 00 00 00 00
  can0  116   [8]  00 08 00 08 00 00 00 00
  can0  101   [8]  06 CF 00 00 00 00 00 11
  can0  103   [8]  00 00 00 00 00 00 00 00
  can0  100   [8]  1F 4C 64 9C 64 9C 77 33
  can0  102   [8]  00 00 00 00 FF 00 00 00
  can0  110   [8]  00 00 00 00 00 00 00 00
  can0  111   [8]  3E 0A 02 00 00 00 00 00
  can0  112   [8]  03 03 77 77 04 04 04 04
  can0  113   [8]  36 33 0A 00 81 4C 0A 00
  can0  114   [8]  00 00 00 00 00 00 80 00
  can0  115   [8]  00 00 00 00 00 00 00 00
  can0  116   [8]  00 08 00 08 00 00 00 00
  can0  101   [8]  E3 D0 00 00 00 00 00 11
  can0  103   [8]  00 00 00 00 00 00 00 00
  can0  100   [8]  42 4D 64 9C 64 9C 77 33
  can0  102   [8]  00 00 00 00 FF 00 00 00
  can0  110   [8]  00 00 00 00 00 00 00 00
  can0  111   [8]  3F 0A 02 00 00 00 00 00
  can0  112   [8]  03 03 77 77 04 04 04 04
  can0  113   [8]  3B 33 0A 00 86 4C 0A 00
  can0  114   [8]  00 00 00 00 00 00 80 00
  can0  115   [8]  00 00 00 00 00 00 00 00
  can0  116   [8]  00 08 00 08 00 00 00 00
  can0  101   [8]  BE D1 00 00 00 00 00 11
  can0  103   [8]  00 00 00 00 00 00 00 00
  can0  100   [8]  A5 4E 64 9C 64 9C 77 33
  can0  102   [8]  00 00 00 00 FF 00 00 00
  can0  110   [8]  00 00 00 00 00 00 00 00
  can0  111   [8]  40 0A 02 00 00 00 00 00
  can0  112   [8]  03 03 77 77 04 04 04 04
  can0  113   [8]  40 33 0A 00 8B 4C 0A 00
  can0  114   [8]  00 00 00 00 00 00 80 00
  can0  115   [8]  00 00 00 00 00 00 00 00
  can0  116   [8]  00 08 00 08 00 00 00 00
  can0  101   [8]  59 D2 00 00 00 00 00 11
  can0  103   [8]  00 00 00 00 00 00 00 00
  can0  630   [1]  F0
  can0  100   [8]  F8 4F 64 9C 64 9C 77 33
  can0  102   [8]  00 00 00 00 FF 00 00 00
  can0  110   [8]  00 00 00 00 00 00 00 00
  can0  111   [8]  41 0A 02 00 00 00 00 00
  can0  112   [8]  03 03 77 77 04 04 04 04
  can0  113   [8]  45 33 0A 00 90 4C 0A 00
  can0  114   [8]  00 00 00 00 00 00 80 00
  can0  115   [8]  00 00 00 00 00 00 00 00
  can0  116   [8]  00 08 00 08 00 00 00 00
  can0  101   [8]  04 D3 00 00 00 00 00 11
  can0  103   [8]  00 00 00 00 00 00 00 00
  can0  100   [8]  1D 50 64 9C 64 9C 77 33
  can0  102   [8]  00 00 00 00 FF 00 00 00
  can0  110   [8]  00 00 00 00 00 00 00 00
  can0  111   [8]  42 0A 02 00 00 00 00 00
  can0  112   [8]  03 03 77 77 04 04 04 04
  can0  113   [8]  4A 33 0A 00 95 4C 0A 00
  can0  114   [8]  00 00 00 00 00 00 80 00
  can0  115   [8]  00 00 00 00 00 00 00 00
  can0  116   [8]  00 08 00 08 00 00 00 00
  can0  101   [8]  8A D4 00 00 00 00 00 11
  can0  103   [8]  00 00 00 00 00 00 00 00
  can0  100   [8]  40 51 64 9C 64 9C 77 33
  can0  102   [8]  00 00 00 00 FF 00 00 00
  can0  110   [8]  00 00 00 00 00 00 00 00
  can0  111   [8]  43 0A 02 00 00 00 00 00
  can0  112   [8]  03 03 77 77 04 04 04 04
  can0  113   [8]  4F 33 0A 00 9A 4C 0A 00
  can0  114   [8]  00 00 00 00 00 00 80 00
  can0  115   [8]  00 00 00 00 00 00 00 00
  can0  116   [8]  00 08 00 08 00 00 00 00
  can0  101   [8]  D7 D5 00 00 00 00 00 11
  can0  103   [8]  00 00 00 00 00 00 00 00
  can0  100   [8]  A7 52 64 9C 64 9C 77 33
  can0  102   [8]  00 00 00 00 FF 00 00 00
  can0  110   [8]  00 00 00 00 00 00 00 00
  can0  111   [8]  44 0A 02 00 00 00 00 00
  can0  112   [8]  03 03 77 77 04 04 04 04
  can0  113   [8]  54 33 0A 00 9F 4C 0A 00
  can0  114   [8]  00 00 00 00 00 00 80 00
  can0  115   [8]  00 00 00 00 00 00 00 00
  can0  116   [8]  00 08 00 08 00 00 00 00
  can0  101   [8]  30 D6 00 00 00 00 00 11
  can0  103   [8]  00 00 00 00 00 00 00 00
  can0  100   [8]  FA 53 64 9C 64 9C 77 33
  can0  102   [8]  00 00 00 00 FF 00 00 00
  can0  110   [8]  00 00 00 00 00 00 00 00
  can0  111   [8]  45 0A 02 00 00 00 00 00
  can0  112   [8]  03 03 77 77 04 04 04 04
  can0  113   [8]  59 33 0A 00 A4 4C 0A 00
  can0  114   [8]  00 00 00 00 00 00 80 00
  can0  115   [8]  00 00 00 00 00 00 00 00
  can0  116   [8]  00 08 00 08 00 00 00 00
  can0  101   [8]  6D D7 00 00 00 00 00 11
  can0  103   [8]  00 00 00 00 00 00 00 00
  can0  610   [8]  5C 8F 1A BF F6 28 3C BE
  can0  611   [4]  85 EB 71 3E
  can0  100   [8]  74 54 64 9C 64 9C 77 33
  can0  102   [8]  00 00 00 00 FF 00 00 00
  can0  110   [8]  00 00 00 00 00 00 00 00
  can0  111   [8]  46 0A 02 00 00 00 00 00
  can0  112   [8]  03 03 77 77 04 04 04 04
  can0  113   [8]  5E 33 0A 00 A9 4C 0A 00
  can0  114   [8]  00 00 00 00 00 00 80 00
  can0  115   [8]  00 00 00 00 00 00 00 00
  can0  116   [8]  00 08 00 08 00 00 00 00
  can0  630   [1]  F0
  can0  101   [8]  31 D8 00 00 00 00 00 11
  can0  103   [8]  00 00 00 00 00 00 00 00
  can0  100   [8]  29 55 64 9C 64 9C 77 33
  can0  102   [8]  00 00 00 00 FF 00 00 00
  can0  110   [8]  00 00 00 00 00 00 00 00
  can0  111   [8]  47 0A 02 00 00 00 00 00
  can0  112   [8]  03 03 77 77 04 04 04 04
  can0  113   [8]  63 33 0A 00 AE 4C 0A 00
  can0  114   [8]  00 00 00 00 00 00 80 00
  can0  115   [8]  00 00 00 00 00 00 00 00
  can0  116   [8]  00 08 00 08 00 00 00 00
  can0  101   [8]  6C D9 00 00 00 00 00 11
  can0  103   [8]  00 00 00 00 00 00 00 00
  can0  100   [8]  CE 56 64 9C 64 9C 77 33
  can0  102   [8]  00 00 00 00 FF 00 00 00
  can0  110   [8]  00 00 00 00 00 00 00 00
  can0  111   [8]  48 0A 02 00 00 00 00 00
  can0  112   [8]  03 03 77 77 04 04 04 04
  can0  113   [8]  68 33 0A 00 B3 4C 0A 00
  can0  114   [8]  00 00 00 00 00 00 80 00
  can0  115   [8]  00 00 00 00 00 00 00 00
  can0  116   [8]  00 08 00 08 00 00 00 00
  can0  101   [8]  8B DA 00 00 00 00 00 11
  can0  103   [8]  00 00 00 00 00 00 00 00
  can0  100   [8]  93 57 64 9C 64 9C 77 33
  can0  102   [8]  00 00 00 00 FF 00 00 00
  can0  110   [8]  00 00 00 00 00 00 00 00
  can0  111   [8]  49 0A 02 00 00 00 00 00
  can0  112   [8]  03 03 77 77 04 04 04 04
  can0  113   [8]  6D 33 0A 00 B8 4C 0A 00
  can0  114   [8]  00 00 00 00 00 00 80 00
  can0  115   [8]  00 00 00 00 00 00 00 00
  can0  116   [8]  00 08 00 08 00 00 00 00
  can0  101   [8]  D6 DB 00 00 00 00 00 11
  can0  103   [8]  00 00 00 00 00 00 00 00
  can0  100   [8]  CF 58 64 9C 64 9C 77 33
  can0  102   [8]  00 00 00 00 FF 00 00 00
  can0  110   [8]  00 00 00 00 00 00 00 00
  can0  111   [8]  4A 0A 02 00 00 00 00 00
  can0  112   [8]  03 03 77 77 04 04 04 04
  can0  113   [8]  72 33 0A 00 BD 4C 0A 00
  can0  114   [8]  00 00 00 00 00 00 80 00
  can0  115   [8]  00 00 00 00 00 00 00 00
  can0  116   [8]  00 08 00 08 00 00 00 00
  can0  101   [8]  58 DC 00 00 00 00 00 11
  can0  103   [8]  00 00 00 00 00 00 00 00
  can0  600   [8]  ED FF F0 FF FA 00 01 03
  can0  601   [6]  12 00 FC FF 80 01
  can0  100   [8]  92 59 64 9C 64 9C 77 33
  can0  102   [8]  00 00 00 00 FF 00 00 00
  can0  110   [8]  00 00 00 00 00 00 00 00
  can0  111   [8]  4B 0A 02 00 00 00 00 00
  can0  112   [8]  03 03 77 77 04 04 04 04
  can0  113   [8]  77 33 0A 00 C2 4C 0A 00
  can0  114   [8]  00 00 00 00 00 00 80 00
  can0  115   [8]  00 00 00 00 00 00 00 00
  can0  116   [8]  00 08 00 08 00 00 00 00
  can0  630   [1]  F0
  can0  101   [8]  05 DD 00 00 00 00 00 11
  can0  103   [8]  00 00 00 00 00 00 00 00
  can0  100   [8]  75 5A 64 9C 64 9C 77 33
  can0  102   [8]  00 00 00 00 FF 00 00 00
  can0  110   [8]  00 00 00 00 00 00 00 00
  can0  111   [8]  4C 0A 02 00 00 00 00 00
  can0  112   [8]  03 03 77 77 04 04 04 04
  can0  113   [8]  7C 33 0A 00 C7 4C 0A 00
  can0  114   [8]  00 00 00 00 00 00 80 00
  can0  115   [8]  00 00 00 00 00 00 00 00
  can0  116   [8]  00 08 00 08 00 00 00 00
  can0  101   [8]  E2 DE 00 00 00 00 00 11
  can0  103   [8]  00 00 00 00 00 00 00 00
  can0  100   [8]  28 5B 64 9C 64 9C 77 33
  can0  102   [8]  00 00 00 00 FF 00 00 00
  can0  110   [8]  00 00 00 00 00 00 00 00
  can0  111   [8]  4D 0A 02 00 00 00 00 00
  can0  112   [8]  03 03 77 77 04 04 04 04
  can0  113   [8]  81 33 0A 00 CC 4C 0A 00
  can0  114   [8]  00 00 00 00 00 00 80 00
  can0  115   [8]  00 00 00 00 00 00 00 00
  can0  116   [8]  00 08 00 08 00 00 00 00
  can0  101   [8]  BF DF 00 00 00 00 00 11
  can0  103   [8]  00 00 00 00 00 00 00 00
  can0  620   [3]  02 00 01
  can0  100   [8]  A6 5C 64 9C 64 9C 77 33
  can0  102   [8]  00 00 00 00 FF 00 00 00
  can0  110   [8]  00 00 00 00 00 00 00 00
  can0  111   [8]  4E 0A 02 00 00 00 00 00
  can0  112   [8]  03 03 77 77 04 04 04 04
  can0  113   [8]  86 33 0A 00 D1 4C 0A 00
  can0  114   [8]  00 00 00 00 00 00 80 00
  can0  115   [8]  00 00 00 00 00 00 00 00
  can0  116   [8]  00 08 00 08 00 00 00 00
  can0  621   [8]  00 00 00 00 00 00 00 00
  can0  622   [7]  00 00 00 00 00 00 00
  can0  623   [7]  00 00 00 00 00 00 00
  can0  624   [4]  00 00 00 00
  can0  101   [8]  35 E0 00 00 00 00 00 11
  can0  103   [8]  00 00 00 00 00 00 00 00
  can0  625   [8]  E1 FA C7 42 E1 FA C7 42
  can0  626   [4]  E1 FA C7 42
  can0  627   [6]  00 00 00 00 00 00
  can0  100   [8]  FB 5D 64 9C 64 9C 77 33
  can0  102   [8]  00 00 00 00 FF 00 00 00
  can0  110   [8]  00 00 00 00 00 00 00 00
  can0  111   [8]  4F 0A 02 00 00 00 00 00
  can0  112   [8]  03 03 77 77 04 04 04 04
  can0  113   [8]  8B 33 0A 00 D6 4C 0A 00
  can0  114   [8]  00 00 00 00 00 00 80 00
  can0  115   [8]  00 00 00 00 00 00 00 00
  can0  116   [8]  00 08 00 08 00 00 00 00
  can0  101   [8]  68 E1 00 00 00 00 00 11
  can0  103   [8]  00 00 00 00 00 00 00 00
  can0  610   [8]  B8 1E 0D BF 85 EB 71 BE
  can0  611   [4]  48 E1 8A 3E
  can0  630   [1]  F0
  can0  100   [8]  1C 5E 64 9C 64 9C 77 33
  can0  102   [8]  00 00 00 00 FF 00 00 00
  can0  110   [8]  00 00 00 00 00 00 00 00
  can0  111   [8]  50 0A 02 00 00 00 00 00
  can0  112   [8]  03 03 77 77 04 04 04 04
  can0  113   [8]  90 33 0A 00 DB 4C 0A 00
  can0  114   [8]  00 00 00 00 00 00 80 00
  can0  115   [8]  00 00 00 00 00 00 00 00
  can0  116   [8]  00 08 00 08 00 00 00 00
  can0  101   [8]  8F E2 00 00 00 00 00 11
  can0  103   [8]  00 00 00 00 00 00 00 00
  can0  100   [8]  41 5F 64 9C 64 9C 77 33
  can0  102   [8]  00 00 00 00 FF 00 00 00
  can0  110   [8]  00 00 00 00 00 00 00 00
  can0  111   [8]  51 0A 02 00 00 00 00 00
  can0  112   [8]  03 03 77 77 04 04 04 04
  can0  113   [8]  95 33 0A 00 E0 4C 0A 00
  can0  114   [8]  00 00 00 00 00 00 80 00
  can0  115   [8]  00 00 00 00 00 00 00 00
  can0  116   [8]  00 08 00 08 00 00 00 00
  can0  101   [8]  D2 E3 00 00 00 00 00 11
  can0  103   [8]  00 00 00 00 00 00 00 00
  can0  100   [8]  CB 60 64 9C 64 9C 77 33
  can0  102   [8]  00 00 00 00 FF 00 00 00
  can0  110   [8]  00 00 00 00 00 00 00 00
  can0  111   [8]  52 0A 02 00 00 00 00 00
  can0  112   [8]  03 03 77 77 04 04 04 04
  can0  113   [8]  9A 33 0A 00 E5 4C 0A 00
  can0  114   [8]  00 00 00 00 00 00 80 00
  can0  115   [8]  00 00 00 00 00 00 00 00
  can0  116   [8]  00 08 00 08 00 00 00 00
  can0  101   [8]  5C E4 00 00 00 00 00 11
  can0  103   [8]  00 00 00 00 00 00 00 00
  can0  100   [8]  96 61 64 9C 64 9C 77 33
  can0  102   [8]  00 00 00 00 FF 00 00 00
  can0  110   [8]  00 00 00 00 00 00 00 00
  can0  111   [8]  53 0A 02 00 00 00 00 00
  can0  112   [8]  03 03 77 77 04 04 04 04
  can0  113   [8]  9F 33 0A 00 EA 4C 0A 00
  can0  114   [8]  00 00 00 00 00 00 80 00
  can0  115   [8]  00 00 00 00 00 00 00 00
  can0  116   [8]  00 08 00 08 00 00 00 00
  can0  101   [8]  01 E5 00 00 00 00 00 11
  can0  103   [8]  00 00 00 00 00 00 00 00
  can0  100   [8]  71 62 64 9C 64 9C 77 33
  can0  102   [8]  00 00 00 00 FF 00 00 00
  can0  110   [8]  00 00 00 00 00 00 00 00
  can0  111   [8]  54 0A 02 00 00 00 00 00
  can0  112   [8]  03 03 77 77 04 04 04 04
  can0  113   [8]  A4 33 0A 00 EF 4C 0A 00
  can0  114   [8]  00 00 00 00 00 00 80 00
  can0  115   [8]  00 00 00 00 00 00 00 00
  can0  116   [8]  00 08 00 08 00 00 00 00
  can0  101   [8]  E6 E6 00 00 00 00 00 11
  can0  103   [8]  00 00 00 00 00 00 00 00
  can0  630   [1]  F0
  can0  100   [8]  2C 63 64 9C 64 9C 77 33
  can0  102   [8]  00 00 00 00 FF 00 00 00
  can0  110   [8]  00 00 00 00 00 00 00 00
  can0  111   [8]  55 0A 02 00 00 00 00 00
  can0  112   [8]  03 03 77 77 04 04 04 04
  can0  113   [8]  A9 33 0A 00 F4 4C 0A 00
  can0  114   [8]  00 00 00 00 00 00 80 00
  can0  115   [8]  00 00 00 00 00 00 00 00
  can0  116   [8]  00 08 00 08 00 00 00 00
  can0  101   [8]  BB E7 00 00 00 00 00 11
  can0  103   [8]  00 00 00 00 00 00 00 00
  can0  100   [8]  A2 64 64 9C 64 9C 77 33
  can0  102   [8]  00 00 00 00 FF 00 00 00
  can0  110   [8]  00 00 00 00 00 00 00 00
  can0  111   [8]  56 0A 02 00 00 00 00 00
  can0  112   [8]  03 03 77 77 04 04 04 04
  can0  113   [8]  AE 33 0A 00 F9 4C 0A 00
  can0  114   [8]  00 00 00 00 00 00 80 00
  can0  115   [8]  00 00 00 00 00 00 00 00
  can0  116   [8]  00 08 00 08 00 00 00 00
  can0  101   [8]  E7 E8 00 00 00 00 00 11
  can0  103   [8]  00 00 00 00 00 00 00 00
  can0  100   [8]  FF 65 64 9C 64 9C 77 33
  can0  102   [8]  00 00 00 00 FF 00 00 00
  can0  110   [8]  00 00 00 00 00 00 00 00
  can0  111   [8]  57 0A 02 00 00 00 00 00
  can0  112   [8]  03 03 77 77 04 04 04 04
  can0  113   [8]  B3 33 0A 00 FE 4C 0A 00
  can0  114   [8]  00 00 00 00 00 00 80 00
  can0  115   [8]  00 00 00 00 00 00 00 00
  can0  116   [8]  00 08 00 08 00 00 00 00
  can0  101   [8]  BA E9 00 00 00 00 00 11
  can0  103   [8]  00 00 00 00 00 00 00 00
  can0  100   [8]  18 66 64 9C 64 9C 77 33
  can0  102   [8]  00 00 00 00 FF 00 00 00
  can0  110   [8]  00 00 00 00 00 00 00 00
  can0  111   [8]  58 0A 02 00 00 00 00 00
  can0  112   [8]  03 03 77 77 04 04 04 04
  can0  113   [8]  B8 33 0A 00 03 4D 0A 00
  can0  114   [8]  00 00 00 00 00 00 80 00
  can0  115   [8]  00 00 00 00 00 00 00 00
  can0  116   [8]  00 08 00 08 00 00 00 00
  can0  101   [8]  5D EA 00 00 00 00 00 11
  can0  103   [8]  00 00 00 00 00 00 00 00
  can0  100   [8]  45 67 64 9C 64 9C 77 33
  can0  102   [8]  00 00 00 00 FF 00 00 00
  can0  110   [8]  00 00 00 00 00 00 00 00
  can0  111   [8]  59 0A 02 00 00 00 00 00
  can0  112   [8]  03 03 77 77 04 04 04 04
  can0  113   [8]  BD 33 0A 00 08 4D 0A 00
  can0  114   [8]  00 00 00 00 00 00 80 00
  can0  115   [8]  00 00 00 00 00 00 00 00
  can0  116   [8]  00 08 00 08 00 00 00 00
  can0  101   [8]  00 EB 00 00 00 00 00 11
  can0  103   [8]  00 00 00 00 00 00 00 00
  can0  600   [8]  ED FF F1 FF FC 00 02 03
  can0  601   [6]  12 00 FC FF 80 01
  can0  610   [8]  B8 1E 0D BF 85 EB 71 BE
  can0  611   [4]  48 E1 8A 3E
  can0  630   [1]  F0
  can0  100   [8]  19 68 64 9C 64 9C 77 33
  can0  102   [8]  00 00 00 00 FF 00 00 00
  can0  110   [8]  00 00 00 00 00 00 00 00
  can0  111   [8]  5A 0A 02 00 00 00 00 00
  can0  112   [8]  03 03 77 77 04 04 04 04
  can0  113   [8]  C2 33 0A 00 0D 4D 0A 00
  can0  114   [8]  00 00 00 00 00 00 80 00
  can0  115   [8]  00 00 00 00 00 00 00 00
  can0  116   [8]  00 08 00 08 00 00 00 00
  can0  101   [8]  8E EC 00 00 00 00 00 11
  can0  103   [8]  00 00 00 00 00 00 00 00
  can0  402   [8]  02 00 17 15 FF 2D 00 10
  can0  403   [8]  02 01 2E 12 3C 34 00 00
  can0  405   [8]  03 01 00 00 00 00 00 00
  can0  404   [8]  03 00 00 00 00 00 00 00
  can0  100   [8]  44 69 64 9C 64 9C 77 33
  can0  102   [8]  00 00 00 00 FF 00 00 00
  can0  110   [8]  00 00 00 00 00 00 00 00
  can0  111   [8]  5B 0A 02 00 00 00 00 00
  can0  112   [8]  03 03 77 77 04 04 04 04
  can0  113   [8]  C7 33 0A 00 12 4D 0A 00
  can0  114   [8]  00 00 00 00 00 00 80 00
  can0  115   [8]  00 00 00 00 00 00 00 00
  can0  116   [8]  00 08 00 08 00 00 00 00
  can0  101   [8]  D3 ED 00 00 00 00 00 11
  can0  103   [8]  00 00 00 00 00 00 00 00
  can0  100   [8]  A3 6A 64 9C 64 9C 77 33
  can0  102   [8]  00 00 00 00 FF 00 00 00
  can0  110   [8]  00 00 00 00 00 00 00 00
  can0  111   [8]  5C 0A 02 00 00 00 00 00
  can0  112   [8]  03 03 77 77 04 04 04 04
  can0  113   [8]  CC 33 0A 00 17 4D 0A 00
  can0  114   [8]  00 00 00 00 00 00 80 00
  can0  115   [8]  00 00 00 00 00 00 00 00
  can0  116   [8]  00 08 00 08 00 00 00 00
  can0  101   [8]  34 EE 00 00 00 00 00 11
  can0  103   [8]  00 00 00 00 00 00 00 00
  can0  100   [8]  FE 6B 64 9C 64 9C 77 33
  can0  102   [8]  00 00 00 00 FF 00 00 00
  can0  110   [8]  00 00 00 00 00 00 00 00
  can0  111   [8]  5D 0A 02 00 00 00 00 00
  can0  112   [8]  03 03 77 77 04 04 04 04
  can0  113   [8]  D1 33 0A 00 1C 4D 0A 00
  can0  114   [8]  00 00 00 00 00 00 80 00
  can0  115   [8]  00 00 00 00 00 00 00 00
  can0  116   [8]  00 08 00 08 00 00 00 00
  can0  101   [8]  69 EF 00 00 00 00 00 11
  can0  103   [8]  00 00 00 00 00 00 00 00
  can0  100   [8]  70 6C 64 9C 64 9C 77 33
  can0  102   [8]  00 00 00 00 FF 00 00 00
  can0  110   [8]  00 00 00 00 00 00 00 00
  can0  111   [8]  5E 0A 02 00 00 00 00 00
  can0  112   [8]  03 03 77 77 04 04 04 04
  can0  113   [8]  D6 33 0A 00 21 4D 0A 00
  can0  114   [8]  00 00 00 00 00 00 80 00
  can0  115   [8]  00 00 00 00 00 00 00 00
  can0  116   [8]  00 08 00 08 00 00 00 00
  can0  101   [8]  8C F0 00 00 00 00 00 11
  can0  103   [8]  00 00 00 00 00 00 00 00
  can0  630   [1]  F0
  can0  100   [8]  2D 6D 64 9C 64 9C 77 33
  can0  102   [8]  00 00 00 00 FF 00 00 00
  can0  110   [8]  00 00 00 00 00 00 00 00
  can0  111   [8]  5F 0A 02 00 00 00 00 00
  can0  112   [8]  03 03 77 77 04 04 04 04
  can0  113   [8]  DB 33 0A 00 26 4D 0A 00
  can0  114   [8]  00 00 00 00 00 00 80 00
  can0  115   [8]  00 00 00 00 00 00 00 00
  can0  116   [8]  00 08 00 08 00 00 00 00
  can0  101   [8]  D1 F1 00 00 00 00 00 11
  can0  103   [8]  00 00 00 00 00 00 00 00
  can0  100   [8]  CA 6E 64 9C 64 9C 77 33
  can0  102   [8]  00 00 00 00 FF 00 00 00
  can0  110   [8]  00 00 00 00 00 00 00 00
  can0  111   [8]  60 0A 02 00 00 00 00 00
  can0  112   [8]  03 03 77 77 04 04 04 04
  can0  113   [8]  E0 33 0A 00 2B 4D 0A 00
  can0  114   [8]  00 00 00 00 00 00 80 00
  can0  115   [8]  00 00 00 00 00 00 00 00
  can0  116   [8]  00 08 00 08 00 00 00 00
  can0  101   [8]  36 F2 00 00 00 00 00 11
  can0  103   [8]  00 00 00 00 00 00 00 00
  can0  100   [8]  97 6F 64 9C 64 9C 77 33
  can0  102   [8]  00 00 00 00 FF 00 00 00
  can0  110   [8]  00 00 00 00 00 00 00 00
  can0  111   [8]  61 0A 02 00 00 00 00 00
  can0  112   [8]  03 03 77 77 04 04 04 04
  can0  113   [8]  E5 33 0A 00 30 4D 0A 00
  can0  114   [8]  00 00 00 00 00 00 80 00
  can0  115   [8]  00 00 00 00 00 00 00 00
  can0  116   [8]  00 08 00 08 00 00 00 00
  can0  101   [8]  6B F3 00 00 00 00 00 11
  can0  103   [8]  00 00 00 00 00 00 00 00
  can0  620   [3]  02 00 01
  can0  621   [8]  00 00 00 00 00 00 00 00
  can0  622   [7]  00 00 00 00 00 00 00
  can0  623   [7]  00 00 00 00 00 00 00
  can0  624   [4]  00 00 00 00
  can0  100   [8]  72 70 64 9C 64 9C 77 33
  can0  102   [8]  00 00 00 00 FF 00 00 00
  can0  110   [8]  00 00 00 00 00 00 00 00
  can0  111   [8]  62 0A 02 00 00 00 00 00
  can0  112   [8]  03 03 77 77 04 04 04 04
  can0  113   [8]  EA 33 0A 00 35 4D 0A 00
  can0  114   [8]  00 00 00 00 00 00 80 00
  can0  115   [8]  00 00 00 00 00 00 00 00
  can0  116   [8]  00 08 00 08 00 00 00 00
  can0  101   [8]  E5 F4 00 00 00 00 00 11
  can0  103   [8]  00 00 00 00 00 00 00 00
  can0  625   [8]  E1 FA C7 42 E1 FA C7 42
  can0  626   [4]  E1 FA C7 42
  can0  627   [6]  00 00 00 00 00 00
  can0  100   [8]  2F 71 64 9C 64 9C 77 33
  can0  102   [8]  00 00 00 00 FF 00 00 00
  can0  110   [8]  00 00 00 00 00 00 00 00
  can0  111   [8]  63 0A 02 00 00 00 00 00
  can0  112   [8]  03 03 77 77 04 04 04 04
  can0  113   [8]  EF 33 0A 00 3A 4D 0A 00
  can0  114   [8]  00 00 00 00 00 00 80 00
  can0  115   [8]  00 00 00 00 00 00 00 00
  can0  116   [8]  00 08 00 08 00 00 00 00
  can0  101   [8]  B8 F5 00 00 00 00 00 11
  can0  103   [8]  00 00 00 00 00 00 00 00
  can0  610   [8]  48 E1 0A BF D7 A3 C0 BE
  can0  611   [4]  3E 0A D7 3D
  can0  630   [1]  F0
  can0  100   [8]  C8 72 64 9C 64 9C 77 33
  can0  102   [8]  00 00 00 00 FF 00 00 00
  can0  110   [8]  00 00 00 00 00 00 00 00
  can0  111   [8]  64 0A 02 00 00 00 00 00
  can0  112   [8]  03 03 77 77 04 04 04 04
  can0  113   [8]  F4 33 0A 00 3F 4D 0A 00
  can0  114   [8]  00 00 00 00 00 00 80 00
  can0  115   [8]  00 00 00 00 00 00 00 00
  can0  116   [8]  00 08 00 08 00 00 00 00
  can0  101   [8]  5F F6 00 00 00 00 00 11
  can0  103   [8]  00 00 00 00 00 00 00 00
  can0  100   [8]  95 73 64 9C 64 9C 77 33
  can0  102   [8]  00 00 00 00 FF 00 00 00
  can0  110   [8]  00 00 00 00 00 00 00 00
  can0  111   [8]  65 0A 02 00 00 00 00 00
  can0  112   [8]  03 03 77 77 04 04 04 04
  can0  113   [8]  F9 33 0A 00 44 4D 0A 00
  can0  114   [8]  00 00 00 00 00 00 80 00
  can0  115   [8]  00 00 00 00 00 00 00 00
  can0  116   [8]  00 08 00 08 00 00 00 00
  can0  101   [8]  02 F7 00 00 00 00 00 11
  can0  103   [8]  00 00 00 00 00 00 00 00
  can0  100   [8]  1B 74 64 9C 64 9C 77 33
  can0  102   [8]  00 00 00 00 FF 00 00 00
  can0  110   [8]  00 00 00 00 00 00 00 00
  can0  111   [8]  66 0A 02 00 00 00 00 00
  can0  112   [8]  03 03 77 77 04 04 04 04
  can0  113   [8]  FE 33 0A 00 49 4D 0A 00
  can0  114   [8]  00 00 00 00 00 00 80 00
  can0  115   [8]  00 00 00 00 00 00 00 00
  can0  116   [8]  00 08 00 08 00 00 00 00
  can0  101   [8]  5E F8 00 00 00 00 00 11
  can0  103   [8]  00 00 00 00 00 00 00 00
  can0  100   [8]  46 75 64 9C 64 9C 77 33
  can0  102   [8]  00 00 00 00 FF 00 00 00
  can0  110   [8]  00 00 00 00 00 00 00 00
  can0  111   [8]  67 0A 02 00 00 00 00 00
  can0  112   [8]  03 03 77 77 04 04 04 04
  can0  113   [8]  03 34 0A 00 4E 4D 0A 00
  can0  114   [8]  00 00 00 00 00 00 80 00
  can0  115   [8]  00 00 00 00 00 00 00 00
  can0  116   [8]  00 08 00 08 00 00 00 00
  can0  101   [8]  03 F9 00 00 00 00 00 11
  can0  103   [8]  00 00 00 00 00 00 00 00
  can0  100   [8]  A1 76 64 9C 64 9C 77 33
  can0  102   [8]  00 00 00 00 FF 00 00 00
  can0  110   [8]  00 00 00 00 00 00 00 00
  can0  111   [8]  68 0A 02 00 00 00 00 00
  can0  112   [8]  03 03 77 77 04 04 04 04
  can0  113   [8]  08 34 0A 00 53 4D 0A 00
  can0  114   [8]  00 00 00 00 00 00 80 00
  can0  115   [8]  00 00 00 00 00 00 00 00
  can0  116   [8]  00 08 00 08 00 00 00 00
  can0  101   [8]  E4 FA 00 00 00 00 00 11
  can0  103   [8]  00 00 00 00 00 00 00 00
  can0  600   [8]  EC FF F0 FF FB 00 02 03
  can0  601   [6]  10 00 FC FF 86 01
  can0  630   [1]  F0
  can0  100   [8]  FC 77 64 9C 64 9C 77 33
  can0  102   [8]  00 00 00 00 FF 00 00 00
  can0  110   [8]  00 00 00 00 00 00 00 00
  can0  111   [8]  69 0A 02 00 00 00 00 00
  can0  112   [8]  03 03 77 77 04 04 04 04
  can0  113   [8]  0D 34 0A 00 58 4D 0A 00
  can0  114   [8]  00 00 00 00 00 00 80 00
  can0  115   [8]  00 00 00 00 00 00 00 00
  can0  116   [8]  00 08 00 08 00 00 00 00
  can0  101   [8]  B9 FB 00 00 00 00 00 11
  can0  103   [8]  00 00 00 00 00 00 00 00
  can0  100   [8]  A0 78 64 9C 64 9C 77 33
  can0  102   [8]  00 00 00 00 FF 00 00 00
  can0  110   [8]  00 00 00 00 00 00 00 00
  can0  111   [8]  6A 0A 02 00 00 00 00 00
  can0  112   [8]  03 03 77 77 04 04 04 04
  can0  113   [8]  12 34 0A 00 5D 4D 0A 00
  can0  114   [8]  00 00 00 00 00 00 80 00
  can0  115   [8]  00 00 00 00 00 00 00 00
  can0  116   [8]  00 08 00 08 00 00 00 00
  can0  101   [8]  37 FC 00 00 00 00 00 11
  can0  103   [8]  00 00 00 00 00 00 00 00
  can0  100   [8]  FD 79 64 9C 64 9C 77 33
  can0  102   [8]  00 00 00 00 FF 00 00 00
  can0  110   [8]  00 00 00 00 00 00 00 00
  can0  111   [8]  6B 0A 02 00 00 00 00 00
  can0  112   [8]  03 03 77 77 04 04 04 04
  can0  113   [8]  17 34 0A 00 62 4D 0A 00
  can0  114   [8]  00 00 00 00 00 00 80 00
  can0  115   [8]  00 00 00 00 00 00 00 00
  can0  116   [8]  00 08 00 08 00 00 00 00
  can0  101   [8]  6A FD 00 00 00 00 00 11
  can0  103   [8]  00 00 00 00 00 00 00 00
  can0  100   [8]  1A 7A 64 9C 64 9C 77 33
  can0  102   [8]  00 00 00 00 FF 00 00 00
  can0  110   [8]  00 00 00 00 00 00 00 00
  can0  111   [8]  6C 0A 02 00 00 00 00 00
  can0  112   [8]  03 03 77 77 04 04 04 04
  can0  113   [8]  1C 34 0A 00 67 4D 0A 00
  can0  114   [8]  00 00 00 00 00 00 80 00
  can0  115   [8]  00 00 00 00 00 00 00 00
  can0  116   [8]  00 08 00 08 00 00 00 00
  can0  101   [8]  8D FE 00 00 00 00 00 11
  can0  103   [8]  00 00 00 00 00 00 00 00
  can0  100   [8]  47 7B 64 9C 64 9C 77 33
  can0  102   [8]  00 00 00 00 FF 00 00 00
  can0  110   [8]  00 00 00 00 00 00 00 00
  can0  111   [8]  6D 0A 02 00 00 00 00 00
  can0  112   [8]  03 03 77 77 04 04 04 04
  can0  113   [8]  21 34 0A 00 6C 4D 0A 00
  can0  114   [8]  00 00 00 00 00 00 80 00
  can0  115   [8]  00 00 00 00 00 00 00 00
  can0  116   [8]  00 08 00 08 00 00 00 00
  can0  101   [8]  D0 FF 00 00 00 00 00 11
  can0  103   [8]  00 00 00 00 00 00 00 00
  can0  610   [8]  48 E1 0A BF D7 A3 C0 BE
  can0  611   [4]  3E 0A D7 3D
  can0  630   [1]  F0
  can0  100   [8]  C9 7C 64 9C 64 9C 77 33
  can0  102   [8]  00 00 00 00 FF 00 00 00
  can0  110   [8]  00 00 00 00 00 00 00 00
  can0  111   [8]  6E 0A 02 00 00 00 00 00
  can0  112   [8]  03 03 77 77 04 04 04 04
  can0  113   [8]  26 34 0A 00 71 4D 0A 00
  can0  114   [8]  00 00 00 00 00 00 80 00
  can0  115   [8]  00 00 00 00 00 00 00 00
  can0  116   [8]  00 08 00 08 00 00 00 00
  can0  101   [8]  25 00 00 00 00 00 00 11
  can0  103   [8]  00 00 00 00 00 00 00 00
  can0  100   [8]  94 7D 64 9C 64 9C 77 33
  can0  102   [8]  00 00 00 00 FF 00 00 00
  can0  110   [8]  01 00 00 00 00 00 00 00
  can0  111   [8]  6F 0A 02 00 00 00 00 00
  can0  112   [8]  03 03 77 77 04 04 04 04
  can0  101   [8]  78 01 00 00 00 00 00 11
  can0  113   [8]  2B 34 0A 00 76 4D 0A 00
  can0  114   [8]  00 00 00 00 00 00 80 00
  can0  115   [8]  00 00 00 00 00 00 00 00
  can0  116   [8]  00 08 00 08 00 00 00 00
  can0  103   [8]  00 00 00 00 00 00 00 00
  can0  100   [8]  73 7E 64 9C 64 9C 77 33
  can0  102   [8]  00 00 00 00 FF 00 00 00
  can0  110   [8]  01 00 00 00 00 00 00 00
  can0  111   [8]  70 0A 02 00 00 00 00 00
  can0  112   [8]  03 03 77 77 04 04 04 04
  can0  101   [8]  9F 02 00 00 00 00 00 11
  can0  113   [8]  30 34 0A 00 7B 4D 0A 00
  can0  114   [8]  00 00 00 00 00 00 80 00
  can0  115   [8]  00 00 00 00 00 00 00 00
  can0  116   [8]  00 08 00 08 00 00 00 00
  can0  103   [8]  00 00 00 00 00 00 00 00
  can0  100   [8]  2E 7F 64 9C 64 9C 77 33
  can0  102   [8]  00 00 00 00 FF 00 00 00
  can0  110   [8]  01 00 00 00 00 00 00 00
  can0  111   [8]  71 0A 02 00 00 00 00 00
  can0  112   [8]  03 03 77 77 04 04 04 04
  can0  113   [8]  35 34 0A 00 80 4D 0A 00
  can0  114   [8]  00 00 00 00 00 00 80 00
  can0  115   [8]  00 00 00 00 00 00 00 00
  can0  116   [8]  00 08 00 08 00 00 00 00
  can0  101   [8]  C2 03 00 00 00 00 00 11
  can0  103   [8]  00 00 00 00 00 00 00 00
  can0  100   [8]  DB 80 64 9C 64 9C 77 33
  can0  102   [8]  00 00 00 00 FF 00 00 00
  can0  110   [8]  01 00 00 00 00 00 00 00
  can0  111   [8]  72 0A 02 00 00 00 00 00
  can0  112   [8]  03 03 77 77 04 04 04 04
  can0  101   [8]  4C 04 00 00 00 00 00 11
  can0  113   [8]  3A 34 0A 00 85 4D 0A 00
  can0  114   [8]  00 00 00 00 00 00 80 00
  can0  115   [8]  00 00 00 00 00 00 00 00
  can0  116   [8]  00 08 00 08 00 00 00 00
  can0  103   [8]  00 00 00 00 00 00 00 00
  can0  630   [1]  F0
  can0  100   [8]  86 81 64 9C 64 9C 77 33
  can0  102   [8]  00 00 00 00 FF 00 00 00
  can0  110   [8]  01 00 00 00 00 00 00 00
  can0  111   [8]  73 0A 02 00 00 00 00 00
  can0  112   [8]  03 03 77 77 04 04 04 04
  can0  113   [8]  3F 34 0A 00 8A 4D 0A 00
  can0  114   [8]  00 00 00 00 00 00 80 00
  can0  115   [8]  00 00 00 00 00 00 00 00
  can0  116   [8]  00 08 00 08 00 00 00 00
  can0  101   [8]  11 05 00 00 00 00 00 11
  can0  103   [8]  00 00 00 00 00 00 00 00
  can0  100   [8]  61 82 64 9C 64 9C 77 33
  can0  102   [8]  00 00 00 00 FF 00 00 00
  can0  110   [8]  01 00 00 00 00 00 00 00
  can0  111   [8]  74 0A 02 00 00 00 00 00
  can0  112   [8]  03 03 77 77 04 04 04 04
  can0  101   [8]  F6 06 00 00 00 00 00 11
  can0  113   [8]  44 34 0A 00 8F 4D 0A 00
  can0  114   [8]  00 00 00 00 00 00 80 00
  can0  115   [8]  00 00 00 00 00 00 00 00
  can0  116   [8]  00 08 00 08 00 00 00 00
  can0  103   [8]  00 00 00 00 00 00 00 00
  can0  100   [8]  3C 83 64 9C 64 9C 77 33
  can0  102   [8]  00 00 00 00 FF 00 00 00
  can0  110   [8]  01 00 00 00 00 00 00 00
  can0  111   [8]  75 0A 02 00 00 00 00 00
  can0  112   [8]  03 03 77 77 04 04 04 04
  can0  113   [8]  49 34 0A 00 94 4D 0A 00
  can0  114   [8]  00 00 00 00 00 00 80 00
  can0  115   [8]  00 00 00 00 00 00 00 00
  can0  116   [8]  00 08 00 08 00 00 00 00
  can0  101   [8]  AB 07 00 00 00 00 00 11
  can0  103   [8]  00 00 00 00 00 00 00 00
  can0  620   [3]  02 00 01
  can0  621   [8]  00 00 00 00 00 00 00 00
  can0  622   [7]  00 00 00 00 00 00 00
  can0  623   [7]  00 00 00 00 00 00 00
  can0  624   [4]  00 00 00 00
  can0  625   [8]  E1 FA C7 42 E1 FA C7 42
  can0  626   [4]  E1 FA C7 42
  can0  627   [6]  00 00 00 00 00 00
  can0  100   [8]  B2 84 64 9C 64 9C 77 33
  can0  102   [8]  00 00 00 00 FF 00 00 00
  can0  110   [8]  01 00 00 00 00 00 00 00
  can0  111   [8]  76 0A 02 00 00 00 00 00
  can0  112   [8]  03 03 77 77 04 04 04 04
  can0  101   [8]  F7 08 00 00 00 00 00 11
  can0  113   [8]  4E 34 0A 00 99 4D 0A 00
  can0  114   [8]  00 00 00 00 00 00 80 00
  can0  115   [8]  00 00 00 00 00 00 00 00
  can0  116   [8]  00 08 00 08 00 00 00 00
  can0  103   [8]  00 00 00 00 00 00 00 00
  can0  100   [8]  EF 85 64 9C 64 9C 77 33
  can0  102   [8]  00 00 00 00 FF 00 00 00
  can0  110   [8]  01 00 00 00 00 00 00 00
  can0  111   [8]  77 0A 02 00 00 00 00 00
  can0  112   [8]  03 03 77 77 04 04 04 04
  can0  113   [8]  53 34 0A 00 9E 4D 0A 00
  can0  114   [8]  00 00 00 00 00 00 80 00
  can0  115   [8]  00 00 00 00 00 00 00 00
  can0  116   [8]  00 08 00 08 00 00 00 00
  can0  101   [8]  AA 09 00 00 00 00 00 11
  can0  103   [8]  00 00 00 00 00 00 00 00
  can0  600   [8]  ED FF F0 FF FB 00 02 03
  can0  601   [6]  16 00 F9 FF 84 01
  can0  610   [8]  48 E1 42 BF 3E 0A 57 BD
  can0  611   [4]  E1 7A E4 3E
  can0  630   [1]  F0
  can0  100   [8]  08 86 64 9C 64 9C 77 33
  can0  102   [8]  00 00 00 00 FF 00 00 00
  can0  110   [8]  01 00 00 00 00 00 00 00
  can0  111   [8]  78 0A 02 00 00 00 00 00
  can0  112   [8]  03 03 77 77 04 04 04 04
  can0  113   [8]  58 34 0A 00 A3 4D 0A 00
  can0  114   [8]  00 00 00 00 00 00 80 00
  can0  115   [8]  00 00 00 00 00 00 00 00
  can0  116   [8]  00 08 00 08 00 00 00 00
  can0  101   [8]  4D 0A 00 00 00 00 00 11
  can0  103   [8]  00 00 00 00 00 00 00 00
  can0  100   [8]  55 87 64 9C 64 9C 77 33
  can0  102   [8]  00 00 00 00 FF 00 00 00
  can0  110   [8]  01 00 00 00 00 00 00 00
  can0  111   [8]  79 0A 02 00 00 00 00 00
  can0  112   [8]  03 03 77 77 04 04 04 04
  can0  101   [8]  10 0B 00 00 00 00 00 11
  can0  103   [8]  00 00 00 00 00 00 00 00
  can0  113   [8]  5D 34 0A 00 A8 4D 0A 00
  can0  114   [8]  00 00 00 00 00 00 80 00
  can0  115   [8]  00 00 00 00 00 00 00 00
  can0  116   [8]  00 08 00 08 00 00 00 00
  can0  100   [8]  09 88 64 9C 64 9C 77 33
  can0  102   [8]  00 00 00 00 FF 00 00 00
  can0  110   [8]  01 00 00 00 00 00 00 00
  can0  111   [8]  7A 0A 02 00 00 00 00 00
  can0  112   [8]  03 03 77 77 04 04 04 04
  can0  101   [8]  9E 0C 00 00 00 00 00 11
  can0  103   [8]  00 00 00 00 00 00 00 00
  can0  113   [8]  62 34 0A 00 AD 4D 0A 00
  can0  114   [8]  00 00 00 00 00 00 80 00
  can0  115   [8]  00 00 00 00 00 00 00 00
  can0  116   [8]  00 08 00 08 00 00 00 00
  can0  100   [8]  54 89 64 9C 64 9C 77 33
  can0  102   [8]  00 00 00 00 FF 00 00 00
  can0  110   [8]  01 00 00 00 00 00 00 00
  can0  111   [8]  7B 0A 02 00 00 00 00 00
  can0  112   [8]  03 03 77 77 04 04 04 04
  can0  101   [8]  C3 0D 00 00 00 00 00 11
  can0  103   [8]  00 00 00 00 00 00 00 00
  can0  113   [8]  67 34 0A 00 B2 4D 0A 00
  can0  114   [8]  00 00 00 00 00 00 80 00
  can0  115   [8]  00 00 00 00 00 00 00 00
  can0  116   [8]  00 08 00 08 00 00 00 00
  can0  100   [8]  B3 8A 64 9C 64 9C 77 33
  can0  102   [8]  00 00 00 00 FF 00 00 00
  can0  110   [8]  01 00 00 00 00 00 00 00
  can0  111   [8]  7C 0A 02 00 00 00 00 00
  can0  112   [8]  03 03 77 77 04 04 04 04
  can0  101   [8]  24 0E 00 00 00 00 00 11
  can0  103   [8]  00 00 00 00 00 00 00 00
  can0  113   [8]  6C 34 0A 00 B7 4D 0A 00
  can0  114   [8]  00 00 00 00 00 00 80 00
  can0  115   [8]  00 00 00 00 00 00 00 00
  can0  116   [8]  00 08 00 08 00 00 00 00
  can0  630   [1]  F0
  can0  100   [8]  EE 8B 64 9C 64 9C 77 33
  can0  102   [8]  00 00 00 00 FF 00 00 00
  can0  110   [8]  01 00 00 00 00 00 00 00
  can0  111   [8]  7D 0A 02 00 00 00 00 00
  can0  112   [8]  03 03 77 77 04 04 04 04
  can0  101   [8]  79 0F 00 00 00 00 00 11
  can0  103   [8]  00 00 00 00 00 00 00 00
  can0  113   [8]  71 34 0A 00 BC 4D 0A 00
  can0  114   [8]  00 00 00 00 00 00 80 00
  can0  115   [8]  00 00 00 00 00 00 00 00
  can0  116   [8]  00 08 00 08 00 00 00 00
  can0  100   [8]  60 8C 64 9C 64 9C 77 33
  can0  102   [8]  00 00 00 00 FF 00 00 00
  can0  110   [8]  01 00 00 00 00 00 00 00
  can0  111   [8]  7E 0A 02 00 00 00 00 00
  can0  112   [8]  03 03 77 77 04 04 04 04
  can0  101   [8]  9C 10 00 00 00 00 00 11
  can0  103   [8]  00 00 00 00 00 00 00 00
  can0  113   [8]  76 34 0A 00 C1 4D 0A 00
  can0  114   [8]  00 00 00 00 00 00 80 00
  can0  115   [8]  00 00 00 00 00 00 00 00
  can0  116   [8]  00 08 00 08 00 00 00 00
  can0  100   [8]  3D 8D 64 9C 64 9C 77 33
  can0  102   [8]  00 00 00 00 FF 00 00 00
  can0  110   [8]  01 00 00 00 00 00 00 00
  can0  111   [8]  7F 0A 02 00 00 00 00 00
  can0  112   [8]  03 03 77 77 04 04 04 04
  can0  101   [8]  C1 11 00 00 00 00 00 11
  can0  103   [8]  00 00 00 00 00 00 00 00
  can0  113   [8]  7B 34 0A 00 C6 4D 0A 00
  can0  114   [8]  00 00 00 00 00 00 80 00
  can0  115   [8]  00 00 00 00 00 00 00 00
  can0  116   [8]  00 08 00 08 00 00 00 00
  can0  100   [8]  DA 8E 64 9C 64 9C 77 33
  can0  102   [8]  00 00 00 00 FF 00 00 00
  can0  110   [8]  01 00 00 00 00 00 00 00
  can0  111   [8]  80 0A 02 00 00 00 00 00
  can0  112   [8]  03 03 77 77 04 04 04 04
  can0  101   [8]  26 12 00 00 00 00 00 11
  can0  103   [8]  00 00 00 00 00 00 00 00
  can0  113   [8]  80 34 0A 00 CB 4D 0A 00
  can0  114   [8]  00 00 00 00 00 00 80 00
  can0  115   [8]  00 00 00 00 00 00 00 00
  can0  116   [8]  00 08 00 08 00 00 00 00
  can0  100   [8]  87 8F 64 9C 64 9C 77 33
  can0  102   [8]  00 00 00 00 FF 00 00 00
  can0  110   [8]  01 00 00 00 00 00 00 00
  can0  111   [8]  81 0A 02 00 00 00 00 00
  can0  112   [8]  03 03 77 77 04 04 04 04
  can0  101   [8]  7B 13 00 00 00 00 00 11
  can0  103   [8]  00 00 00 00 00 00 00 00
  can0  113   [8]  85 34 0A 00 D0 4D 0A 00
  can0  114   [8]  00 00 00 00 00 00 80 00
  can0  115   [8]  00 00 00 00 00 00 00 00
  can0  116   [8]  00 08 00 08 00 00 00 00
  can0  610   [8]  48 E1 42 BF 3E 0A 57 BD
  can0  611   [4]  E1 7A E4 3E
  can0  630   [1]  F0
  can0  100   [8]  62 90 64 9C 64 9C 77 33
  can0  102   [8]  00 00 00 00 FF 00 00 00
  can0  110   [8]  01 00 00 00 00 00 00 00
  can0  111   [8]  82 0A 02 00 00 00 00 00
  can0  112   [8]  03 03 77 77 04 04 04 04
  can0  101   [8]  F5 14 00 00 00 00 00 11
  can0  103   [8]  00 00 00 00 00 00 00 00
  can0  113   [8]  8A 34 0A 00 D5 4D 0A 00
  can0  114   [8]  00 00 00 00 00 00 80 00
  can0  115   [8]  00 00 00 00 00 00 00 00
  can0  116   [8]  00 08 00 08 00 00 00 00
  can0  404   [8]  03 00 00 00 00 00 00 00
  can0  402   [8]  02 00 17 15 FF 2C 00 10
  can0  403   [8]  02 01 2D 12 3C 34 00 00
  can0  405   [8]  03 01 00 00 00 00 00 00
  can0  100   [8]  3F 91 64 9C 64 9C 77 33
  can0  102   [8]  00 00 00 00 FF 00 00 00
  can0  110   [8]  01 00 00 00 00 00 00 00
  can0  111   [8]  83 0A 02 00 00 00 00 00
  can0  112   [8]  03 03 77 77 04 04 04 04
  can0  101   [8]  A8 15 00 00 00 00 00 11
  can0  103   [8]  00 00 00 00 00 00 00 00
  can0  113   [8]  8F 34 0A 00 DA 4D 0A 00
  can0  114   [8]  00 00 00 00 00 00 80 00
  can0  115   [8]  00 00 00 00 00 00 00 00
  can0  116   [8]  00 08 00 08 00 00 00 00
  can0  100   [8]  D8 92 64 9C 64 9C 77 33
  can0  102   [8]  00 00 00 00 FF 00 00 00
  can0  110   [8]  01 00 00 00 00 00 00 00
  can0  111   [8]  84 0A 02 00 00 00 00 00
  can0  112   [8]  03 03 77 77 04 04 04 04
  can0  101   [8]  4F 16 00 00 00 00 00 11
  can0  103   [8]  00 00 00 00 00 00 00 00
  can0  113   [8]  94 34 0A 00 DF 4D 0A 00
  can0  114   [8]  00 00 00 00 00 00 80 00
  can0  115   [8]  00 00 00 00 00 00 00 00
  can0  116   [8]  00 08 00 08 00 00 00 00
  can0  100   [8]  85 93 64 9C 64 9C 77 33
  can0  102   [8]  00 00 00 00 FF 00 00 00
  can0  110   [8]  01 00 00 00 00 00 00 00
  can0  111   [8]  85 0A 02 00 00 00 00 00
  can0  112   [8]  03 03 77 77 04 04 04 04
  can0  101   [8]  12 17 00 00 00 00 00 11
  can0  103   [8]  00 00 00 00 00 00 00 00
  can0  113   [8]  99 34 0A 00 E4 4D 0A 00
  can0  114   [8]  00 00 00 00 00 00 80 00
  can0  115   [8]  00 00 00 00 00 00 00 00
  can0  116   [8]  00 08 00 08 00 00 00 00
  can0  100   [8]  0B 94 64 9C 64 9C 77 33
  can0  102   [8]  00 00 00 00 FF 00 00 00
  can0  110   [8]  01 00 00 00 00 00 00 00
  can0  111   [8]  86 0A 02 00 00 00 00 00
  can0  112   [8]  03 03 77 77 04 04 04 04
  can0  101   [8]  4E 18 00 00 00 00 00 11
  can0  103   [8]  00 00 00 00 00 00 00 00
  can0  113   [8]  9E 34 0A 00 E9 4D 0A 00
  can0  114   [8]  00 00 00 00 00 00 80 00
  can0  115   [8]  00 00 00 00 00 00 00 00
  can0  116   [8]  00 08 00 08 00 00 00 00
  can0  600   [8]  EC FF F2 FF FA 00 02 03
  can0  601   [6]  0D 00 FA FF 82 01
  can0  630   [1]  F0
  can0  100   [8]  56 95 64 9C 64 9C 77 33
  can0  102   [8]  00 00 00 00 FF 00 00 00
  can0  110   [8]  01 00 00 00 00 00 00 00
  can0  111   [8]  87 0A 02 00 00 00 00 00
  can0  112   [8]  03 03 77 77 04 04 04 04
  can0  101   [8]  13 19 00 00 00 00 00 11
  can0  103   [8]  00 00 00 00 00 00 00 00
  can0  113   [8]  A3 34 0A 00 EE 4D 0A 00
  can0  114   [8]  00 00 00 00 00 00 80 00
  can0  115   [8]  00 00 00 00 00 00 00 00
  can0  116   [8]  00 08 00 08 00 00 00 00
  can0  100   [8]  B1 96 64 9C 64 9C 77 33
  can0  102   [8]  00 00 00 00 FF 00 00 00
  can0  110   [8]  01 00 00 00 00 00 00 00
  can0  111   [8]  88 0A 02 00 00 00 00 00
  can0  112   [8]  03 03 77 77 04 04 04 04
  can0  101   [8]  F4 1A 00 00 00 00 00 11
  can0  103   [8]  00 00 00 00 00 00 00 00
  can0  113   [8]  A8 34 0A 00 F3 4D 0A 00
  can0  114   [8]  00 00 00 00 00 00 80 00
  can0  115   [8]  00 00 00 00 00 00 00 00
  can0  116   [8]  00 08 00 08 00 00 00 00
  can0  100   [8]  EC 97 64 9C 64 9C 77 33
  can0  102   [8]  00 00 00 00 FF 00 00 00
  can0  110   [8]  01 00 00 00 00 00 00 00
  can0  111   [8]  89 0A 02 00 00 00 00 00
  can0  112   [8]  03 03 77 77 04 04 04 04
  can0  101   [8]  A9 1B 00 00 00 00 00 11
  can0  103   [8]  00 00 00 00 00 00 00 00
  can0  113   [8]  AD 34 0A 00 F8 4D 0A 00
  can0  114   [8]  00 00 00 00 00 00 80 00
  can0  115   [8]  00 00 00 00 00 00 00 00
  can0  116   [8]  00 08 00 08 00 00 00 00
  can0  620   [3]  02 00 01
  can0  621   [8]  00 00 00 00 00 00 00 00
  can0  622   [7]  00 00 00 00 00 00 00
  can0  623   [7]  00 00 00 00 00 00 00
  can0  624   [4]  00 00 00 00
  can0  625   [8]  E1 FA C7 42 E1 FA C7 42
  can0  626   [4]  E1 FA C7 42
  can0  627   [6]  00 00 00 00 00 00
  can0  100   [8]  B0 98 64 9C 64 9C 77 33
  can0  102   [8]  00 00 00 00 FF 00 00 00
  can0  110   [8]  01 00 00 00 00 00 00 00
  can0  111   [8]  8A 0A 02 00 00 00 00 00
  can0  112   [8]  03 03 77 77 04 04 04 04
  can0  101   [8]  27 1C 00 00 00 00 00 11
  can0  103   [8]  00 00 00 00 00 00 00 00
  can0  113   [8]  B2 34 0A 00 FD 4D 0A 00
  can0  114   [8]  00 00 00 00 00 00 80 00
  can0  115   [8]  00 00 00 00 00 00 00 00
  can0  116   [8]  00 08 00 08 00 00 00 00
  can0  640   [8]  2E 21 07 06 13 07 19 00
  can0  100   [8]  ED 99 64 9C 64 9C 77 33
  can0  102   [8]  00 00 00 00 FF 00 00 00
  can0  110   [8]  01 00 00 00 00 00 00 00
  can0  111   [8]  8B 0A 02 00 00 00 00 00
  can0  112   [8]  03 03 77 77 04 04 04 04
  can0  101   [8]  7A 1D 00 00 00 00 00 11
  can0  103   [8]  00 00 00 00 00 00 00 00
  can0  113   [8]  B7 34 0A 00 02 4E 0A 00
  can0  114   [8]  00 00 00 00 00 00 80 00
  can0  115   [8]  00 00 00 00 00 00 00 00
  can0  116   [8]  00 08 00 08 00 00 00 00
  can0  610   [8]  29 5C FF BE C3 F5 E8 BE
  can0  611   [4]  48 E1 FA 3E
  can0  630   [1]  F0
  can0  100   [8]  0A 9A 64 9C 64 9C 77 33
  can0  102   [8]  00 00 00 00 FF 00 00 00
  can0  110   [8]  01 00 00 00 00 00 00 00
  can0  111   [8]  8C 0A 02 00 00 00 00 00
  can0  112   [8]  03 03 77 77 04 04 04 04
  can0  101   [8]  9D 1E 00 00 00 00 00 11
  can0  103   [8]  00 00 00 00 00 00 00 00
  can0  113   [8]  BC 34 0A 00 07 4E 0A 00
  can0  114   [8]  00 00 00 00 00 00 80 00
  can0  115   [8]  00 00 00 00 00 00 00 00
  can0  116   [8]  00 08 00 08 00 00 00 00
  can0  101   [8]  C0 1F 00 00 00 00 00 11
  can0  103   [8]  00 00 00 00 00 00 00 00
  can0  100   [8]  57 9B 64 9C 64 9C 77 33
  can0  102   [8]  00 00 00 00 FF 00 00 00
  can0  110   [8]  01 00 00 00 00 00 00 00
  can0  111   [8]  8D 0A 02 00 00 00 00 00
  can0  112   [8]  03 03 77 77 04 04 04 04
  can0  113   [8]  C1 34 0A 00 0C 4E 0A 00
  can0  114   [8]  00 00 00 00 00 00 80 00
  can0  115   [8]  00 00 00 00 00 00 00 00
  can0  116   [8]  00 08 00 08 00 00 00 00
  can0  101   [8]  4A 20 00 00 00 00 00 11
  can0  103   [8]  00 00 00 00 00 00 00 00
  can0  100   [8]  D9 9C 64 9C 64 9C 77 33
  can0  102   [8]  00 00 00 00 FF 00 00 00
  can0  110   [8]  01 00 00 00 00 00 00 00
  can0  111   [8]  8E 0A 02 00 00 00 00 00
  can0  112   [8]  03 03 77 77 04 04 04 04
  can0  113   [8]  C6 34 0A 00 11 4E 0A 00
  can0  114   [8]  00 00 00 00 00 00 80 00
  can0  115   [8]  00 00 00 00 00 00 00 00
  can0  116   [8]  00 08 00 08 00 00 00 00
  can0  101   [8]  17 21 00 00 00 00 00 11
  can0  103   [8]  00 00 00 00 00 00 00 00
  can0  100   [8]  84 9D 64 9C 64 9C 77 33
  can0  102   [8]  00 00 00 00 FF 00 00 00
  can0  110   [8]  01 00 00 00 00 00 00 00
  can0  111   [8]  8F 0A 02 00 00 00 00 00
  can0  112   [8]  03 03 77 77 04 04 04 04
  can0  113   [8]  CB 34 0A 00 16 4E 0A 00
  can0  114   [8]  00 00 00 00 00 00 80 00
  can0  115   [8]  00 00 00 00 00 00 00 00
  can0  116   [8]  00 08 00 08 00 00 00 00
  can0  101   [8]  F0 22 00 00 00 00 00 11
  can0  103   [8]  00 00 00 00 00 00 00 00
  can0  100   [8]  63 9E 64 9C 64 9C 77 33
  can0  102   [8]  00 00 00 00 FF 00 00 00
  can0  110   [8]  01 00 00 00 00 00 00 00
  can0  111   [8]  90 0A 02 00 00 00 00 00
  can0  112   [8]  03 03 77 77 04 04 04 04
  can0  113   [8]  D0 34 0A 00 1B 4E 0A 00
  can0  114   [8]  00 00 00 00 00 00 80 00
  can0  115   [8]  00 00 00 00 00 00 00 00
  can0  116   [8]  00 08 00 08 00 00 00 00
  can0  630   [1]  F0
  can0  101   [8]  AD 23 00 00 00 00 00 11
  can0  103   [8]  00 00 00 00 00 00 00 00
  can0  100   [8]  3E 9F 64 9C 64 9C 77 33
  can0  102   [8]  00 00 00 00 FF 00 00 00
  can0  110   [8]  01 00 00 00 00 00 00 00
  can0  111   [8]  91 0A 02 00 00 00 00 00
  can0  112   [8]  03 03 77 77 04 04 04 04
  can0  113   [8]  D5 34 0A 00 20 4E 0A 00
  can0  114   [8]  00 00 00 00 00 00 80 00
  can0  115   [8]  00 00 00 00 00 00 00 00
  can0  116   [8]  00 08 00 08 00 00 00 00
  can0  101   [8]  23 24 00 00 00 00 00 11
  can0  103   [8]  00 00 00 00 00 00 00 00
  can0  100   [8]  B4 A0 64 9C 64 9C 77 33
  can0  102   [8]  00 00 00 00 FF 00 00 00
  can0  110   [8]  01 00 00 00 00 00 00 00
  can0  111   [8]  92 0A 02 00 00 00 00 00
  can0  112   [8]  03 03 77 77 04 04 04 04
  can0  113   [8]  DA 34 0A 00 25 4E 0A 00
  can0  114   [8]  00 00 00 00 00 00 80 00
  can0  115   [8]  00 00 00 00 00 00 00 00
  can0  116   [8]  00 08 00 08 00 00 00 00
  can0  101   [8]  7E 25 00 00 00 00 00 11
  can0  103   [8]  00 00 00 00 00 00 00 00
  can0  100   [8]  E9 A1 64 9C 64 9C 77 33
  can0  102   [8]  00 00 00 00 FF 00 00 00
  can0  110   [8]  01 00 00 00 00 00 00 00
  can0  111   [8]  93 0A 02 00 00 00 00 00
  can0  112   [8]  03 03 77 77 04 04 04 04
  can0  113   [8]  DF 34 0A 00 2A 4E 0A 00
  can0  114   [8]  00 00 00 00 00 00 80 00
  can0  115   [8]  00 00 00 00 00 00 00 00
  can0  116   [8]  00 08 00 08 00 00 00 00
  can0  101   [8]  99 26 00 00 00 00 00 11
  can0  103   [8]  00 00 00 00 00 00 00 00
  can0  100   [8]  0E A2 64 9C 64 9C 77 33
  can0  102   [8]  00 00 00 00 FF 00 00 00
  can0  110   [8]  01 00 00 00 00 00 00 00
  can0  111   [8]  94 0A 02 00 00 00 00 00
  can0  112   [8]  03 03 77 77 04 04 04 04
  can0  113   [8]  E4 34 0A 00 2F 4E 0A 00
  can0  114   [8]  00 00 00 00 00 00 80 00
  can0  115   [8]  00 00 00 00 00 00 00 00
  can0  116   [8]  00 08 00 08 00 00 00 00
  can0  101   [8]  C4 27 00 00 00 00 00 11
  can0  103   [8]  00 00 00 00 00 00 00 00
  can0  100   [8]  53 A3 64 9C 64 9C 77 33
  can0  102   [8]  00 00 00 00 FF 00 00 00
  can0  110   [8]  01 00 00 00 00 00 00 00
  can0  111   [8]  95 0A 02 00 00 00 00 00
  can0  112   [8]  03 03 77 77 04 04 04 04
  can0  113   [8]  E9 34 0A 00 34 4E 0A 00
  can0  114   [8]  00 00 00 00 00 00 80 00
  can0  115   [8]  00 00 00 00 00 00 00 00
  can0  116   [8]  00 08 00 08 00 00 00 00
  can0  600   [8]  ED FF F0 FF FB 00 02 03
  can0  601   [6]  0D 00 FA FF 82 01
  can0  610   [8]  29 5C FF BE C3 F5 E8 BE
  can0  611   [4]  48 E1 FA 3E
  can0  630   [1]  F0
  can0  101   [8]  98 28 00 00 00 00 00 11
  can0  103   [8]  00 00 00 00 00 00 00 00
  can0  100   [8]  DD A4 64 9C 64 9C 77 33
  can0  102   [8]  00 00 00 00 FF 00 00 00
  can0  110   [8]  01 00 00 00 00 00 00 00
  can0  111   [8]  96 0A 02 00 00 00 00 00
  can0  112   [8]  03 03 77 77 04 04 04 04
  can0  113   [8]  EE 34 0A 00 39 4E 0A 00
  can0  114   [8]  00 00 00 00 00 00 80 00
  can0  115   [8]  00 00 00 00 00 00 00 00
  can0  116   [8]  00 08 00 08 00 00 00 00
  can0  101   [8]  C5 29 00 00 00 00 00 11
  can0  103   [8]  00 00 00 00 00 00 00 00
  can0  100   [8]  80 A5 64 9C 64 9C 77 33
  can0  102   [8]  00 00 00 00 FF 00 00 00
  can0  110   [8]  01 00 00 00 00 00 00 00
  can0  111   [8]  97 0A 02 00 00 00 00 00
  can0  112   [8]  03 03 77 77 04 04 04 04
  can0  113   [8]  F3 34 0A 00 3E 4E 0A 00
  can0  114   [8]  00 00 00 00 00 00 80 00
  can0  115   [8]  00 00 00 00 00 00 00 00
  can0  116   [8]  00 08 00 08 00 00 00 00
  can0  101   [8]  22 2A 00 00 00 00 00 11
  can0  103   [8]  00 00 00 00 00 00 00 00
  can0  100   [8]  67 A6 64 9C 64 9C 77 33
  can0  102   [8]  00 00 00 00 FF 00 00 00
  can0  110   [8]  01 00 00 00 00 00 00 00
  can0  111   [8]  98 0A 02 00 00 00 00 00
  can0  112   [8]  03 03 77 77 04 04 04 04
  can0  113   [8]  F8 34 0A 00 43 4E 0A 00
  can0  114   [8]  00 00 00 00 00 00 80 00
  can0  115   [8]  00 00 00 00 00 00 00 00
  can0  116   [8]  00 08 00 08 00 00 00 00
  can0  101   [8]  7F 2B 00 00 00 00 00 11
  can0  103   [8]  00 00 00 00 00 00 00 00
  can0  100   [8]  3A A7 64 9C 64 9C 77 33
  can0  102   [8]  00 00 00 00 FF 00 00 00
  can0  110   [8]  01 00 00 00 00 00 00 00
  can0  111   [8]  99 0A 02 00 00 00 00 00
  can0  112   [8]  03 03 77 77 04 04 04 04
  can0  113   [8]  FD 34 0A 00 48 4E 0A 00
  can0  114   [8]  00 00 00 00 00 00 80 00
  can0  115   [8]  00 00 00 00 00 00 00 00
  can0  116   [8]  00 08 00 08 00 00 00 00
  can0  101   [8]  F1 2C 00 00 00 00 00 11
  can0  103   [8]  00 00 00 00 00 00 00 00
  can0  100   [8]  66 A8 64 9C 64 9C 77 33
  can0  102   [8]  00 00 00 00 FF 00 00 00
  can0  110   [8]  01 00 00 00 00 00 00 00
  can0  111   [8]  9A 0A 02 00 00 00 00 00
  can0  112   [8]  03 03 77 77 04 04 04 04
  can0  113   [8]  02 35 0A 00 4D 4E 0A 00
  can0  114   [8]  00 00 00 00 00 00 80 00
  can0  115   [8]  00 00 00 00 00 00 00 00
  can0  116   [8]  00 08 00 08 00 00 00 00
  can0  630   [1]  F0
  can0  101   [8]  AC 2D 00 00 00 00 00 11
  can0  103   [8]  00 00 00 00 00 00 00 00
  can0  100   [8]  3B A9 64 9C 64 9C 77 33
  can0  102   [8]  00 00 00 00 FF 00 00 00
  can0  110   [8]  01 00 00 00 00 00 00 00
  can0  111   [8]  9B 0A 02 00 00 00 00 00
  can0  112   [8]  03 03 77 77 04 04 04 04
  can0  113   [8]  07 35 0A 00 52 4E 0A 00
  can0  114   [8]  00 00 00 00 00 00 80 00
  can0  115   [8]  00 00 00 00 00 00 00 00
  can0  116   [8]  00 08 00 08 00 00 00 00
  can0  101   [8]  4B 2E 00 00 00 00 00 11
  can0  103   [8]  00 00 00 00 00 00 00 00
  can0  100   [8]  DC AA 64 9C 64 9C 77 33
  can0  102   [8]  00 00 00 00 FF 00 00 00
  can0  110   [8]  01 00 00 00 00 00 00 00
  can0  111   [8]  9C 0A 02 00 00 00 00 00
  can0  112   [8]  03 03 77 77 04 04 04 04
  can0  113   [8]  0C 35 0A 00 57 4E 0A 00
  can0  114   [8]  00 00 00 00 00 00 80 00
  can0  115   [8]  00 00 00 00 00 00 00 00
  can0  116   [8]  00 08 00 08 00 00 00 00
  can0  101   [8]  16 2F 00 00 00 00 00 11
  can0  103   [8]  00 00 00 00 00 00 00 00
  can0  100   [8]  81 AB 64 9C 64 9C 77 33
  can0  102   [8]  00 00 00 00 FF 00 00 00
  can0  110   [8]  01 00 00 00 00 00 00 00
  can0  111   [8]  9D 0A 02 00 00 00 00 00
  can0  112   [8]  03 03 77 77 04 04 04 04
  can0  113   [8]  11 35 0A 00 5C 4E 0A 00
  can0  114   [8]  00 00 00 00 00 00 80 00
  can0  115   [8]  00 00 00 00 00 00 00 00
  can0  116   [8]  00 08 00 08 00 00 00 00
  can0  620   [3]  02 00 01
  can0  621   [8]  00 00 00 00 00 00 00 00
  can0  622   [7]  00 00 00 00 00 00 00
  can0  623   [7]  00 00 00 00 00 00 00
  can0  624   [4]  00 00 00 00
  can0  625   [8]  E1 FA C7 42 E1 FA C7 42
  can0  626   [4]  E1 FA C7 42
  can0  627   [6]  00 00 00 00 00 00
  can0  101   [8]  F3 30 00 00 00 00 00 11
  can0  103   [8]  00 00 00 00 00 00 00 00
  can0  100   [8]  0F AC 64 9C 64 9C 77 33
  can0  102   [8]  00 00 00 00 FF 00 00 00
  can0  110   [8]  01 00 00 00 00 00 00 00
  can0  111   [8]  9E 0A 02 00 00 00 00 00
  can0  112   [8]  03 03 77 77 04 04 04 04
  can0  113   [8]  16 35 0A 00 61 4E 0A 00
  can0  114   [8]  00 00 00 00 00 00 80 00
  can0  115   [8]  00 00 00 00 00 00 00 00
  can0  116   [8]  00 08 00 08 00 00 00 00
  can0  101   [8]  AE 31 00 00 00 00 00 11
  can0  103   [8]  00 00 00 00 00 00 00 00
  can0  100   [8]  52 AD 64 9C 64 9C 77 33
  can0  102   [8]  00 00 00 00 FF 00 00 00
  can0  110   [8]  01 00 00 00 00 00 00 00
  can0  111   [8]  9F 0A 02 00 00 00 00 00
  can0  112   [8]  03 03 77 77 04 04 04 04
  can0  113   [8]  1B 35 0A 00 66 4E 0A 00
  can0  114   [8]  00 00 00 00 00 00 80 00
  can0  115   [8]  00 00 00 00 00 00 00 00
  can0  116   [8]  00 08 00 08 00 00 00 00
  can0  610   [8]  5C 8F 52 BF AE 47 21 3E
  can0  611   [4]  8F C2 25 3F
  can0  630   [1]  F0
  can0  101   [8]  49 32 00 00 00 00 00 11
  can0  103   [8]  00 00 00 00 00 00 00 00
  can0  100   [8]  B5 AE 64 9C 64 9C 77 33
  can0  102   [8]  00 00 00 00 FF 00 00 00
  can0  110   [8]  01 00 00 00 00 00 00 00
  can0  111   [8]  A0 0A 02 00 00 00 00 00
  can0  112   [8]  03 03 77 77 04 04 04 04
  can0  113   [8]  20 35 0A 00 6B 4E 0A 00
  can0  114   [8]  00 00 00 00 00 00 80 00
  can0  115   [8]  00 00 00 00 00 00 00 00
  can0  116   [8]  00 08 00 08 00 00 00 00
  can0  101   [8]  14 33 00 00 00 00 00 11
  can0  103   [8]  00 00 00 00 00 00 00 00
  can0  100   [8]  E8 AF 64 9C 64 9C 77 33
  can0  102   [8]  00 00 00 00 FF 00 00 00
  can0  110   [8]  01 00 00 00 00 00 00 00
  can0  111   [8]  A1 0A 02 00 00 00 00 00
  can0  112   [8]  03 03 77 77 04 04 04 04
  can0  113   [8]  25 35 0A 00 70 4E 0A 00
  can0  114   [8]  00 00 00 00 00 00 80 00
  can0  115   [8]  00 00 00 00 00 00 00 00
  can0  116   [8]  00 08 00 08 00 00 00 00
  can0  101   [8]  9A 34 00 00 00 00 00 11
  can0  103   [8]  00 00 00 00 00 00 00 00
  can0  100   [8]  0D B0 64 9C 64 9C 77 33
  can0  102   [8]  00 00 00 00 FF 00 00 00
  can0  110   [8]  01 00 00 00 00 00 00 00
  can0  111   [8]  A2 0A 02 00 00 00 00 00
  can0  112   [8]  03 03 77 77 04 04 04 04
  can0  113   [8]  2A 35 0A 00 75 4E 0A 00
  can0  114   [8]  00 00 00 00 00 00 80 00
  can0  115   [8]  00 00 00 00 00 00 00 00
  can0  116   [8]  00 08 00 08 00 00 00 00
  can0  101   [8]  C7 35 00 00 00 00 00 11
  can0  103   [8]  00 00 00 00 00 00 00 00
  can0  100   [8]  50 B1 64 9C 64 9C 77 33
  can0  102   [8]  00 00 00 00 FF 00 00 00
  can0  110   [8]  01 00 00 00 00 00 00 00
  can0  111   [8]  A3 0A 02 00 00 00 00 00
  can0  112   [8]  03 03 77 77 04 04 04 04
  can0  113   [8]  2F 35 0A 00 7A 4E 0A 00
  can0  114   [8]  00 00 00 00 00 00 80 00
  can0  115   [8]  00 00 00 00 00 00 00 00
  can0  116   [8]  00 08 00 08 00 00 00 00
  can0  101   [8]  20 36 00 00 00 00 00 11
  can0  103   [8]  00 00 00 00 00 00 00 00
  can0  600   [8]  EE FF F1 FF FC 00 01 03
  can0  601   [6]  0F 00 FB FF 85 01
  can0  100   [8]  B7 B2 64 9C 64 9C 77 33
  can0  102   [8]  00 00 00 00 FF 00 00 00
  can0  110   [8]  01 00 00 00 00 00 00 00
  can0  111   [8]  A4 0A 02 00 00 00 00 00
  can0  112   [8]  03 03 77 77 04 04 04 04
  can0  113   [8]  34 35 0A 00 7F 4E 0A 00
  can0  114   [8]  00 00 00 00 00 00 80 00
  can0  115   [8]  00 00 00 00 00 00 00 00
  can0  116   [8]  00 08 00 08 00 00 00 00
  can0  630   [1]  F0
  can0  101   [8]  7D 37 00 00 00 00 00 11
  can0  103   [8]  00 00 00 00 00 00 00 00
  can0  100   [8]  EA B3 64 9C 64 9C 77 33
  can0  102   [8]  00 00 00 00 FF 00 00 00
  can0  110   [8]  01 00 00 00 00 00 00 00
  can0  111   [8]  A5 0A 02 00 00 00 00 00
  can0  112   [8]  03 03 77 77 04 04 04 04
  can0  113   [8]  39 35 0A 00 84 4E 0A 00
  can0  114   [8]  00 00 00 00 00 00 80 00
  can0  115   [8]  00 00 00 00 00 00 00 00
  can0  116   [8]  00 08 00 08 00 00 00 00
  can0  101   [8]  21 38 00 00 00 00 00 11
  can0  103   [8]  00 00 00 00 00 00 00 00
  can0  100   [8]  64 B4 64 9C 64 9C 77 33
  can0  102   [8]  00 00 00 00 FF 00 00 00
  can0  110   [8]  01 00 00 00 00 00 00 00
  can0  111   [8]  A6 0A 02 00 00 00 00 00
  can0  112   [8]  03 03 77 77 04 04 04 04
  can0  113   [8]  3E 35 0A 00 89 4E 0A 00
  can0  114   [8]  00 00 00 00 00 00 80 00
  can0  115   [8]  00 00 00 00 00 00 00 00
  can0  116   [8]  00 08 00 08 00 00 00 00
  can0  101   [8]  7C 39 00 00 00 00 00 11
  can0  103   [8]  00 00 00 00 00 00 00 00
  can0  100   [8]  39 B5 64 9C 64 9C 77 33
  can0  102   [8]  00 00 00 00 FF 00 00 00
  can0  110   [8]  01 00 00 00 00 00 00 00
  can0  111   [8]  A7 0A 02 00 00 00 00 00
  can0  112   [8]  03 03 77 77 04 04 04 04
  can0  113   [8]  43 35 0A 00 8E 4E 0A 00
  can0  114   [8]  00 00 00 00 00 00 80 00
  can0  115   [8]  00 00 00 00 00 00 00 00
  can0  116   [8]  00 08 00 08 00 00 00 00
  can0  101   [8]  9B 3A 00 00 00 00 00 11
  can0  103   [8]  00 00 00 00 00 00 00 00
  can0  100   [8]  DE B6 64 9C 64 9C 77 33
  can0  102   [8]  00 00 00 00 FF 00 00 00
  can0  110   [8]  01 00 00 00 00 00 00 00
  can0  111   [8]  A8 0A 02 00 00 00 00 00
  can0  112   [8]  03 03 77 77 04 04 04 04
  can0  113   [8]  48 35 0A 00 93 4E 0A 00
  can0  114   [8]  00 00 00 00 00 00 80 00
  can0  115   [8]  00 00 00 00 00 00 00 00
  can0  116   [8]  00 08 00 08 00 00 00 00
  can0  101   [8]  C6 3B 00 00 00 00 00 11
  can0  103   [8]  00 00 00 00 00 00 00 00
  can0  610   [8]  5C 8F 52 BF AE 47 21 3E
  can0  611   [4]  8F C2 25 3F
  can0  630   [1]  F0
  can0  100   [8]  83 B7 64 9C 64 9C 77 33
  can0  102   [8]  00 00 00 00 FF 00 00 00
  can0  110   [8]  01 00 00 00 00 00 00 00
  can0  111   [8]  A9 0A 02 00 00 00 00 00
  can0  112   [8]  03 03 77 77 04 04 04 04
  can0  113   [8]  4D 35 0A 00 98 4E 0A 00
  can0  114   [8]  00 00 00 00 00 00 80 00
  can0  115   [8]  00 00 00 00 00 00 00 00
  can0  116   [8]  00 08 00 08 00 00 00 00
  can0  101   [8]  48 3C 00 00 00 00 00 11
  can0  103   [8]  00 00 00 00 00 00 00 00
  can0  402   [8]  02 00 17 15 FF 2C 00 10
  can0  403   [8]  02 01 2C 1F 3C 34 00 00
  can0  404   [8]  03 00 00 00 00 00 00 00
  can0  405   [8]  03 01 00 00 00 00 00 00
  can0  100   [8]  DF B8 64 9C 64 9C 77 33
  can0  102   [8]  00 00 00 00 FF 00 00 00
  can0  110   [8]  01 00 00 00 00 00 00 00
  can0  111   [8]  AA 0A 02 00 00 00 00 00
  can0  112   [8]  03 03 77 77 04 04 04 04
  can0  113   [8]  52 35 0A 00 9D 4E 0A 00
  can0  114   [8]  00 00 00 00 00 00 80 00
  can0  115   [8]  00 00 00 00 00 00 00 00
  can0  116   [8]  00 08 00 08 00 00 00 00
  can0  101   [8]  15 3D 00 00 00 00 00 11
  can0  103   [8]  00 00 00 00 00 00 00 00
  can0  100   [8]  82 B9 64 9C 64 9C 77 33
  can0  102   [8]  00 00 00 00 FF 00 00 00
  can0  110   [8]  01 00 00 00 00 00 00 00
  can0  111   [8]  AB 0A 02 00 00 00 00 00
  can0  112   [8]  03 03 77 77 04 04 04 04
  can0  113   [8]  57 35 0A 00 A2 4E 0A 00
  can0  114   [8]  00 00 00 00 00 00 80 00
  can0  115   [8]  00 00 00 00 00 00 00 00
  can0  116   [8]  00 08 00 08 00 00 00 00
  can0  101   [8]  F2 3E 00 00 00 00 00 11
  can0  103   [8]  00 00 00 00 00 00 00 00
  can0  100   [8]  65 BA 64 9C 64 9C 77 33
  can0  102   [8]  00 00 00 00 FF 00 00 00
  can0  110   [8]  01 00 00 00 00 00 00 00
  can0  111   [8]  AC 0A 02 00 00 00 00 00
  can0  112   [8]  03 03 77 77 04 04 04 04
  can0  113   [8]  5C 35 0A 00 A7 4E 0A 00
  can0  114   [8]  00 00 00 00 00 00 80 00
  can0  115   [8]  00 00 00 00 00 00 00 00
  can0  116   [8]  00 08 00 08 00 00 00 00
  can0  101   [8]  AF 3F 00 00 00 00 00 11
  can0  103   [8]  00 00 00 00 00 00 00 00
  can0  100   [8]  38 BB 64 9C 64 9C 77 33
  can0  102   [8]  00 00 00 00 FF 00 00 00
  can0  110   [8]  00 00 00 00 00 00 00 00
  can0  111   [8]  AD 0A 02 00 00 00 00 00
  can0  112   [8]  03 03 77 77 04 04 04 04
  can0  113   [8]  61 35 0A 00 AC 4E 0A 00
  can0  114   [8]  00 00 00 00 00 00 80 00
  can0  115   [8]  00 00 00 00 00 00 00 00
  can0  116   [8]  00 08 00 08 00 00 00 00
  can0  101   [8]  FB 40 00 00 00 00 00 11
  can0  103   [8]  00 00 00 00 00 00 00 00
  can0  630   [1]  F0
  can0  100   [8]  B6 BC 64 9C 64 9C 77 33
  can0  102   [8]  00 00 00 00 FF 00 00 00
  can0  110   [8]  00 00 00 00 00 00 00 00
  can0  111   [8]  AE 0A 02 00 00 00 00 00
  can0  112   [8]  03 03 77 77 04 04 04 04
  can0  113   [8]  66 35 0A 00 B1 4E 0A 00
  can0  114   [8]  00 00 00 00 00 00 80 00
  can0  115   [8]  00 00 00 00 00 00 00 00
  can0  116   [8]  00 08 00 08 00 00 00 00
  can0  101   [8]  A6 41 00 00 00 00 00 11
  can0  103   [8]  00 00 00 00 00 00 00 00
  can0  100   [8]  EB BD 64 9C 64 9C 77 33
  can0  102   [8]  00 00 00 00 FF 00 00 00
  can0  110   [8]  00 00 00 00 00 00 00 00
  can0  111   [8]  AF 0A 02 00 00 00 00 00
  can0  112   [8]  03 03 77 77 04 04 04 04
  can0  113   [8]  6B 35 0A 00 B6 4E 0A 00
  can0  114   [8]  00 00 00 00 00 00 80 00
  can0  115   [8]  00 00 00 00 00 00 00 00
  can0  116   [8]  00 08 00 08 00 00 00 00
  can0  101   [8]  41 42 00 00 00 00 00 11
  can0  103   [8]  00 00 00 00 00 00 00 00
  can0  100   [8]  0C BE 64 9C 64 9C 77 33
  can0  102   [8]  00 00 00 00 FF 00 00 00
  can0  110   [8]  00 00 00 00 00 00 00 00
  can0  111   [8]  B0 0A 02 00 00 00 00 00
  can0  112   [8]  03 03 77 77 04 04 04 04
  can0  113   [8]  70 35 0A 00 BB 4E 0A 00
  can0  114   [8]  00 00 00 00 00 00 80 00
  can0  115   [8]  00 00 00 00 00 00 00 00
  can0  116   [8]  00 08 00 08 00 00 00 00
  can0  101   [8]  1C 43 00 00 00 00 00 11
  can0  103   [8]  00 00 00 00 00 00 00 00
  can0  620   [3]  02 00 01
  can0  621   [8]  00 00 00 00 00 00 00 00
  can0  622   [7]  00 00 00 00 00 00 00
  can0  623   [7]  00 00 00 00 00 00 00
  can0  624   [4]  00 00 00 00
  can0  100   [8]  51 BF 64 9C 64 9C 77 33
  can0  102   [8]  00 00 00 00 FF 00 00 00
  can0  110   [8]  00 00 00 00 00 00 00 00
  can0  111   [8]  B1 0A 02 00 00 00 00 00
  can0  112   [8]  03 03 77 77 04 04 04 04
  can0  113   [8]  75 35 0A 00 C0 4E 0A 00
  can0  114   [8]  00 00 00 00 00 00 80 00
  can0  115   [8]  00 00 00 00 00 00 00 00
  can0  116   [8]  00 08 00 08 00 00 00 00
  can0  101   [8]  92 44 00 00 00 00 00 11
  can0  103   [8]  00 00 00 00 00 00 00 00
  can0  625   [8]  E1 FA C7 42 E1 FA C7 42
  can0  626   [4]  E1 FA C7 42
  can0  627   [6]  00 00 00 00 00 00
  can0  100   [8]  05 C0 64 9C 64 9C 77 33
  can0  102   [8]  00 00 00 00 FF 00 00 00
  can0  110   [8]  00 00 00 00 00 00 00 00
  can0  111   [8]  B2 0A 02 00 00 00 00 00
  can0  112   [8]  03 03 77 77 04 04 04 04
  can0  113   [8]  7A 35 0A 00 C5 4E 0A 00
  can0  114   [8]  00 00 00 00 00 00 80 00
  can0  115   [8]  00 00 00 00 00 00 00 00
  can0  116   [8]  00 08 00 08 00 00 00 00
  can0  101   [8]  CF 45 00 00 00 00 00 11
  can0  103   [8]  00 00 00 00 00 00 00 00
  can0  600   [8]  EB FF F1 FF FA 00 01 03
  can0  601   [6]  13 00 FB FF 85 01
  can0  610   [8]  66 66 06 BF 7B 14 4E 3E
  can0  611   [4]  3D 0A 1F 3F
  can0  630   [1]  F0
  can0  100   [8]  58 C1 64 9C 64 9C 77 33
  can0  102   [8]  00 00 00 00 FF 00 00 00
  can0  110   [8]  00 00 00 00 00 00 00 00
  can0  111   [8]  B3 0A 02 00 00 00 00 00
  can0  112   [8]  03 03 77 77 04 04 04 04
  can0  113   [8]  7F 35 0A 00 CA 4E 0A 00
  can0  114   [8]  00 00 00 00 00 00 80 00
  can0  115   [8]  00 00 00 00 00 00 00 00
  can0  116   [8]  00 08 00 08 00 00 00 00
  can0  101   [8]  28 46 00 00 00 00 00 11
  can0  103   [8]  00 00 00 00 00 00 00 00
  can0  100   [8]  BF C2 64 9C 64 9C 77 33
  can0  102   [8]  00 00 00 00 FF 00 00 00
  can0  110   [8]  00 00 00 00 00 00 00 00
  can0  111   [8]  B4 0A 02 00 00 00 00 00
  can0  112   [8]  03 03 77 77 04 04 04 04
  can0  113   [8]  84 35 0A 00 CF 4E 0A 00
  can0  114   [8]  00 00 00 00 00 00 80 00
  can0  115   [8]  00 00 00 00 00 00 00 00
  can0  116   [8]  00 08 00 08 00 00 00 00
  can0  101   [8]  75 47 00 00 00 00 00 11
  can0  103   [8]  00 00 00 00 00 00 00 00
  can0  100   [8]  E2 C3 64 9C 64 9C 77 33
  can0  102   [8]  00 00 00 00 FF 00 00 00
  can0  110   [8]  00 00 00 00 00 00 00 00
  can0  111   [8]  B5 0A 02 00 00 00 00 00
  can0  112   [8]  03 03 77 77 04 04 04 04
  can0  113   [8]  89 35 0A 00 D4 4E 0A 00
  can0  114   [8]  00 00 00 00 00 00 80 00
  can0  115   [8]  00 00 00 00 00 00 00 00
  can0  116   [8]  00 08 00 08 00 00 00 00
  can0  101   [8]  29 48 00 00 00 00 00 11
  can0  103   [8]  00 00 00 00 00 00 00 00
  can0  100   [8]  6C C4 64 9C 64 9C 77 33
  can0  102   [8]  00 00 00 00 FF 00 00 00
  can0  110   [8]  00 00 00 00 00 00 00 00
  can0  111   [8]  B6 0A 02 00 00 00 00 00
  can0  112   [8]  03 03 77 77 04 04 04 04
  can0  113   [8]  8E 35 0A 00 D9 4E 0A 00
  can0  114   [8]  00 00 00 00 00 00 80 00
  can0  115   [8]  00 00 00 00 00 00 00 00
  can0  116   [8]  00 08 00 08 00 00 00 00
  can0  101   [8]  74 49 00 00 00 00 00 11
  can0  103   [8]  00 00 00 00 00 00 00 00
  can0  100   [8]  31 C5 64 9C 64 9C 77 33
  can0  102   [8]  00 00 00 00 FF 00 00 00
  can0  110   [8]  00 00 00 00 00 00 00 00
  can0  111   [8]  B7 0A 02 00 00 00 00 00
  can0  112   [8]  03 03 77 77 04 04 04 04
  can0  113   [8]  93 35 0A 00 DE 4E 0A 00
  can0  114   [8]  00 00 00 00 00 00 80 00
  can0  115   [8]  00 00 00 00 00 00 00 00
  can0  116   [8]  00 08 00 08 00 00 00 00
  can0  101   [8]  93 4A 00 00 00 00 00 11
  can0  103   [8]  00 00 00 00 00 00 00 00
  can0  630   [1]  F0
  can0  100   [8]  D6 C6 64 9C 64 9C 77 33
  can0  102   [8]  00 00 00 00 FF 00 00 00
  can0  110   [8]  00 00 00 00 00 00 00 00
  can0  111   [8]  B8 0A 02 00 00 00 00 00
  can0  112   [8]  03 03 77 77 04 04 04 04
  can0  113   [8]  98 35 0A 00 E3 4E 0A 00
  can0  114   [8]  00 00 00 00 00 00 80 00
  can0  115   [8]  00 00 00 00 00 00 00 00
  can0  116   [8]  00 08 00 08 00 00 00 00
  can0  101   [8]  CE 4B 00 00 00 00 00 11
  can0  103   [8]  00 00 00 00 00 00 00 00
  can0  100   [8]  8B C7 64 9C 64 9C 77 33
  can0  102   [8]  00 00 00 00 FF 00 00 00
  can0  110   [8]  00 00 00 00 00 00 00 00
  can0  111   [8]  B9 0A 02 00 00 00 00 00
  can0  112   [8]  03 03 77 77 04 04 04 04
  can0  101   [8]  40 4C 00 00 00 00 00 11
  can0  113   [8]  9D 35 0A 00 E8 4E 0A 00
  can0  114   [8]  00 00 00 00 00 00 80 00
  can0  115   [8]  00 00 00 00 00 00 00 00
  can0  116   [8]  00 08 00 08 00 00 00 00
  can0  103   [8]  00 00 00 00 00 00 00 00
  can0  100   [8]  D7 C8 64 9C 64 9C 77 33
  can0  102   [8]  00 00 00 00 FF 00 00 00
  can0  110   [8]  00 00 00 00 00 00 00 00
  can0  111   [8]  BA 0A 02 00 00 00 00 00
  can0  112   [8]  03 03 77 77 04 04 04 04
  can0  113   [8]  A2 35 0A 00 ED 4E 0A 00
  can0  114   [8]  00 00 00 00 00 00 80 00
  can0  115   [8]  00 00 00 00 00 00 00 00
  can0  116   [8]  00 08 00 08 00 00 00 00
  can0  101   [8]  1D 4D 00 00 00 00 00 11
  can0  103   [8]  00 00 00 00 00 00 00 00
  can0  100   [8]  8A C9 64 9C 64 9C 77 33
  can0  102   [8]  00 00 00 00 FF 00 00 00
  can0  110   [8]  00 00 00 00 00 00 00 00
  can0  111   [8]  BB 0A 02 00 00 00 00 00
  can0  112   [8]  03 03 77 77 04 04 04 04
  can0  113   [8]  A7 35 0A 00 F2 4E 0A 00
  can0  114   [8]  00 00 00 00 00 00 80 00
  can0  115   [8]  00 00 00 00 00 00 00 00
  can0  116   [8]  00 08 00 08 00 00 00 00
  can0  101   [8]  FA 4E 00 00 00 00 00 11
  can0  103   [8]  00 00 00 00 00 00 00 00
  can0  100   [8]  6D CA 64 9C 64 9C 77 33
  can0  102   [8]  00 00 00 00 FF 00 00 00
  can0  110   [8]  00 00 00 00 00 00 00 00
  can0  111   [8]  BC 0A 02 00 00 00 00 00
  can0  112   [8]  03 03 77 77 04 04 04 04
  can0  113   [8]  AC 35 0A 00 F7 4E 0A 00
  can0  114   [8]  00 00 00 00 00 00 80 00
  can0  115   [8]  00 00 00 00 00 00 00 00
  can0  116   [8]  00 08 00 08 00 00 00 00
  can0  101   [8]  A7 4F 00 00 00 00 00 11
  can0  103   [8]  00 00 00 00 00 00 00 00
  can0  610   [8]  66 66 06 BF 7B 14 4E 3E
  can0  611   [4]  3D 0A 1F 3F
  can0  630   [1]  F0
  can0  100   [8]  30 CB 64 9C 64 9C 77 33
  can0  102   [8]  00 00 00 00 FF 00 00 00
  can0  110   [8]  00 00 00 00 00 00 00 00
  can0  111   [8]  BD 0A 02 00 00 00 00 00
  can0  112   [8]  03 03 77 77 04 04 04 04
  can0  113   [8]  B1 35 0A 00 FC 4E 0A 00
  can0  114   [8]  00 00 00 00 00 00 80 00
  can0  115   [8]  00 00 00 00 00 00 00 00
  can0  116   [8]  00 08 00 08 00 00 00 00
  can0  101   [8]  42 50 00 00 00 00 00 11
  can0  103   [8]  00 00 00 00 00 00 00 00
  can0  100   [8]  BE CC 64 9C 64 9C 77 33
  can0  102   [8]  00 00 00 00 FF 00 00 00
  can0  110   [8]  00 00 00 00 00 00 00 00
  can0  111   [8]  BE 0A 02 00 00 00 00 00
  can0  112   [8]  03 03 77 77 04 04 04 04
  can0  113   [8]  B6 35 0A 00 01 4F 0A 00
  can0  114   [8]  00 00 00 00 00 00 80 00
  can0  115   [8]  00 00 00 00 00 00 00 00
  can0  116   [8]  00 08 00 08 00 00 00 00
  can0  101   [8]  1F 51 00 00 00 00 00 11
  can0  103   [8]  00 00 00 00 00 00 00 00
  can0  100   [8]  E3 CD 64 9C 64 9C 77 33
  can0  102   [8]  00 00 00 00 FF 00 00 00
  can0  110   [8]  00 00 00 00 00 00 00 00
  can0  111   [8]  BF 0A 02 00 00 00 00 00
  can0  112   [8]  03 03 77 77 04 04 04 04
  can0  113   [8]  BB 35 0A 00 06 4F 0A 00
  can0  114   [8]  00 00 00 00 00 00 80 00
  can0  115   [8]  00 00 00 00 00 00 00 00
  can0  116   [8]  00 08 00 08 00 00 00 00
  can0  101   [8]  F8 52 00 00 00 00 00 11
  can0  103   [8]  00 00 00 00 00 00 00 00
  can0  100   [8]  04 CE 64 9C 64 9C 77 33
  can0  102   [8]  00 00 00 00 FF 00 00 00
  can0  110   [8]  00 00 00 00 00 00 00 00
  can0  111   [8]  C0 0A 02 00 00 00 00 00
  can0  112   [8]  03 03 77 77 04 04 04 04
  can0  113   [8]  C0 35 0A 00 0B 4F 0A 00
  can0  114   [8]  00 00 00 00 00 00 80 00
  can0  115   [8]  00 00 00 00 00 00 00 00
  can0  116   [8]  00 08 00 08 00 00 00 00
  can0  101   [8]  A5 53 00 00 00 00 00 11
  can0  103   [8]  00 00 00 00 00 00 00 00
  can0  100   [8]  59 CF 64 9C 64 9C 77 33
  can0  102   [8]  00 00 00 00 FF 00 00 00
  can0  110   [8]  00 00 00 00 00 00 00 00
  can0  111   [8]  C1 0A 02 00 00 00 00 00
  can0  112   [8]  03 03 77 77 04 04 04 04
  can0  113   [8]  C5 35 0A 00 10 4F 0A 00
  can0  114   [8]  00 00 00 00 00 00 80 00
  can0  115   [8]  00 00 00 00 00 00 00 00
  can0  116   [8]  00 08 00 08 00 00 00 00
  can0  101   [8]  2B 54 00 00 00 00 00 11
  can0  103   [8]  00 00 00 00 00 00 00 00
  can0  600   [8]  ED FF F0 FF FB 00 01 03
  can0  601   [6]  16 00 FA FF 86 01
  can0  630   [1]  F0
  can0  100   [8]  BC D0 64 9C 64 9C 77 33
  can0  102   [8]  00 00 00 00 FF 00 00 00
  can0  110   [8]  00 00 00 00 00 00 00 00
  can0  111   [8]  C2 0A 02 00 00 00 00 00
  can0  112   [8]  03 03 77 77 04 04 04 04
  can0  113   [8]  CA 35 0A 00 15 4F 0A 00
  can0  114   [8]  00 00 00 00 00 00 80 00
  can0  115   [8]  00 00 00 00 00 00 00 00
  can0  116   [8]  00 08 00 08 00 00 00 00
  can0  101   [8]  76 55 00 00 00 00 00 11
  can0  103   [8]  00 00 00 00 00 00 00 00
  can0  100   [8]  E1 D1 64 9C 64 9C 77 33
  can0  102   [8]  00 00 00 00 FF 00 00 00
  can0  110   [8]  00 00 00 00 00 00 00 00
  can0  111   [8]  C3 0A 02 00 00 00 00 00
  can0  112   [8]  03 03 77 77 04 04 04 04
  can0  113   [8]  CF 35 0A 00 1A 4F 0A 00
  can0  114   [8]  00 00 00 00 00 00 80 00
  can0  115   [8]  00 00 00 00 00 00 00 00
  can0  116   [8]  00 08 00 08 00 00 00 00
  can0  101   [8]  91 56 00 00 00 00 00 11
  can0  103   [8]  00 00 00 00 00 00 00 00
  can0  100   [8]  06 D2 64 9C 64 9C 77 33
  can0  102   [8]  00 00 00 00 FF 00 00 00
  can0  110   [8]  00 00 00 00 00 00 00 00
  can0  111   [8]  C4 0A 02 00 00 00 00 00
  can0  112   [8]  03 03 77 77 04 04 04 04
  can0  113   [8]  D4 35 0A 00 1F 4F 0A 00
  can0  114   [8]  00 00 00 00 00 00 80 00
  can0  115   [8]  00 00 00 00 00 00 00 00
  can0  116   [8]  00 08 00 08 00 00 00 00
  can0  101   [8]  CC 57 00 00 00 00 00 11
  can0  103   [8]  00 00 00 00 00 00 00 00
  can0  620   [3]  02 00 01
  can0  621   [8]  00 00 00 00 00 00 00 00
  can0  622   [7]  00 00 00 00 00 00 00
  can0  623   [7]  00 00 00 00 00 00 00
  can0  624   [4]  00 00 00 00
  can0  625   [8]  E1 FA C7 42 E1 FA C7 42
  can0  626   [4]  E1 FA C7 42
  can0  627   [6]  00 00 00 00 00 00
  can0  100   [8]  5B D3 64 9C 64 9C 77 33
  can0  102   [8]  00 00 00 00 FF 00 00 00
  can0  110   [8]  00 00 00 00 00 00 00 00
  can0  111   [8]  C5 0A 02 00 00 00 00 00
  can0  112   [8]  03 03 77 77 04 04 04 04
  can0  101   [8]  90 58 00 00 00 00 00 11
  can0  113   [8]  D9 35 0A 00 24 4F 0A 00
  can0  114   [8]  00 00 00 00 00 00 80 00
  can0  115   [8]  00 00 00 00 00 00 00 00
  can0  116   [8]  00 08 00 08 00 00 00 00
  can0  103   [8]  00 00 00 00 00 00 00 00
  can0  100   [8]  D5 D4 64 9C 64 9C 77 33
  can0  102   [8]  00 00 00 00 FF 00 00 00
  can0  110   [8]  00 00 00 00 00 00 00 00
  can0  111   [8]  C6 0A 02 00 00 00 00 00
  can0  112   [8]  03 03 77 77 04 04 04 04
  can0  113   [8]  DE 35 0A 00 29 4F 0A 00
  can0  114   [8]  00 00 00 00 00 00 80 00
  can0  115   [8]  00 00 00 00 00 00 00 00
  can0  116   [8]  00 08 00 08 00 00 00 00
  can0  101   [8]  CD 59 00 00 00 00 00 11
  can0  103   [8]  00 00 00 00 00 00 00 00
  can0  610   [8]  A4 70 35 BF 29 5C 8F 3D
  can0  611   [4]  A4 70 35 3F
  can0  630   [1]  F0
  can0  100   [8]  88 D5 64 9C 64 9C 77 33
  can0  102   [8]  00 00 00 00 FF 00 00 00
  can0  110   [8]  00 00 00 00 00 00 00 00
  can0  111   [8]  C7 0A 02 00 00 00 00 00
  can0  112   [8]  03 03 77 77 04 04 04 04
  can0  113   [8]  E3 35 0A 00 2E 4F 0A 00
  can0  114   [8]  00 00 00 00 00 00 80 00
  can0  115   [8]  00 00 00 00 00 00 00 00
  can0  116   [8]  00 08 00 08 00 00 00 00
  can0  101   [8]  2A 5A 00 00 00 00 00 11
  can0  103   [8]  00 00 00 00 00 00 00 00
  can0  100   [8]  6F D6 64 9C 64 9C 77 33
  can0  102   [8]  00 00 00 00 FF 00 00 00
  can0  110   [8]  00 00 00 00 00 00 00 00
  can0  111   [8]  C8 0A 02 00 00 00 00 00
  can0  112   [8]  03 03 77 77 04 04 04 04
  can0  113   [8]  E8 35 0A 00 33 4F 0A 00
  can0  114   [8]  00 00 00 00 00 00 80 00
  can0  115   [8]  00 00 00 00 00 00 00 00
  can0  116   [8]  00 08 00 08 00 00 00 00
  can0  101   [8]  77 5B 00 00 00 00 00 11
  can0  103   [8]  00 00 00 00 00 00 00 00
  can0  100   [8]  32 D7 64 9C 64 9C 77 33
  can0  102   [8]  00 00 00 00 FF 00 00 00
  can0  110   [8]  00 00 00 00 00 00 00 00
  can0  111   [8]  C9 0A 02 00 00 00 00 00
  can0  112   [8]  03 03 77 77 04 04 04 04
  can0  101   [8]  F9 5C 00 00 00 00 00 11
  can0  103   [8]  00 00 00 00 00 00 00 00
  can0  113   [8]  ED 35 0A 00 38 4F 0A 00
  can0  114   [8]  00 00 00 00 00 00 80 00
  can0  115   [8]  00 00 00 00 00 00 00 00
  can0  116   [8]  00 08 00 08 00 00 00 00
  can0  100   [8]  6E D8 64 9C 64 9C 77 33
  can0  102   [8]  00 00 00 00 FF 00 00 00
  can0  110   [8]  00 00 00 00 00 00 00 00
  can0  111   [8]  CA 0A 02 00 00 00 00 00
  can0  112   [8]  03 03 77 77 04 04 04 04
  can0  101   [8]  A4 5D 00 00 00 00 00 11
  can0  103   [8]  00 00 00 00 00 00 00 00
  can0  113   [8]  F2 35 0A 00 3D 4F 0A 00
  can0  114   [8]  00 00 00 00 00 00 80 00
  can0  115   [8]  00 00 00 00 00 00 00 00
  can0  116   [8]  00 08 00 08 00 00 00 00
  can0  100   [8]  33 D9 64 9C 64 9C 77 33
  can0  102   [8]  00 00 00 00 FF 00 00 00
  can0  110   [8]  00 00 00 00 00 00 00 00
  can0  111   [8]  CB 0A 02 00 00 00 00 00
  can0  112   [8]  03 03 77 77 04 04 04 04
  can0  101   [8]  43 5E 00 00 00 00 00 11
  can0  103   [8]  00 00 00 00 00 00 00 00
  can0  113   [8]  F7 35 0A 00 42 4F 0A 00
  can0  114   [8]  00 00 00 00 00 00 80 00
  can0  115   [8]  00 00 00 00 00 00 00 00
  can0  116   [8]  00 08 00 08 00 00 00 00
  can0  630   [1]  F0
  can0  100   [8]  D4 DA 64 9C 64 9C 77 33
  can0  102   [8]  00 00 00 00 FF 00 00 00
  can0  110   [8]  00 00 00 00 00 00 00 00
  can0  111   [8]  CC 0A 02 00 00 00 00 00
  can0  112   [8]  03 03 77 77 04 04 04 04
  can0  101   [8]  1E 5F 00 00 00 00 00 11
  can0  103   [8]  00 00 00 00 00 00 00 00
  can0  113   [8]  FC 35 0A 00 47 4F 0A 00
  can0  114   [8]  00 00 00 00 00 00 80 00
  can0  115   [8]  00 00 00 00 00 00 00 00
  can0  116   [8]  00 08 00 08 00 00 00 00
  can0  100   [8]  89 DB 64 9C 64 9C 77 33
  can0  102   [8]  00 00 00 00 FF 00 00 00
  can0  110   [8]  00 00 00 00 00 00 00 00
  can0  111   [8]  CD 0A 02 00 00 00 00 00
  can0  112   [8]  03 03 77 77 04 04 04 04
  can0  101   [8]  94 60 00 00 00 00 00 11
  can0  103   [8]  00 00 00 00 00 00 00 00
  can0  113   [8]  01 36 0A 00 4C 4F 0A 00
  can0  114   [8]  00 00 00 00 00 00 80 00
  can0  115   [8]  00 00 00 00 00 00 00 00
  can0  116   [8]  00 08 00 08 00 00 00 00
  can0  100   [8]  07 DC 64 9C 64 9C 77 33
  can0  102   [8]  00 00 00 00 FF 00 00 00
  can0  110   [8]  00 00 00 00 00 00 00 00
  can0  111   [8]  CE 0A 02 00 00 00 00 00
  can0  112   [8]  03 03 77 77 04 04 04 04
  can0  101   [8]  C9 61 00 00 00 00 00 11
  can0  103   [8]  00 00 00 00 00 00 00 00
  can0  113   [8]  06 36 0A 00 51 4F 0A 00
  can0  114   [8]  00 00 00 00 00 00 80 00
  can0  115   [8]  00 00 00 00 00 00 00 00
  can0  116   [8]  00 08 00 08 00 00 00 00
  can0  100   [8]  5A DD 64 9C 64 9C 77 33
  can0  102   [8]  00 00 00 00 FF 00 00 00
  can0  110   [8]  00 00 00 00 00 00 00 00
  can0  111   [8]  CF 0A 02 00 00 00 00 00
  can0  112   [8]  03 03 77 77 04 04 04 04
  can0  101   [8]  2E 62 00 00 00 00 00 11
  can0  103   [8]  00 00 00 00 00 00 00 00
  can0  113   [8]  0B 36 0A 00 56 4F 0A 00
  can0  114   [8]  00 00 00 00 00 00 80 00
  can0  115   [8]  00 00 00 00 00 00 00 00
  can0  116   [8]  00 08 00 08 00 00 00 00
  can0  100   [8]  BD DE 64 9C 64 9C 77 33
  can0  102   [8]  00 00 00 00 FF 00 00 00
  can0  110   [8]  00 00 00 00 00 00 00 00
  can0  111   [8]  D0 0A 02 00 00 00 00 00
  can0  112   [8]  03 03 77 77 04 04 04 04
  can0  101   [8]  73 63 00 00 00 00 00 11
  can0  103   [8]  00 00 00 00 00 00 00 00
  can0  113   [8]  10 36 0A 00 5B 4F 0A 00
  can0  114   [8]  00 00 00 00 00 00 80 00
  can0  115   [8]  00 00 00 00 00 00 00 00
  can0  116   [8]  00 08 00 08 00 00 00 00
  can0  600   [8]  EC FF EF FF F9 00 01 03
  can0  601   [6]  16 00 FA FF 86 01
  can0  610   [8]  A4 70 35 BF 29 5C 8F 3D
  can0  611   [4]  A4 70 35 3F
  can0  630   [1]  F0
  can0  100   [8]  E0 DF 64 9C 64 9C 77 33
  can0  102   [8]  00 00 00 00 FF 00 00 00
  can0  110   [8]  00 00 00 00 00 00 00 00
  can0  111   [8]  D1 0A 02 00 00 00 00 00
  can0  112   [8]  03 03 77 77 04 04 04 04
  can0  101   [8]  FD 64 00 00 00 00 00 11
  can0  103   [8]  00 00 00 00 00 00 00 00
  can0  113   [8]  15 36 0A 00 60 4F 0A 00
  can0  114   [8]  00 00 00 00 00 00 80 00
  can0  115   [8]  00 00 00 00 00 00 00 00
  can0  116   [8]  00 08 00 08 00 00 00 00
  can0  402   [8]  02 00 17 15 FF 2C 00 10
  can0  404   [8]  03 00 00 00 00 00 00 00
  can0  403   [8]  02 01 2C 12 3C 34 00 00
  can0  405   [8]  03 01 00 00 00 00 00 00
  can0  100   [8]  6A E0 64 9C 64 9C 77 33
  can0  102   [8]  00 00 00 00 FF 00 00 00
  can0  110   [8]  00 00 00 00 00 00 00 00
  can0  111   [8]  D2 0A 02 00 00 00 00 00
  can0  112   [8]  03 03 77 77 04 04 04 04
  can0  101   [8]  A0 65 00 00 00 00 00 11
  can0  103   [8]  00 00 00 00 00 00 00 00
  can0  113   [8]  1A 36 0A 00 65 4F 0A 00
  can0  114   [8]  00 00 00 00 00 00 80 00
  can0  115   [8]  00 00 00 00 00 00 00 00
  can0  116   [8]  00 08 00 08 00 00 00 00
  can0  100   [8]  37 E1 64 9C 64 9C 77 33
  can0  102   [8]  00 00 00 00 FF 00 00 00
  can0  110   [8]  00 00 00 00 00 00 00 00
  can0  111   [8]  D3 0A 02 00 00 00 00 00
  can0  112   [8]  03 03 77 77 04 04 04 04
  can0  101   [8]  47 66 00 00 00 00 00 11
  can0  103   [8]  00 00 00 00 00 00 00 00
  can0  113   [8]  1F 36 0A 00 6A 4F 0A 00
  can0  114   [8]  00 00 00 00 00 00 80 00
  can0  115   [8]  00 00 00 00 00 00 00 00
  can0  116   [8]  00 08 00 08 00 00 00 00
  can0  100   [8]  D0 E2 64 9C 64 9C 77 33
  can0  102   [8]  00 00 00 00 FF 00 00 00
  can0  110   [8]  00 00 00 00 00 00 00 00
  can0  111   [8]  D4 0A 02 00 00 00 00 00
  can0  112   [8]  03 03 77 77 04 04 04 04
  can0  101   [8]  1A 67 00 00 00 00 00 11
  can0  103   [8]  00 00 00 00 00 00 00 00
  can0  113   [8]  24 36 0A 00 6F 4F 0A 00
  can0  114   [8]  00 00 00 00 00 00 80 00
  can0  115   [8]  00 00 00 00 00 00 00 00
  can0  116   [8]  00 08 00 08 00 00 00 00
  can0  100   [8]  8D E3 64 9C 64 9C 77 33
  can0  102   [8]  00 00 00 00 FF 00 00 00
  can0  110   [8]  00 00 00 00 00 00 00 00
  can0  111   [8]  D5 0A 02 00 00 00 00 00
  can0  112   [8]  03 03 77 77 04 04 04 04
  can0  101   [8]  46 68 00 00 00 00 00 11
  can0  103   [8]  00 00 00 00 00 00 00 00
  can0  113   [8]  29 36 0A 00 74 4F 0A 00
  can0  114   [8]  00 00 00 00 00 00 80 00
  can0  115   [8]  00 00 00 00 00 00 00 00
  can0  116   [8]  00 08 00 08 00 00 00 00
  can0  630   [1]  F0
  can0  100   [8]  03 E4 64 9C 64 9C 77 33
  can0  102   [8]  00 00 00 00 FF 00 00 00
  can0  110   [8]  00 00 00 00 00 00 00 00
  can0  111   [8]  D6 0A 02 00 00 00 00 00
  can0  112   [8]  03 03 77 77 04 04 04 04
  can0  101   [8]  1B 69 00 00 00 00 00 11
  can0  103   [8]  00 00 00 00 00 00 00 00
  can0  113   [8]  2E 36 0A 00 79 4F 0A 00
  can0  114   [8]  00 00 00 00 00 00 80 00
  can0  115   [8]  00 00 00 00 00 00 00 00
  can0  116   [8]  00 08 00 08 00 00 00 00
  can0  100   [8]  5E E5 64 9C 64 9C 77 33
  can0  102   [8]  00 00 00 00 FF 00 00 00
  can0  110   [8]  00 00 00 00 00 00 00 00
  can0  111   [8]  D7 0A 02 00 00 00 00 00
  can0  112   [8]  03 03 77 77 04 04 04 04
  can0  101   [8]  FC 6A 00 00 00 00 00 11
  can0  103   [8]  00 00 00 00 00 00 00 00
  can0  113   [8]  33 36 0A 00 7E 4F 0A 00
  can0  114   [8]  00 00 00 00 00 00 80 00
  can0  115   [8]  00 00 00 00 00 00 00 00
  can0  116   [8]  00 08 00 08 00 00 00 00
  can0  100   [8]  B9 E6 64 9C 64 9C 77 33
  can0  102   [8]  00 00 00 00 FF 00 00 00
  can0  110   [8]  00 00 00 00 00 00 00 00
  can0  111   [8]  D8 0A 02 00 00 00 00 00
  can0  112   [8]  03 03 77 77 04 04 04 04
  can0  101   [8]  A1 6B 00 00 00 00 00 11
  can0  103   [8]  00 00 00 00 00 00 00 00
  can0  113   [8]  38 36 0A 00 83 4F 0A 00
  can0  114   [8]  00 00 00 00 00 00 80 00
  can0  115   [8]  00 00 00 00 00 00 00 00
  can0  116   [8]  00 08 00 08 00 00 00 00
  can0  620   [3]  02 00 01
  can0  621   [8]  00 00 00 00 00 00 00 00
  can0  622   [7]  00 00 00 00 00 00 00
  can0  623   [7]  00 00 00 00 00 00 00
  can0  624   [4]  00 00 00 00
  can0  625   [8]  E1 FA C7 42 E1 FA C7 42
  can0  626   [4]  E1 FA C7 42
  can0  627   [6]  00 00 00 00 00 00
  can0  100   [8]  E4 E7 64 9C 64 9C 77 33
  can0  102   [8]  00 00 00 00 FF 00 00 00
  can0  110   [8]  00 00 00 00 00 00 00 00
  can0  111   [8]  D9 0A 02 00 00 00 00 00
  can0  112   [8]  03 03 77 77 04 04 04 04
  can0  101   [8]  2F 6C 00 00 00 00 00 11
  can0  103   [8]  00 00 00 00 00 00 00 00
  can0  113   [8]  3D 36 0A 00 88 4F 0A 00
  can0  114   [8]  00 00 00 00 00 00 80 00
  can0  115   [8]  00 00 00 00 00 00 00 00
  can0  116   [8]  00 08 00 08 00 00 00 00
  can0  100   [8]  B8 E8 64 9C 64 9C 77 33
  can0  102   [8]  00 00 00 00 FF 00 00 00
  can0  110   [8]  00 00 00 00 00 00 00 00
  can0  111   [8]  DA 0A 02 00 00 00 00 00
  can0  112   [8]  03 03 77 77 04 04 04 04
  can0  101   [8]  72 6D 00 00 00 00 00 11
  can0  103   [8]  00 00 00 00 00 00 00 00
  can0  113   [8]  42 36 0A 00 8D 4F 0A 00
  can0  114   [8]  00 00 00 00 00 00 80 00
  can0  115   [8]  00 00 00 00 00 00 00 00
  can0  116   [8]  00 08 00 08 00 00 00 00
  can0  610   [8]  7B 14 4E BF 33 33 B3 BD
  can0  611   [4]  9A 99 C9 3E
  can0  630   [1]  F0
  can0  100   [8]  E5 E9 64 9C 64 9C 77 33
  can0  102   [8]  00 00 00 00 FF 00 00 00
  can0  110   [8]  00 00 00 00 00 00 00 00
  can0  111   [8]  DB 0A 02 00 00 00 00 00
  can0  112   [8]  03 03 77 77 04 04 04 04
  can0  101   [8]  95 6E 00 00 00 00 00 11
  can0  103   [8]  00 00 00 00 00 00 00 00
  can0  113   [8]  47 36 0A 00 92 4F 0A 00
  can0  114   [8]  00 00 00 00 00 00 80 00
  can0  115   [8]  00 00 00 00 00 00 00 00
  can0  116   [8]  00 08 00 08 00 00 00 00
  can0  100   [8]  02 EA 64 9C 64 9C 77 33
  can0  102   [8]  00 00 00 00 FF 00 00 00
  can0  110   [8]  00 00 00 00 00 00 00 00
  can0  111   [8]  DC 0A 02 00 00 00 00 00
  can0  112   [8]  03 03 77 77 04 04 04 04
  can0  101   [8]  C8 6F 00 00 00 00 00 11
  can0  103   [8]  00 00 00 00 00 00 00 00
  can0  113   [8]  4C 36 0A 00 97 4F 0A 00
  can0  114   [8]  00 00 00 00 00 00 80 00
  can0  115   [8]  00 00 00 00 00 00 00 00
  can0  116   [8]  00 08 00 08 00 00 00 00
  can0  101   [8]  2D 70 00 00 00 00 00 11
  can0  103   [8]  00 00 00 00 00 00 00 00
  can0  100   [8]  5F EB 64 9C 64 9C 77 33
  can0  102   [8]  00 00 00 00 FF 00 00 00
  can0  110   [8]  00 00 00 00 00 00 00 00
  can0  111   [8]  DD 0A 02 00 00 00 00 00
  can0  112   [8]  03 03 77 77 04 04 04 04
  can0  113   [8]  51 36 0A 00 9C 4F 0A 00
  can0  114   [8]  00 00 00 00 00 00 80 00
  can0  115   [8]  00 00 00 00 00 00 00 00
  can0  116   [8]  00 08 00 08 00 00 00 00
  can0  101   [8]  70 71 00 00 00 00 00 11
  can0  103   [8]  00 00 00 00 00 00 00 00
  can0  100   [8]  D1 EC 64 9C 64 9C 77 33
  can0  102   [8]  00 00 00 00 FF 00 00 00
  can0  110   [8]  00 00 00 00 00 00 00 00
  can0  111   [8]  DE 0A 02 00 00 00 00 00
  can0  112   [8]  03 03 77 77 04 04 04 04
  can0  113   [8]  56 36 0A 00 A1 4F 0A 00
  can0  114   [8]  00 00 00 00 00 00 80 00
  can0  115   [8]  00 00 00 00 00 00 00 00
  can0  116   [8]  00 08 00 08 00 00 00 00
  can0  101   [8]  97 72 00 00 00 00 00 11
  can0  103   [8]  00 00 00 00 00 00 00 00
  can0  100   [8]  8C ED 64 9C 64 9C 77 33
  can0  102   [8]  00 00 00 00 FF 00 00 00
  can0  110   [8]  00 00 00 00 00 00 00 00
  can0  111   [8]  DF 0A 02 00 00 00 00 00
  can0  112   [8]  03 03 77 77 04 04 04 04
  can0  113   [8]  5B 36 0A 00 A6 4F 0A 00
  can0  114   [8]  00 00 00 00 00 00 80 00
  can0  115   [8]  00 00 00 00 00 00 00 00
  can0  116   [8]  00 08 00 08 00 00 00 00
  can0  600   [8]  ED FF F0 FF FA 00 01 03
  can0  601   [6]  0E 00 FC FF 7F 01
  can0  630   [1]  F0
  can0  101   [8]  CA 73 00 00 00 00 00 11
  can0  103   [8]  00 00 00 00 00 00 00 00
  can0  100   [8]  6B EE 64 9C 64 9C 77 33
  can0  102   [8]  00 00 00 00 FF 00 00 00
  can0  110   [8]  00 00 00 00 00 00 00 00
  can0  111   [8]  E0 0A 02 00 00 00 00 00
  can0  112   [8]  03 03 77 77 04 04 04 04
  can0  113   [8]  60 36 0A 00 AB 4F 0A 00
  can0  114   [8]  00 00 00 00 00 00 80 00
  can0  115   [8]  00 00 00 00 00 00 00 00
  can0  116   [8]  00 08 00 08 00 00 00 00
  can0  101   [8]  44 74 00 00 00 00 00 11
  can0  103   [8]  00 00 00 00 00 00 00 00
  can0  100   [8]  36 EF 64 9C 64 9C 77 33
  can0  102   [8]  00 00 00 00 FF 00 00 00
  can0  110   [8]  00 00 00 00 00 00 00 00
  can0  111   [8]  E1 0A 02 00 00 00 00 00
  can0  112   [8]  03 03 77 77 04 04 04 04
  can0  113   [8]  65 36 0A 00 B0 4F 0A 00
  can0  114   [8]  00 00 00 00 00 00 80 00
  can0  115   [8]  00 00 00 00 00 00 00 00
  can0  116   [8]  00 08 00 08 00 00 00 00
  can0  101   [8]  19 75 00 00 00 00 00 11
  can0  103   [8]  00 00 00 00 00 00 00 00
  can0  100   [8]  D3 F0 64 9C 64 9C 77 33
  can0  102   [8]  00 00 00 00 FF 00 00 00
  can0  110   [8]  00 00 00 00 00 00 00 00
  can0  111   [8]  E2 0A 02 00 00 00 00 00
  can0  112   [8]  03 03 77 77 04 04 04 04
  can0  113   [8]  6A 36 0A 00 B5 4F 0A 00
  can0  114   [8]  00 00 00 00 00 00 80 00
  can0  115   [8]  00 00 00 00 00 00 00 00
  can0  116   [8]  00 08 00 08 00 00 00 00
  can0  101   [8]  FE 76 00 00 00 00 00 11
  can0  103   [8]  00 00 00 00 00 00 00 00
  can0  100   [8]  8E F1 64 9C 64 9C 77 33
  can0  102   [8]  00 00 00 00 FF 00 00 00
  can0  110   [8]  00 00 00 00 00 00 00 00
  can0  111   [8]  E3 0A 02 00 00 00 00 00
  can0  112   [8]  03 03 77 77 04 04 04 04
  can0  113   [8]  6F 36 0A 00 BA 4F 0A 00
  can0  114   [8]  00 00 00 00 00 00 80 00
  can0  115   [8]  00 00 00 00 00 00 00 00
  can0  116   [8]  00 08 00 08 00 00 00 00
  can0  101   [8]  A3 77 00 00 00 00 00 11
  can0  103   [8]  00 00 00 00 00 00 00 00
  can0  100   [8]  69 F2 64 9C 64 9C 77 33
  can0  102   [8]  00 00 00 00 FF 00 00 00
  can0  110   [8]  00 00 00 00 00 00 00 00
  can0  111   [8]  E4 0A 02 00 00 00 00 00
  can0  112   [8]  03 03 77 77 04 04 04 04
  can0  113   [8]  74 36 0A 00 BF 4F 0A 00
  can0  114   [8]  00 00 00 00 00 00 80 00
  can0  115   [8]  00 00 00 00 00 00 00 00
  can0  116   [8]  00 08 00 08 00 00 00 00
  can0  610   [8]  7B 14 4E BF 33 33 B3 BD
  can0  611   [4]  9A 99 C9 3E
  can0  630   [1]  F0
  can0  101   [8]  FF 78 00 00 00 00 00 11
  can0  103   [8]  00 00 00 00 00 00 00 00
  can0  100   [8]  34 F3 64 9C 64 9C 77 33
  can0  102   [8]  00 00 00 00 FF 00 00 00
  can0  110   [8]  00 00 00 00 00 00 00 00
  can0  111   [8]  E5 0A 02 00 00 00 00 00
  can0  112   [8]  03 03 77 77 04 04 04 04
  can0  113   [8]  79 36 0A 00 C4 4F 0A 00
  can0  114   [8]  00 00 00 00 00 00 80 00
  can0  115   [8]  00 00 00 00 00 00 00 00
  can0  116   [8]  00 08 00 08 00 00 00 00
  can0  101   [8]  A2 79 00 00 00 00 00 11
  can0  103   [8]  00 00 00 00 00 00 00 00
  can0  100   [8]  BA F4 64 9C 64 9C 77 33
  can0  102   [8]  00 00 00 00 FF 00 00 00
  can0  110   [8]  00 00 00 00 00 00 00 00
  can0  111   [8]  E6 0A 02 00 00 00 00 00
  can0  112   [8]  03 03 77 77 04 04 04 04
  can0  113   [8]  7E 36 0A 00 C9 4F 0A 00
  can0  114   [8]  00 00 00 00 00 00 80 00
  can0  115   [8]  00 00 00 00 00 00 00 00
  can0  116   [8]  00 08 00 08 00 00 00 00
  can0  101   [8]  45 7A 00 00 00 00 00 11
  can0  103   [8]  00 00 00 00 00 00 00 00
  can0  100   [8]  E7 F5 64 9C 64 9C 77 33
  can0  102   [8]  00 00 00 00 FF 00 00 00
  can0  110   [8]  00 00 00 00 00 00 00 00
  can0  111   [8]  E7 0A 02 00 00 00 00 00
  can0  112   [8]  03 03 77 77 04 04 04 04
  can0  113   [8]  83 36 0A 00 CE 4F 0A 00
  can0  114   [8]  00 00 00 00 00 00 80 00
  can0  115   [8]  00 00 00 00 00 00 00 00
  can0  116   [8]  00 08 00 08 00 00 00 00
  can0  101   [8]  18 7B 00 00 00 00 00 11
  can0  103   [8]  00 00 00 00 00 00 00 00
  can0  100   [8]  00 F6 64 9C 64 9C 77 33
  can0  102   [8]  00 00 00 00 FF 00 00 00
  can0  110   [8]  00 00 00 00 00 00 00 00
  can0  111   [8]  E8 0A 02 00 00 00 00 00
  can0  112   [8]  03 03 77 77 04 04 04 04
  can0  113   [8]  88 36 0A 00 D3 4F 0A 00
  can0  114   [8]  00 00 00 00 00 00 80 00
  can0  115   [8]  00 00 00 00 00 00 00 00
  can0  116   [8]  00 08 00 08 00 00 00 00
  can0  101   [8]  96 7C 00 00 00 00 00 11
  can0  103   [8]  00 00 00 00 00 00 00 00
  can0  100   [8]  5D F7 64 9C 64 9C 77 33
  can0  102   [8]  00 00 00 00 FF 00 00 00
  can0  110   [8]  00 00 00 00 00 00 00 00
  can0  111   [8]  E9 0A 02 00 00 00 00 00
  can0  112   [8]  03 03 77 77 04 04 04 04
  can0  113   [8]  8D 36 0A 00 D8 4F 0A 00
  can0  114   [8]  00 00 00 00 00 00 80 00
  can0  115   [8]  00 00 00 00 00 00 00 00
  can0  116   [8]  00 08 00 08 00 00 00 00
  can0  630   [1]  F0
  can0  101   [8]  CB 7D 00 00 00 00 00 11
  can0  103   [8]  00 00 00 00 00 00 00 00
  can0  100   [8]  01 F8 64 9C 64 9C 77 33
  can0  102   [8]  00 00 00 00 FF 00 00 00
  can0  110   [8]  00 00 00 00 00 00 00 00
  can0  111   [8]  EA 0A 02 00 00 00 00 00
  can0  112   [8]  03 03 77 77 04 04 04 04
  can0  113   [8]  92 36 0A 00 DD 4F 0A 00
  can0  114   [8]  00 00 00 00 00 00 80 00
  can0  115   [8]  00 00 00 00 00 00 00 00
  can0  116   [8]  00 08 00 08 00 00 00 00
  can0  101   [8]  2C 7E 00 00 00 00 00 11
  can0  103   [8]  00 00 00 00 00 00 00 00
  can0  100   [8]  5C F9 64 9C 64 9C 77 33
  can0  102   [8]  00 00 00 00 FF 00 00 00
  can0  110   [8]  00 00 00 00 00 00 00 00
  can0  111   [8]  EB 0A 02 00 00 00 00 00
  can0  112   [8]  03 03 77 77 04 04 04 04
  can0  113   [8]  97 36 0A 00 E2 4F 0A 00
  can0  114   [8]  00 00 00 00 00 00 80 00
  can0  115   [8]  00 00 00 00 00 00 00 00
  can0  116   [8]  00 08 00 08 00 00 00 00
  can0  101   [8]  71 7F 00 00 00 00 00 11
  can0  103   [8]  00 00 00 00 00 00 00 00
  can0  100   [8]  BB FA 64 9C 64 9C 77 33
  can0  102   [8]  00 00 00 00 FF 00 00 00
  can0  110   [8]  00 00 00 00 00 00 00 00
  can0  111   [8]  EC 0A 02 00 00 00 00 00
  can0  112   [8]  03 03 77 77 04 04 04 04
  can0  113   [8]  9C 36 0A 00 E7 4F 0A 00
  can0  114   [8]  00 00 00 00 00 00 80 00
  can0  115   [8]  00 00 00 00 00 00 00 00
  can0  116   [8]  00 08 00 08 00 00 00 00
  can0  620   [3]  02 00 01
  can0  621   [8]  00 00 00 00 00 00 00 00
  can0  622   [7]  00 00 00 00 00 00 00
  can0  623   [7]  00 00 00 00 00 00 00
  can0  624   [4]  00 00 00 00
  can0  625   [8]  E1 FA C7 42 E1 FA C7 42
  can0  626   [4]  E1 FA C7 42
  can0  627   [6]  00 00 00 00 00 00
  can0  101   [8]  84 80 00 00 00 00 00 11
  can0  103   [8]  00 00 00 00 00 00 00 00
  can0  100   [8]  E6 FB 64 9C 64 9C 77 33
  can0  102   [8]  00 00 00 00 FF 00 00 00
  can0  110   [8]  00 00 00 00 00 00 00 00
  can0  111   [8]  ED 0A 02 00 00 00 00 00
  can0  112   [8]  03 03 77 77 04 04 04 04
  can0  113   [8]  A1 36 0A 00 EC 4F 0A 00
  can0  114   [8]  00 00 00 00 00 00 80 00
  can0  115   [8]  00 00 00 00 00 00 00 00
  can0  116   [8]  00 08 00 08 00 00 00 00
  can0  640   [8]  2E 21 07 06 13 07 19 00
  can0  101   [8]  D9 81 00 00 00 00 00 11
  can0  103   [8]  00 00 00 00 00 00 00 00
  can0  100   [8]  68 FC 64 9C 64 9C 77 33
  can0  102   [8]  00 00 00 00 FF 00 00 00
  can0  110   [8]  00 00 00 00 00 00 00 00
  can0  111   [8]  EE 0A 02 00 00 00 00 00
  can0  112   [8]  03 03 77 77 04 04 04 04
  can0  113   [8]  A6 36 0A 00 F1 4F 0A 00
  can0  114   [8]  00 00 00 00 00 00 80 00
  can0  115   [8]  00 00 00 00 00 00 00 00
  can0  116   [8]  00 08 00 08 00 00 00 00
  can0  600   [8]  ED FF F0 FF FB 00 01 03
  can0  601   [6]  0E 00 F9 FF 85 01
  can0  610   [8]  AE 47 21 BF C3 F5 E8 BD
  can0  611   [4]  1F 85 DB 3E
  can0  630   [1]  F0
  can0  101   [8]  3E 82 00 00 00 00 00 11
  can0  103   [8]  00 00 00 00 00 00 00 00
  can0  100   [8]  35 FD 64 9C 64 9C 77 33
  can0  102   [8]  00 00 00 00 FF 00 00 00
  can0  110   [8]  00 00 00 00 00 00 00 00
  can0  111   [8]  EF 0A 02 00 00 00 00 00
  can0  112   [8]  03 03 77 77 04 04 04 04
  can0  113   [8]  AB 36 0A 00 F6 4F 0A 00
  can0  114   [8]  00 00 00 00 00 00 80 00
  can0  115   [8]  00 00 00 00 00 00 00 00
  can0  116   [8]  00 08 00 08 00 00 00 00
  can0  101   [8]  63 83 00 00 00 00 00 11
  can0  103   [8]  00 00 00 00 00 00 00 00
  can0  100   [8]  D2 FE 64 9C 64 9C 77 33
  can0  102   [8]  00 00 00 00 FF 00 00 00
  can0  110   [8]  00 00 00 00 00 00 00 00
  can0  111   [8]  F0 0A 02 00 00 00 00 00
  can0  112   [8]  03 03 77 77 04 04 04 04
  can0  113   [8]  B0 36 0A 00 FB 4F 0A 00
  can0  114   [8]  00 00 00 00 00 00 80 00
  can0  115   [8]  00 00 00 00 00 00 00 00
  can0  116   [8]  00 08 00 08 00 00 00 00
  can0  101   [8]  ED 84 00 00 00 00 00 11
  can0  103   [8]  00 00 00 00 00 00 00 00
  can0  100   [8]  8F FF 64 9C 64 9C 77 33
  can0  102   [8]  00 00 00 00 FF 00 00 00
  can0  110   [8]  00 00 00 00 00 00 00 00
  can0  111   [8]  F1 0A 02 00 00 00 00 00
  can0  112   [8]  03 03 77 77 04 04 04 04
  can0  113   [8]  B5 36 0A 00 00 50 0A 00
  can0  114   [8]  00 00 00 00 00 00 80 00
  can0  115   [8]  00 00 00 00 00 00 00 00
  can0  116   [8]  00 08 00 08 00 00 00 00
  can0  101   [8]  B0 85 00 00 00 00 00 11
  can0  103   [8]  00 00 00 00 00 00 00 00
  can0  100   [8]  7A 00 64 9C 64 9C 77 33
  can0  102   [8]  00 00 00 00 FF 00 00 00
  can0  110   [8]  00 00 00 00 00 00 00 00
  can0  111   [8]  F2 0A 02 00 00 00 00 00
  can0  112   [8]  03 03 77 77 04 04 04 04
  can0  113   [8]  BA 36 0A 00 05 50 0A 00
  can0  114   [8]  00 00 00 00 00 00 80 00
  can0  115   [8]  00 00 00 00 00 00 00 00
  can0  116   [8]  00 08 00 08 00 00 00 00
  can0  101   [8]  57 86 00 00 00 00 00 11
  can0  103   [8]  00 00 00 00 00 00 00 00
  can0  630   [1]  F0
  can0  100   [8]  27 01 64 9C 64 9C 77 33
  can0  102   [8]  00 00 00 00 FF 00 00 00
  can0  110   [8]  00 00 00 00 00 00 00 00
  can0  111   [8]  F3 0A 02 00 00 00 00 00
  can0  112   [8]  03 03 77 77 04 04 04 04
  can0  113   [8]  BF 36 0A 00 0A 50 0A 00
  can0  114   [8]  00 00 00 00 00 00 80 00
  can0  115   [8]  00 00 00 00 00 00 00 00
  can0  116   [8]  00 08 00 08 00 00 00 00
  can0  101   [8]  0A 87 00 00 00 00 00 11
  can0  103   [8]  00 00 00 00 00 00 00 00
  can0  100   [8]  C0 02 64 9C 64 9C 77 33
  can0  102   [8]  00 00 00 00 FF 00 00 00
  can0  110   [8]  00 00 00 00 00 00 00 00
  can0  111   [8]  F4 0A 02 00 00 00 00 00
  can0  112   [8]  03 03 77 77 04 04 04 04
  can0  113   [8]  C4 36 0A 00 0F 50 0A 00
  can0  114   [8]  00 00 00 00 00 00 80 00
  can0  115   [8]  00 00 00 00 00 00 00 00
  can0  116   [8]  00 08 00 08 00 00 00 00
  can0  101   [8]  56 88 00 00 00 00 00 11
  can0  103   [8]  00 00 00 00 00 00 00 00
  can0  100   [8]  9D 03 64 9C 64 9C 77 33
  can0  102   [8]  00 00 00 00 FF 00 00 00
  can0  110   [8]  00 00 00 00 00 00 00 00
  can0  111   [8]  F5 0A 02 00 00 00 00 00
  can0  112   [8]  03 03 77 77 04 04 04 04
  can0  113   [8]  C9 36 0A 00 14 50 0A 00
  can0  114   [8]  00 00 00 00 00 00 80 00
  can0  115   [8]  00 00 00 00 00 00 00 00
  can0  116   [8]  00 08 00 08 00 00 00 00
  can0  101   [8]  0B 89 00 00 00 00 00 11
  can0  103   [8]  00 00 00 00 00 00 00 00
  can0  100   [8]  13 04 64 9C 64 9C 77 33
  can0  102   [8]  00 00 00 00 FF 00 00 00
  can0  110   [8]  00 00 00 00 00 00 00 00
  can0  111   [8]  F6 0A 02 00 00 00 00 00
  can0  112   [8]  03 03 77 77 04 04 04 04
  can0  113   [8]  CE 36 0A 00 19 50 0A 00
  can0  114   [8]  00 00 00 00 00 00 80 00
  can0  115   [8]  00 00 00 00 00 00 00 00
  can0  116   [8]  00 08 00 08 00 00 00 00
  can0  101   [8]  EC 8A 00 00 00 00 00 11
  can0  103   [8]  00 00 00 00 00 00 00 00
  can0  100   [8]  4E 05 64 9C 64 9C 77 33
  can0  102   [8]  00 00 00 00 FF 00 00 00
  can0  110   [8]  00 00 00 00 00 00 00 00
  can0  111   [8]  F7 0A 02 00 00 00 00 00
  can0  112   [8]  03 03 77 77 04 04 04 04
  can0  113   [8]  D3 36 0A 00 1E 50 0A 00
  can0  114   [8]  00 00 00 00 00 00 80 00
  can0  115   [8]  00 00 00 00 00 00 00 00
  can0  116   [8]  00 08 00 08 00 00 00 00
  can0  101   [8]  B1 8B 00 00 00 00 00 11
  can0  103   [8]  00 00 00 00 00 00 00 00
  can0  610   [8]  AE 47 21 BF C3 F5 E8 BD
  can0  611   [4]  1F 85 DB 3E
  can0  100   [8]  A9 06 64 9C 64 9C 77 33
  can0  102   [8]  00 00 00 00 FF 00 00 00
  can0  110   [8]  00 00 00 00 00 00 00 00
  can0  111   [8]  F8 0A 02 00 00 00 00 00
  can0  112   [8]  03 03 77 77 04 04 04 04
  can0  113   [8]  D8 36 0A 00 23 50 0A 00
  can0  114   [8]  00 00 00 00 00 00 80 00
  can0  115   [8]  00 00 00 00 00 00 00 00
  can0  116   [8]  00 08 00 08 00 00 00 00
  can0  630   [1]  F0
  can0  101   [8]  3F 8C 00 00 00 00 00 11
  can0  103   [8]  00 00 00 00 00 00 00 00
  can0  100   [8]  F4 07 64 9C 64 9C 77 33
  can0  102   [8]  00 00 00 00 FF 00 00 00
  can0  110   [8]  00 00 00 00 00 00 00 00
  can0  111   [8]  F9 0A 02 00 00 00 00 00
  can0  112   [8]  03 03 77 77 04 04 04 04
  can0  113   [8]  DD 36 0A 00 28 50 0A 00
  can0  114   [8]  00 00 00 00 00 00 80 00
  can0  115   [8]  00 00 00 00 00 00 00 00
  can0  116   [8]  00 08 00 08 00 00 00 00
  can0  402   [8]  02 00 17 15 FF 2C 00 10
  can0  404   [8]  03 00 00 00 00 00 00 00
  can0  403   [8]  02 01 2C 12 3C 34 00 00
  can0  405   [8]  03 01 00 00 00 00 00 00
  can0  101   [8]  62 8D 00 00 00 00 00 11
  can0  103   [8]  00 00 00 00 00 00 00 00
  can0  100   [8]  A8 08 64 9C 64 9C 77 33
  can0  102   [8]  00 00 00 00 FF 00 00 00
  can0  110   [8]  00 00 00 00 00 00 00 00
  can0  111   [8]  F9 0A 02 00 00 00 00 00
  can0  112   [8]  03 03 77 77 04 04 04 04
  can0  113   [8]  DD 36 0A 00 2D 50 0A 00
  can0  114   [8]  00 00 00 00 00 00 80 00
  can0  115   [8]  00 00 00 00 00 00 00 00
  can0  116   [8]  00 08 00 08 00 00 00 00
  can0  101   [8]  85 8E 00 00 00 00 00 11
  can0  103   [8]  00 00 00 00 00 00 00 00
  can0  100   [8]  F5 09 64 9C 64 9C 77 33
  can0  102   [8]  00 00 00 00 FF 00 00 00
  can0  110   [8]  00 00 00 00 00 00 00 00
  can0  111   [8]  FB 0A 02 00 00 00 00 00
  can0  112   [8]  03 03 77 77 04 04 04 04
  can0  113   [8]  E7 36 0A 00 32 50 0A 00
  can0  114   [8]  00 00 00 00 00 00 80 00
  can0  115   [8]  00 00 00 00 00 00 00 00
  can0  116   [8]  00 08 00 08 00 00 00 00
  can0  101   [8]  D8 8F 00 00 00 00 00 11
  can0  103   [8]  00 00 00 00 00 00 00 00
  can0  100   [8]  12 0A 64 9C 64 9C 77 33
  can0  102   [8]  00 00 00 00 FF 00 00 00
  can0  110   [8]  00 00 00 00 00 00 00 00
  can0  111   [8]  FC 0A 02 00 00 00 00 00
  can0  112   [8]  03 03 77 77 04 04 04 04
  can0  113   [8]  EC 36 0A 00 37 50 0A 00
  can0  114   [8]  00 00 00 00 00 00 80 00
  can0  115   [8]  00 00 00 00 00 00 00 00
  can0  116   [8]  00 08 00 08 00 00 00 00
  can0  101   [8]  3D 90 00 00 00 00 00 11
  can0  103   [8]  00 00 00 00 00 00 00 00
  can0  600   [8]  ED FF F0 FF FA 00 01 03
  can0  601   [6]  17 00 F7 FF 81 01
  can0  100   [8]  4F 0B 64 9C 64 9C 77 33
  can0  102   [8]  00 00 00 00 FF 00 00 00
  can0  110   [8]  00 00 00 00 00 00 00 00
  can0  111   [8]  FD 0A 02 00 00 00 00 00
  can0  112   [8]  03 03 77 77 04 04 04 04
  can0  113   [8]  F1 36 0A 00 3C 50 0A 00
  can0  114   [8]  00 00 00 00 00 00 80 00
  can0  115   [8]  00 00 00 00 00 00 00 00
  can0  116   [8]  00 08 00 08 00 00 00 00
  can0  630   [1]  F0
  can0  101   [8]  60 91 00 00 00 00 00 11
  can0  103   [8]  00 00 00 00 00 00 00 00
  can0  100   [8]  C1 0C 64 9C 64 9C 77 33
  can0  102   [8]  00 00 00 00 FF 00 00 00
  can0  110   [8]  00 00 00 00 00 00 00 00
  can0  111   [8]  FE 0A 02 00 00 00 00 00
  can0  112   [8]  03 03 77 77 04 04 04 04
  can0  113   [8]  F6 36 0A 00 41 50 0A 00
  can0  114   [8]  00 00 00 00 00 00 80 00
  can0  115   [8]  00 00 00 00 00 00 00 00
  can0  116   [8]  00 08 00 08 00 00 00 00
  can0  101   [8]  87 92 00 00 00 00 00 11
  can0  103   [8]  00 00 00 00 00 00 00 00
  can0  100   [8]  9C 0D 64 9C 64 9C 77 33
  can0  102   [8]  00 00 00 00 FF 00 00 00
  can0  110   [8]  00 00 00 00 00 00 00 00
  can0  111   [8]  FF 0A 02 00 00 00 00 00
  can0  112   [8]  03 03 77 77 04 04 04 04
  can0  113   [8]  FB 36 0A 00 46 50 0A 00
  can0  114   [8]  00 00 00 00 00 00 80 00
  can0  115   [8]  00 00 00 00 00 00 00 00
  can0  116   [8]  00 08 00 08 00 00 00 00
  can0  101   [8]  DA 93 00 00 00 00 00 11
  can0  103   [8]  00 00 00 00 00 00 00 00
  can0  620   [3]  02 00 01
  can0  100   [8]  7B 0E 64 9C 64 9C 77 33
  can0  102   [8]  00 00 00 00 FF 00 00 00
  can0  110   [8]  00 00 00 00 00 00 00 00
  can0  111   [8]  00 0B 02 00 00 00 00 00
  can0  112   [8]  03 03 77 77 04 04 04 04
  can0  113   [8]  00 37 0A 00 4B 50 0A 00
  can0  114   [8]  00 00 00 00 00 00 80 00
  can0  115   [8]  00 00 00 00 00 00 00 00
  can0  116   [8]  00 08 00 08 00 00 00 00
  can0  621   [8]  00 00 00 00 00 00 00 00
  can0  622   [7]  00 00 00 00 00 00 00
  can0  623   [7]  00 00 00 00 00 00 00
  can0  624   [4]  00 00 00 00
  can0  101   [8]  54 94 00 00 00 00 00 11
  can0  625   [8]  E1 FA C7 42 E1 FA C7 42
  can0  626   [4]  E1 FA C7 42
  can0  627   [6]  00 00 00 00 00 00
  can0  103   [8]  00 00 00 00 00 00 00 00
  can0  100   [8]  26 0F 64 9C 64 9C 77 33
  can0  102   [8]  00 00 00 00 FF 00 00 00
  can0  110   [8]  00 00 00 00 00 00 00 00
  can0  111   [8]  01 0B 02 00 00 00 00 00
  can0  112   [8]  03 03 77 77 04 04 04 04
  can0  113   [8]  05 37 0A 00 50 50 0A 00
  can0  114   [8]  00 00 00 00 00 00 80 00
  can0  115   [8]  00 00 00 00 00 00 00 00
  can0  116   [8]  00 08 00 08 00 00 00 00
  can0  101   [8]  09 95 00 00 00 00 00 11
  can0  103   [8]  00 00 00 00 00 00 00 00
  can0  610   [8]  C3 F5 E8 BE 48 E1 7A 3D
  can0  611   [4]  D7 A3 C0 3E
  can0  100   [8]  C3 10 64 9C 64 9C 77 33
  can0  102   [8]  00 00 00 00 FF 00 00 00
  can0  110   [8]  00 00 00 00 00 00 00 00
  can0  111   [8]  02 0B 02 00 00 00 00 00
  can0  112   [8]  03 03 77 77 04 04 04 04
  can0  113   [8]  0A 37 0A 00 55 50 0A 00
  can0  114   [8]  00 00 00 00 00 00 80 00
  can0  115   [8]  00 00 00 00 00 00 00 00
  can0  116   [8]  00 08 00 08 00 00 00 00
  can0  630   [1]  F0
  can0  101   [8]  EE 96 00 00 00 00 00 11
  can0  103   [8]  00 00 00 00 00 00 00 00
  can0  100   [8]  9E 11 64 9C 64 9C 77 33
  can0  102   [8]  00 00 00 00 FF 00 00 00
  can0  110   [8]  00 00 00 00 00 00 00 00
  can0  111   [8]  02 0B 02 00 00 00 00 00
  can0  112   [8]  03 03 77 77 04 04 04 04
  can0  113   [8]  0A 37 0A 00 5A 50 0A 00
  can0  114   [8]  00 00 00 00 00 00 80 00
  can0  115   [8]  00 00 00 00 00 00 00 00
  can0  116   [8]  00 08 00 08 00 00 00 00
  can0  101   [8]  B3 97 00 00 00 00 00 11
  can0  103   [8]  00 00 00 00 00 00 00 00
  can0  100   [8]  79 12 64 9C 64 9C 77 33
  can0  102   [8]  00 00 00 00 FF 00 00 00
  can0  110   [8]  00 00 00 00 00 00 00 00
  can0  111   [8]  03 0B 02 00 00 00 00 00
  can0  112   [8]  03 03 77 77 04 04 04 04
  can0  113   [8]  0F 37 0A 00 5F 50 0A 00
  can0  114   [8]  00 00 00 00 00 00 80 00
  can0  115   [8]  00 00 00 00 00 00 00 00
  can0  116   [8]  00 08 00 08 00 00 00 00
  can0  101   [8]  EF 98 00 00 00 00 00 11
  can0  103   [8]  00 00 00 00 00 00 00 00
  can0  100   [8]  24 13 64 9C 64 9C 77 33
  can0  102   [8]  00 00 00 00 FF 00 00 00
  can0  110   [8]  00 00 00 00 00 00 00 00
  can0  111   [8]  05 0B 02 00 00 00 00 00
  can0  112   [8]  03 03 77 77 04 04 04 04
  can0  113   [8]  19 37 0A 00 64 50 0A 00
  can0  114   [8]  00 00 00 00 00 00 80 00
  can0  115   [8]  00 00 00 00 00 00 00 00
  can0  116   [8]  00 08 00 08 00 00 00 00
  can0  101   [8]  B2 99 00 00 00 00 00 11
  can0  103   [8]  00 00 00 00 00 00 00 00
  can0  100   [8]  AA 14 64 9C 64 9C 77 33
  can0  102   [8]  00 00 00 00 FF 00 00 00
  can0  110   [8]  00 00 00 00 00 00 00 00
  can0  111   [8]  06 0B 02 00 00 00 00 00
  can0  112   [8]  03 03 77 77 04 04 04 04
  can0  113   [8]  1E 37 0A 00 69 50 0A 00
  can0  114   [8]  00 00 00 00 00 00 80 00
  can0  115   [8]  00 00 00 00 00 00 00 00
  can0  116   [8]  00 08 00 08 00 00 00 00
  can0  101   [8]  55 9A 00 00 00 00 00 11
  can0  103   [8]  00 00 00 00 00 00 00 00
  can0  630   [1]  F0
  can0  100   [8]  F7 15 64 9C 64 9C 77 33
  can0  102   [8]  00 00 00 00 FF 00 00 00
  can0  110   [8]  00 00 00 00 00 00 00 00
  can0  111   [8]  07 0B 02 00 00 00 00 00
  can0  112   [8]  03 03 77 77 04 04 04 04
  can0  113   [8]  23 37 0A 00 6E 50 0A 00
  can0  114   [8]  00 00 00 00 00 00 80 00
  can0  115   [8]  00 00 00 00 00 00 00 00
  can0  116   [8]  00 08 00 08 00 00 00 00
  can0  101   [8]  08 9B 00 00 00 00 00 11
  can0  103   [8]  00 00 00 00 00 00 00 00
  can0  100   [8]  10 16 64 9C 64 9C 77 33
  can0  102   [8]  00 00 00 00 FF 00 00 00
  can0  110   [8]  00 00 00 00 00 00 00 00
  can0  111   [8]  08 0B 02 00 00 00 00 00
  can0  112   [8]  03 03 77 77 04 04 04 04
  can0  113   [8]  28 37 0A 00 73 50 0A 00
  can0  114   [8]  00 00 00 00 00 00 80 00
  can0  115   [8]  00 00 00 00 00 00 00 00
  can0  116   [8]  00 08 00 08 00 00 00 00
  can0  101   [8]  86 9C 00 00 00 00 00 11
  can0  103   [8]  00 00 00 00 00 00 00 00
  can0  100   [8]  4D 17 64 9C 64 9C 77 33
  can0  102   [8]  00 00 00 00 FF 00 00 00
  can0  110   [8]  00 00 00 00 00 00 00 00
  can0  111   [8]  09 0B 02 00 00 00 00 00
  can0  112   [8]  03 03 77 77 04 04 04 04
  can0  113   [8]  2D 37 0A 00 78 50 0A 00
  can0  114   [8]  00 00 00 00 00 00 80 00
  can0  115   [8]  00 00 00 00 00 00 00 00
  can0  116   [8]  00 08 00 08 00 00 00 00
  can0  101   [8]  DB 9D 00 00 00 00 00 11
  can0  103   [8]  00 00 00 00 00 00 00 00
  can0  100   [8]  11 18 64 9C 64 9C 77 33
  can0  102   [8]  00 00 00 00 FF 00 00 00
  can0  110   [8]  00 00 00 00 00 00 00 00
  can0  111   [8]  0A 0B 02 00 00 00 00 00
  can0  112   [8]  03 03 77 77 04 04 04 04
  can0  113   [8]  32 37 0A 00 7D 50 0A 00
  can0  114   [8]  00 00 00 00 00 00 80 00
  can0  115   [8]  00 00 00 00 00 00 00 00
  can0  116   [8]  00 08 00 08 00 00 00 00
  can0  101   [8]  3C 9E 00 00 00 00 00 11
  can0  103   [8]  00 00 00 00 00 00 00 00
  can0  100   [8]  4C 19 64 9C 64 9C 77 33
  can0  102   [8]  00 00 00 00 FF 00 00 00
  can0  110   [8]  00 00 00 00 00 00 00 00
  can0  111   [8]  0B 0B 02 00 00 00 00 00
  can0  112   [8]  03 03 77 77 04 04 04 04
  can0  113   [8]  37 37 0A 00 82 50 0A 00
  can0  114   [8]  00 00 00 00 00 00 80 00
  can0  115   [8]  00 00 00 00 00 00 00 00
  can0  116   [8]  00 08 00 08 00 00 00 00
  can0  101   [8]  61 9F 00 00 00 00 00 11
  can0  103   [8]  00 00 00 00 00 00 00 00
  can0  600   [8]  EE FF F1 FF FB 00 02 03
  can0  601   [6]  17 00 F7 FF 81 01
  can0  610   [8]  C3 F5 E8 BE 48 E1 7A 3D
  can0  611   [4]  D7 A3 C0 3E
  can0  630   [1]  F0
  can0  100   [8]  AB 1A 64 9C 64 9C 77 33
  can0  102   [8]  00 00 00 00 FF 00 00 00
  can0  110   [8]  00 00 00 00 00 00 00 00
  can0  111   [8]  0C 0B 02 00 00 00 00 00
  can0  112   [8]  03 03 77 77 04 04 04 04
  can0  113   [8]  3C 37 0A 00 87 50 0A 00
  can0  114   [8]  00 00 00 00 00 00 80 00
  can0  115   [8]  00 00 00 00 00 00 00 00
  can0  116   [8]  00 08 00 08 00 00 00 00
  can0  101   [8]  EB A0 00 00 00 00 00 11
  can0  103   [8]  00 00 00 00 00 00 00 00
  can0  100   [8]  F6 1B 64 9C 64 9C 77 33
  can0  102   [8]  00 00 00 00 FF 00 00 00
  can0  110   [8]  00 00 00 00 00 00 00 00
  can0  111   [8]  0D 0B 02 00 00 00 00 00
  can0  112   [8]  03 03 77 77 04 04 04 04
  can0  113   [8]  41 37 0A 00 8C 50 0A 00
  can0  114   [8]  00 00 00 00 00 00 80 00
  can0  115   [8]  00 00 00 00 00 00 00 00
  can0  116   [8]  00 08 00 08 00 00 00 00
  can0  101   [8]  B6 A1 00 00 00 00 00 11
  can0  103   [8]  00 00 00 00 00 00 00 00
  can0  100   [8]  78 1C 64 9C 64 9C 77 33
  can0  102   [8]  00 00 00 00 FF 00 00 00
  can0  110   [8]  00 00 00 00 00 00 00 00
  can0  111   [8]  0E 0B 02 00 00 00 00 00
  can0  112   [8]  03 03 77 77 04 04 04 04
  can0  113   [8]  46 37 0A 00 91 50 0A 00
  can0  114   [8]  00 00 00 00 00 00 80 00
  can0  115   [8]  00 00 00 00 00 00 00 00
  can0  116   [8]  00 08 00 08 00 00 00 00
  can0  101   [8]  51 A2 00 00 00 00 00 11
  can0  103   [8]  00 00 00 00 00 00 00 00
  can0  100   [8]  25 1D 64 9C 64 9C 77 33
  can0  102   [8]  00 00 00 00 FF 00 00 00
  can0  110   [8]  00 00 00 00 00 00 00 00
  can0  111   [8]  0F 0B 02 00 00 00 00 00
  can0  112   [8]  03 03 77 77 04 04 04 04
  can0  113   [8]  4B 37 0A 00 96 50 0A 00
  can0  114   [8]  00 00 00 00 00 00 80 00
  can0  115   [8]  00 00 00 00 00 00 00 00
  can0  116   [8]  00 08 00 08 00 00 00 00
  can0  101   [8]  0C A3 00 00 00 00 00 11
  can0  103   [8]  00 00 00 00 00 00 00 00
  can0  100   [8]  C2 1E 64 9C 64 9C 77 33
  can0  102   [8]  00 00 00 00 FF 00 00 00
  can0  110   [8]  00 00 00 00 00 00 00 00
  can0  111   [8]  10 0B 02 00 00 00 00 00
  can0  112   [8]  03 03 77 77 04 04 04 04
  can0  113   [8]  50 37 0A 00 9B 50 0A 00
  can0  114   [8]  00 00 00 00 00 00 80 00
  can0  115   [8]  00 00 00 00 00 00 00 00
  can0  116   [8]  00 08 00 08 00 00 00 00
  can0  101   [8]  82 A4 00 00 00 00 00 11
  can0  103   [8]  00 00 00 00 00 00 00 00
  can0  630   [1]  F0
  can0  100   [8]  9F 1F 64 9C 64 9C 77 33
  can0  102   [8]  00 00 00 00 FF 00 00 00
  can0  110   [8]  00 00 00 00 00 00 00 00
  can0  111   [8]  11 0B 02 00 00 00 00 00
  can0  112   [8]  03 03 77 77 04 04 04 04
  can0  113   [8]  55 37 0A 00 A0 50 0A 00
  can0  114   [8]  00 00 00 00 00 00 80 00
  can0  115   [8]  00 00 00 00 00 00 00 00
  can0  116   [8]  00 08 00 08 00 00 00 00
  can0  101   [8]  DF A5 00 00 00 00 00 11
  can0  103   [8]  00 00 00 00 00 00 00 00
  can0  100   [8]  15 20 64 9C 64 9C 77 33
  can0  102   [8]  00 00 00 00 FF 00 00 00
  can0  110   [8]  00 00 00 00 00 00 00 00
  can0  111   [8]  12 0B 02 00 00 00 00 00
  can0  112   [8]  03 03 77 77 04 04 04 04
  can0  113   [8]  5A 37 0A 00 A5 50 0A 00
  can0  114   [8]  00 00 00 00 00 00 80 00
  can0  115   [8]  00 00 00 00 00 00 00 00
  can0  116   [8]  00 08 00 08 00 00 00 00
  can0  101   [8]  38 A6 00 00 00 00 00 11
  can0  103   [8]  00 00 00 00 00 00 00 00
  can0  100   [8]  48 21 64 9C 64 9C 77 33
  can0  102   [8]  00 00 00 00 FF 00 00 00
  can0  110   [8]  00 00 00 00 00 00 00 00
  can0  111   [8]  13 0B 02 00 00 00 00 00
  can0  112   [8]  03 03 77 77 04 04 04 04
  can0  113   [8]  5F 37 0A 00 AA 50 0A 00
  can0  114   [8]  00 00 00 00 00 00 80 00
  can0  115   [8]  00 00 00 00 00 00 00 00
  can0  116   [8]  00 08 00 08 00 00 00 00
  can0  101   [8]  65 A7 00 00 00 00 00 11
  can0  103   [8]  00 00 00 00 00 00 00 00
  can0  620   [3]  02 00 01
  can0  621   [8]  00 00 00 00 00 00 00 00
  can0  622   [7]  00 00 00 00 00 00 00
  can0  623   [7]  00 00 00 00 00 00 00
  can0  624   [4]  00 00 00 00
  can0  100   [8]  AF 22 64 9C 64 9C 77 33
  can0  102   [8]  00 00 00 00 FF 00 00 00
  can0  110   [8]  00 00 00 00 00 00 00 00
  can0  111   [8]  14 0B 02 00 00 00 00 00
  can0  112   [8]  03 03 77 77 04 04 04 04
  can0  113   [8]  64 37 0A 00 AF 50 0A 00
  can0  114   [8]  00 00 00 00 00 00 80 00
  can0  115   [8]  00 00 00 00 00 00 00 00
  can0  116   [8]  00 08 00 08 00 00 00 00
  can0  101   [8]  39 A8 00 00 00 00 00 11
  can0  625   [8]  E1 FA C7 42 E1 FA C7 42
  can0  626   [4]  E1 FA C7 42
  can0  627   [6]  00 00 00 00 00 00
  can0  103   [8]  00 00 00 00 00 00 00 00
  can0  100   [8]  F2 23 64 9C 64 9C 77 33
  can0  102   [8]  00 00 00 00 FF 00 00 00
  can0  110   [8]  00 00 00 00 00 00 00 00
  can0  111   [8]  15 0B 02 00 00 00 00 00
  can0  112   [8]  03 03 77 77 04 04 04 04
  can0  113   [8]  69 37 0A 00 B4 50 0A 00
  can0  114   [8]  00 00 00 00 00 00 80 00
  can0  115   [8]  00 00 00 00 00 00 00 00
  can0  116   [8]  00 08 00 08 00 00 00 00
  can0  101   [8]  64 A9 00 00 00 00 00 11
  can0  103   [8]  00 00 00 00 00 00 00 00
  can0  610   [8]  1F 85 DB BE 48 E1 8A BE
  can0  611   [4]  52 B8 AE 3E
  can0  630   [1]  F0
  can0  100   [8]  7C 24 64 9C 64 9C 77 33
  can0  102   [8]  00 00 00 00 FF 00 00 00
  can0  110   [8]  00 00 00 00 00 00 00 00
  can0  111   [8]  16 0B 02 00 00 00 00 00
  can0  112   [8]  03 03 77 77 04 04 04 04
  can0  113   [8]  6E 37 0A 00 B9 50 0A 00
  can0  114   [8]  00 00 00 00 00 00 80 00
  can0  115   [8]  00 00 00 00 00 00 00 00
  can0  116   [8]  00 08 00 08 00 00 00 00
  can0  101   [8]  83 AA 00 00 00 00 00 11
  can0  103   [8]  00 00 00 00 00 00 00 00
  can0  100   [8]  21 25 64 9C 64 9C 77 33
  can0  102   [8]  00 00 00 00 FF 00 00 00
  can0  110   [8]  00 00 00 00 00 00 00 00
  can0  111   [8]  17 0B 02 00 00 00 00 00
  can0  112   [8]  03 03 77 77 04 04 04 04
  can0  113   [8]  73 37 0A 00 BE 50 0A 00
  can0  114   [8]  00 00 00 00 00 00 80 00
  can0  115   [8]  00 00 00 00 00 00 00 00
  can0  116   [8]  00 08 00 08 00 00 00 00
  can0  101   [8]  DE AB 00 00 00 00 00 11
  can0  103   [8]  00 00 00 00 00 00 00 00
  can0  100   [8]  C6 26 64 9C 64 9C 77 33
  can0  102   [8]  00 00 00 00 FF 00 00 00
  can0  110   [8]  00 00 00 00 00 00 00 00
  can0  111   [8]  18 0B 02 00 00 00 00 00
  can0  112   [8]  03 03 77 77 04 04 04 04
  can0  113   [8]  78 37 0A 00 C3 50 0A 00
  can0  114   [8]  00 00 00 00 00 00 80 00
  can0  115   [8]  00 00 00 00 00 00 00 00
  can0  116   [8]  00 08 00 08 00 00 00 00
  can0  101   [8]  50 AC 00 00 00 00 00 11
  can0  103   [8]  00 00 00 00 00 00 00 00
  can0  100   [8]  9B 27 64 9C 64 9C 77 33
  can0  102   [8]  00 00 00 00 FF 00 00 00
  can0  110   [8]  00 00 00 00 00 00 00 00
  can0  111   [8]  19 0B 02 00 00 00 00 00
  can0  112   [8]  03 03 77 77 04 04 04 04
  can0  113   [8]  7D 37 0A 00 C8 50 0A 00
  can0  114   [8]  00 00 00 00 00 00 80 00
  can0  115   [8]  00 00 00 00 00 00 00 00
  can0  116   [8]  00 08 00 08 00 00 00 00
  can0  101   [8]  0D AD 00 00 00 00 00 11
  can0  103   [8]  00 00 00 00 00 00 00 00
  can0  100   [8]  C7 28 64 9C 64 9C 77 33
  can0  102   [8]  00 00 00 00 FF 00 00 00
  can0  110   [8]  00 00 00 00 00 00 00 00
  can0  111   [8]  1A 0B 02 00 00 00 00 00
  can0  112   [8]  03 03 77 77 04 04 04 04
  can0  113   [8]  82 37 0A 00 CD 50 0A 00
  can0  114   [8]  00 00 00 00 00 00 80 00
  can0  115   [8]  00 00 00 00 00 00 00 00
  can0  116   [8]  00 08 00 08 00 00 00 00
  can0  101   [8]  EA AE 00 00 00 00 00 11
  can0  103   [8]  00 00 00 00 00 00 00 00
  can0  600   [8]  EC FF F1 FF FC 00 02 03
  can0  601   [6]  0F 00 FC FF 83 01
  can0  630   [1]  F0
  can0  100   [8]  9A 29 64 9C 64 9C 77 33
  can0  102   [8]  00 00 00 00 FF 00 00 00
  can0  110   [8]  00 00 00 00 00 00 00 00
  can0  111   [8]  1B 0B 02 00 00 00 00 00
  can0  112   [8]  03 03 77 77 04 04 04 04
  can0  113   [8]  87 37 0A 00 D2 50 0A 00
  can0  114   [8]  00 00 00 00 00 00 80 00
  can0  115   [8]  00 00 00 00 00 00 00 00
  can0  116   [8]  00 08 00 08 00 00 00 00
  can0  101   [8]  B7 AF 00 00 00 00 00 11
  can0  103   [8]  00 00 00 00 00 00 00 00
  can0  100   [8]  7D 2A 64 9C 64 9C 77 33
  can0  102   [8]  00 00 00 00 FF 00 00 00
  can0  110   [8]  00 00 00 00 00 00 00 00
  can0  111   [8]  1C 0B 02 00 00 00 00 00
  can0  112   [8]  03 03 77 77 04 04 04 04
  can0  113   [8]  8C 37 0A 00 D7 50 0A 00
  can0  114   [8]  00 00 00 00 00 00 80 00
  can0  115   [8]  00 00 00 00 00 00 00 00
  can0  116   [8]  00 08 00 08 00 00 00 00
  can0  101   [8]  52 B0 00 00 00 00 00 11
  can0  103   [8]  00 00 00 00 00 00 00 00
  can0  100   [8]  20 2B 64 9C 64 9C 77 33
  can0  102   [8]  00 00 00 00 FF 00 00 00
  can0  110   [8]  00 00 00 00 00 00 00 00
  can0  111   [8]  1D 0B 02 00 00 00 00 00
  can0  112   [8]  03 03 77 77 04 04 04 04
  can0  113   [8]  91 37 0A 00 DC 50 0A 00
  can0  114   [8]  00 00 00 00 00 00 80 00
  can0  115   [8]  00 00 00 00 00 00 00 00
  can0  116   [8]  00 08 00 08 00 00 00 00
  can0  101   [8]  0F B1 00 00 00 00 00 11
  can0  103   [8]  00 00 00 00 00 00 00 00
  can0  100   [8]  AE 2C 64 9C 64 9C 77 33
  can0  102   [8]  00 00 00 00 FF 00 00 00
  can0  110   [8]  00 00 00 00 00 00 00 00
  can0  111   [8]  1E 0B 02 00 00 00 00 00
  can0  112   [8]  03 03 77 77 04 04 04 04
  can0  113   [8]  96 37 0A 00 E1 50 0A 00
  can0  114   [8]  00 00 00 00 00 00 80 00
  can0  115   [8]  00 00 00 00 00 00 00 00
  can0  116   [8]  00 08 00 08 00 00 00 00
  can0  101   [8]  E8 B2 00 00 00 00 00 11
  can0  103   [8]  00 00 00 00 00 00 00 00
  can0  100   [8]  F3 2D 64 9C 64 9C 77 33
  can0  102   [8]  00 00 00 00 FF 00 00 00
  can0  110   [8]  00 00 00 00 00 00 00 00
  can0  111   [8]  1F 0B 02 00 00 00 00 00
  can0  112   [8]  03 03 77 77 04 04 04 04
  can0  113   [8]  9B 37 0A 00 E6 50 0A 00
  can0  114   [8]  00 00 00 00 00 00 80 00
  can0  115   [8]  00 00 00 00 00 00 00 00
  can0  116   [8]  00 08 00 08 00 00 00 00
  can0  101   [8]  B5 B3 00 00 00 00 00 11
  can0  103   [8]  00 00 00 00 00 00 00 00
  can0  610   [8]  1F 85 DB BE 48 E1 8A BE
  can0  611   [4]  52 B8 AE 3E
  can0  630   [1]  F0
  can0  100   [8]  14 2E 64 9C 64 9C 77 33
  can0  102   [8]  00 00 00 00 FF 00 00 00
  can0  110   [8]  00 00 00 00 00 00 00 00
  can0  111   [8]  1F 0B 02 00 00 00 00 00
  can0  112   [8]  03 03 77 77 04 04 04 04
  can0  113   [8]  9B 37 0A 00 EB 50 0A 00
  can0  114   [8]  00 00 00 00 00 00 80 00
  can0  115   [8]  00 00 00 00 00 00 00 00
  can0  116   [8]  00 08 00 08 00 00 00 00
  can0  101   [8]  3B B4 00 00 00 00 00 11
  can0  103   [8]  00 00 00 00 00 00 00 00
  can0  100   [8]  49 2F 64 9C 64 9C 77 33
  can0  102   [8]  00 00 00 00 FF 00 00 00
  can0  110   [8]  00 00 00 00 00 00 00 00
  can0  111   [8]  20 0B 02 00 00 00 00 00
  can0  112   [8]  03 03 77 77 04 04 04 04
  can0  113   [8]  A0 37 0A 00 F0 50 0A 00
  can0  114   [8]  00 00 00 00 00 00 80 00
  can0  115   [8]  00 00 00 00 00 00 00 00
  can0  116   [8]  00 08 00 08 00 00 00 00
  can0  402   [8]  02 00 17 15 FF 2C 00 10
  can0  101   [8]  66 B5 00 00 00 00 00 11
  can0  103   [8]  00 00 00 00 00 00 00 00
  can0  404   [8]  03 00 00 00 00 00 00 00
  can0  405   [8]  03 01 00 00 00 00 00 00
  can0  403   [8]  02 01 2C 1F 3C 34 00 00
  can0  100   [8]  AC 30 64 9C 64 9C 77 33
  can0  102   [8]  00 00 00 00 FF 00 00 00
  can0  110   [8]  00 00 00 00 00 00 00 00
  can0  111   [8]  21 0B 02 00 00 00 00 00
  can0  112   [8]  03 03 77 77 04 04 04 04
  can0  113   [8]  A5 37 0A 00 F5 50 0A 00
  can0  114   [8]  00 00 00 00 00 00 80 00
  can0  115   [8]  00 00 00 00 00 00 00 00
  can0  116   [8]  00 08 00 08 00 00 00 00
  can0  101   [8]  81 B6 00 00 00 00 00 11
  can0  103   [8]  00 00 00 00 00 00 00 00
  can0  100   [8]  F1 31 64 9C 64 9C 77 33
  can0  102   [8]  00 00 00 00 FF 00 00 00
  can0  110   [8]  00 00 00 00 00 00 00 00
  can0  111   [8]  22 0B 02 00 00 00 00 00
  can0  112   [8]  03 03 77 77 04 04 04 04
  can0  113   [8]  AA 37 0A 00 FA 50 0A 00
  can0  114   [8]  00 00 00 00 00 00 80 00
  can0  115   [8]  00 00 00 00 00 00 00 00
  can0  116   [8]  00 08 00 08 00 00 00 00
  can0  101   [8]  DC B7 00 00 00 00 00 11
  can0  103   [8]  00 00 00 00 00 00 00 00
  can0  100   [8]  16 32 64 9C 64 9C 77 33
  can0  102   [8]  00 00 00 00 FF 00 00 00
  can0  110   [8]  00 00 00 00 00 00 00 00
  can0  111   [8]  23 0B 02 00 00 00 00 00
  can0  112   [8]  03 03 77 77 04 04 04 04
  can0  113   [8]  AF 37 0A 00 FF 50 0A 00
  can0  114   [8]  00 00 00 00 00 00 80 00
  can0  115   [8]  00 00 00 00 00 00 00 00
  can0  116   [8]  00 08 00 08 00 00 00 00
  can0  101   [8]  80 B8 00 00 00 00 00 11
  can0  103   [8]  00 00 00 00 00 00 00 00
  can0  630   [1]  F0
  can0  100   [8]  4B 33 64 9C 64 9C 77 33
  can0  102   [8]  00 00 00 00 FF 00 00 00
  can0  110   [8]  00 00 00 00 00 00 00 00
  can0  111   [8]  24 0B 02 00 00 00 00 00
  can0  112   [8]  03 03 77 77 04 04 04 04
  can0  113   [8]  B4 37 0A 00 04 51 0A 00
  can0  114   [8]  00 00 00 00 00 00 80 00
  can0  115   [8]  00 00 00 00 00 00 00 00
  can0  116   [8]  00 08 00 08 00 00 00 00
  can0  101   [8]  DD B9 00 00 00 00 00 11
  can0  103   [8]  00 00 00 00 00 00 00 00
  can0  100   [8]  C5 34 64 9C 64 9C 77 33
  can0  102   [8]  00 00 00 00 FF 00 00 00
  can0  110   [8]  00 00 00 00 00 00 00 00
  can0  111   [8]  25 0B 02 00 00 00 00 00
  can0  112   [8]  03 03 77 77 04 04 04 04
  can0  113   [8]  B9 37 0A 00 09 51 0A 00
  can0  114   [8]  00 00 00 00 00 00 80 00
  can0  115   [8]  00 00 00 00 00 00 00 00
  can0  116   [8]  00 08 00 08 00 00 00 00
  can0  101   [8]  3A BA 00 00 00 00 00 11
  can0  103   [8]  00 00 00 00 00 00 00 00
  can0  100   [8]  98 35 64 9C 64 9C 77 33
  can0  102   [8]  00 00 00 00 FF 00 00 00
  can0  110   [8]  00 00 00 00 00 00 00 00
  can0  111   [8]  26 0B 02 00 00 00 00 00
  can0  112   [8]  03 03 77 77 04 04 04 04
  can0  113   [8]  BE 37 0A 00 0E 51 0A 00
  can0  114   [8]  00 00 00 00 00 00 80 00
  can0  115   [8]  00 00 00 00 00 00 00 00
  can0  116   [8]  00 08 00 08 00 00 00 00
  can0  101   [8]  67 BB 00 00 00 00 00 11
  can0  103   [8]  00 00 00 00 00 00 00 00
  can0  620   [3]  02 00 01
  can0  621   [8]  00 00 00 00 00 00 00 00
  can0  622   [7]  00 00 00 00 00 00 00
  can0  623   [7]  00 00 00 00 00 00 00
  can0  624   [4]  00 00 00 00
  can0  100   [8]  7F 36 64 9C 64 9C 77 33
  can0  102   [8]  00 00 00 00 FF 00 00 00
  can0  110   [8]  00 00 00 00 00 00 00 00
  can0  111   [8]  27 0B 02 00 00 00 00 00
  can0  112   [8]  03 03 77 77 04 04 04 04
  can0  113   [8]  C3 37 0A 00 13 51 0A 00
  can0  114   [8]  00 00 00 00 00 00 80 00
  can0  115   [8]  00 00 00 00 00 00 00 00
  can0  116   [8]  00 08 00 08 00 00 00 00
  can0  101   [8]  E9 BC 00 00 00 00 00 11
  can0  625   [8]  E1 FA C7 42 E1 FA C7 42
  can0  626   [4]  E1 FA C7 42
  can0  627   [6]  00 00 00 00 00 00
  can0  103   [8]  00 00 00 00 00 00 00 00
  can0  100   [8]  22 37 64 9C 64 9C 77 33
  can0  102   [8]  00 00 00 00 FF 00 00 00
  can0  110   [8]  00 00 00 00 00 00 00 00
  can0  111   [8]  28 0B 02 00 00 00 00 00
  can0  112   [8]  03 03 77 77 04 04 04 04
  can0  113   [8]  C8 37 0A 00 18 51 0A 00
  can0  114   [8]  00 00 00 00 00 00 80 00
  can0  115   [8]  00 00 00 00 00 00 00 00
  can0  116   [8]  00 08 00 08 00 00 00 00
  can0  101   [8]  B4 BD 00 00 00 00 00 11
  can0  103   [8]  00 00 00 00 00 00 00 00
  can0  600   [8]  ED FF F0 FF FB 00 02 03
  can0  601   [6]  0F 00 F9 FF 84 01
  can0  610   [8]  85 EB F1 BE 29 5C 8F BD
  can0  611   [4]  C3 F5 68 3E
  can0  630   [1]  F0
  can0  100   [8]  7E 38 64 9C 64 9C 77 33
  can0  102   [8]  00 00 00 00 FF 00 00 00
  can0  110   [8]  00 00 00 00 00 00 00 00
  can0  111   [8]  29 0B 02 00 00 00 00 00
  can0  112   [8]  03 03 77 77 04 04 04 04
  can0  113   [8]  CD 37 0A 00 1D 51 0A 00
  can0  114   [8]  00 00 00 00 00 00 80 00
  can0  115   [8]  00 00 00 00 00 00 00 00
  can0  116   [8]  00 08 00 08 00 00 00 00
  can0  101   [8]  53 BE 00 00 00 00 00 11
  can0  103   [8]  00 00 00 00 00 00 00 00
  can0  100   [8]  23 39 64 9C 64 9C 77 33
  can0  102   [8]  00 00 00 00 FF 00 00 00
  can0  110   [8]  00 00 00 00 00 00 00 00
  can0  111   [8]  2A 0B 02 00 00 00 00 00
  can0  112   [8]  03 03 77 77 04 04 04 04
  can0  113   [8]  D2 37 0A 00 22 51 0A 00
  can0  114   [8]  00 00 00 00 00 00 80 00
  can0  115   [8]  00 00 00 00 00 00 00 00
  can0  116   [8]  00 08 00 08 00 00 00 00
  can0  101   [8]  0E BF 00 00 00 00 00 11
  can0  103   [8]  00 00 00 00 00 00 00 00
  can0  100   [8]  C4 3A 64 9C 64 9C 77 33
  can0  102   [8]  00 00 00 00 FF 00 00 00
  can0  110   [8]  00 00 00 00 00 00 00 00
  can0  111   [8]  2B 0B 02 00 00 00 00 00
  can0  112   [8]  03 03 77 77 04 04 04 04
  can0  113   [8]  D7 37 0A 00 27 51 0A 00
  can0  114   [8]  00 00 00 00 00 00 80 00
  can0  115   [8]  00 00 00 00 00 00 00 00
  can0  116   [8]  00 08 00 08 00 00 00 00
  can0  101   [8]  5A C0 00 00 00 00 00 11
  can0  103   [8]  00 00 00 00 00 00 00 00
  can0  100   [8]  99 3B 64 9C 64 9C 77 33
  can0  102   [8]  00 00 00 00 FF 00 00 00
  can0  110   [8]  00 00 00 00 00 00 00 00
  can0  111   [8]  2C 0B 02 00 00 00 00 00
  can0  112   [8]  03 03 77 77 04 04 04 04
  can0  113   [8]  DC 37 0A 00 2C 51 0A 00
  can0  114   [8]  00 00 00 00 00 00 80 00
  can0  115   [8]  00 00 00 00 00 00 00 00
  can0  116   [8]  00 08 00 08 00 00 00 00
  can0  101   [8]  07 C1 00 00 00 00 00 11
  can0  103   [8]  00 00 00 00 00 00 00 00
  can0  100   [8]  17 3C 64 9C 64 9C 77 33
  can0  102   [8]  00 00 00 00 FF 00 00 00
  can0  110   [8]  00 00 00 00 00 00 00 00
  can0  111   [8]  2D 0B 02 00 00 00 00 00
  can0  112   [8]  03 03 77 77 04 04 04 04
  can0  113   [8]  E1 37 0A 00 31 51 0A 00
  can0  114   [8]  00 00 00 00 00 00 80 00
  can0  115   [8]  00 00 00 00 00 00 00 00
  can0  116   [8]  00 08 00 08 00 00 00 00
  can0  101   [8]  E0 C2 00 00 00 00 00 11
  can0  103   [8]  00 00 00 00 00 00 00 00
  can0  630   [1]  F0
  can0  100   [8]  4A 3D 64 9C 64 9C 77 33
  can0  102   [8]  00 00 00 00 FF 00 00 00
  can0  110   [8]  00 00 00 00 00 00 00 00
  can0  111   [8]  2E 0B 02 00 00 00 00 00
  can0  112   [8]  03 03 77 77 04 04 04 04
  can0  113   [8]  E6 37 0A 00 36 51 0A 00
  can0  114   [8]  00 00 00 00 00 00 80 00
  can0  115   [8]  00 00 00 00 00 00 00 00
  can0  116   [8]  00 08 00 08 00 00 00 00
  can0  101   [8]  BD C3 00 00 00 00 00 11
  can0  103   [8]  00 00 00 00 00 00 00 00
  can0  100   [8]  AD 3E 64 9C 64 9C 77 33
  can0  102   [8]  00 00 00 00 FF 00 00 00
  can0  110   [8]  00 00 00 00 00 00 00 00
  can0  111   [8]  2F 0B 02 00 00 00 00 00
  can0  112   [8]  03 03 77 77 04 04 04 04
  can0  113   [8]  EB 37 0A 00 3B 51 0A 00
  can0  114   [8]  00 00 00 00 00 00 80 00
  can0  115   [8]  00 00 00 00 00 00 00 00
  can0  116   [8]  00 08 00 08 00 00 00 00
  can0  101   [8]  33 C4 00 00 00 00 00 11
  can0  103   [8]  00 00 00 00 00 00 00 00
  can0  100   [8]  F0 3F 64 9C 64 9C 77 33
  can0  102   [8]  00 00 00 00 FF 00 00 00
  can0  110   [8]  00 00 00 00 00 00 00 00
  can0  111   [8]  30 0B 02 00 00 00 00 00
  can0  112   [8]  03 03 77 77 04 04 04 04
  can0  113   [8]  F0 37 0A 00 40 51 0A 00
  can0  114   [8]  00 00 00 00 00 00 80 00
  can0  115   [8]  00 00 00 00 00 00 00 00
  can0  116   [8]  00 08 00 08 00 00 00 00
  can0  101   [8]  6E C5 00 00 00 00 00 11
  can0  103   [8]  00 00 00 00 00 00 00 00
  can0  100   [8]  A4 40 64 9C 64 9C 77 33
  can0  102   [8]  00 00 00 00 FF 00 00 00
  can0  110   [8]  00 00 00 00 00 00 00 00
  can0  111   [8]  31 0B 02 00 00 00 00 00
  can0  112   [8]  03 03 77 77 04 04 04 04
  can0  113   [8]  F5 37 0A 00 45 51 0A 00
  can0  114   [8]  00 00 00 00 00 00 80 00
  can0  115   [8]  00 00 00 00 00 00 00 00
  can0  116   [8]  00 08 00 08 00 00 00 00
  can0  101   [8]  89 C6 00 00 00 00 00 11
  can0  103   [8]  00 00 00 00 00 00 00 00
  can0  100   [8]  F9 41 64 9C 64 9C 77 33
  can0  102   [8]  00 00 00 00 FF 00 00 00
  can0  110   [8]  00 00 00 00 00 00 00 00
  can0  111   [8]  32 0B 02 00 00 00 00 00
  can0  112   [8]  03 03 77 77 04 04 04 04
  can0  113   [8]  FA 37 0A 00 4A 51 0A 00
  can0  114   [8]  00 00 00 00 00 00 80 00
  can0  115   [8]  00 00 00 00 00 00 00 00
  can0  116   [8]  00 08 00 08 00 00 00 00
  can0  101   [8]  D4 C7 00 00 00 00 00 11
  can0  103   [8]  00 00 00 00 00 00 00 00
  can0  610   [8]  85 EB F1 BE 29 5C 8F BD
  can0  611   [4]  C3 F5 68 3E
  can0  630   [1]  F0
  can0  100   [8]  1E 42 64 9C 64 9C 77 33
  can0  102   [8]  00 00 00 00 FF 00 00 00
  can0  110   [8]  00 00 00 00 00 00 00 00
  can0  111   [8]  33 0B 02 00 00 00 00 00
  can0  112   [8]  03 03 77 77 04 04 04 04
  can0  113   [8]  FF 37 0A 00 4F 51 0A 00
  can0  114   [8]  00 00 00 00 00 00 80 00
  can0  115   [8]  00 00 00 00 00 00 00 00
  can0  116   [8]  00 08 00 08 00 00 00 00
  can0  101   [8]  88 C8 00 00 00 00 00 11
  can0  103   [8]  00 00 00 00 00 00 00 00
  can0  100   [8]  43 43 64 9C 64 9C 77 33
  can0  102   [8]  00 00 00 00 FF 00 00 00
  can0  110   [8]  00 00 00 00 00 00 00 00
  can0  111   [8]  34 0B 02 00 00 00 00 00
  can0  112   [8]  03 03 77 77 04 04 04 04
  can0  113   [8]  04 38 0A 00 54 51 0A 00
  can0  114   [8]  00 00 00 00 00 00 80 00
  can0  115   [8]  00 00 00 00 00 00 00 00
  can0  116   [8]  00 08 00 08 00 00 00 00
  can0  101   [8]  D5 C9 00 00 00 00 00 11
  can0  103   [8]  00 00 00 00 00 00 00 00
  can0  100   [8]  CD 44 64 9C 64 9C 77 33
  can0  102   [8]  00 00 00 00 FF 00 00 00
  can0  110   [8]  00 00 00 00 00 00 00 00
  can0  111   [8]  35 0B 02 00 00 00 00 00
  can0  112   [8]  03 03 77 77 04 04 04 04
  can0  113   [8]  09 38 0A 00 59 51 0A 00
  can0  114   [8]  00 00 00 00 00 00 80 00
  can0  115   [8]  00 00 00 00 00 00 00 00
  can0  116   [8]  00 08 00 08 00 00 00 00
  can0  101   [8]  32 CA 00 00 00 00 00 11
  can0  103   [8]  00 00 00 00 00 00 00 00
  can0  100   [8]  90 45 64 9C 64 9C 77 33
  can0  102   [8]  00 00 00 00 FF 00 00 00
  can0  110   [8]  00 00 00 00 00 00 00 00
  can0  111   [8]  36 0B 02 00 00 00 00 00
  can0  112   [8]  03 03 77 77 04 04 04 04
  can0  113   [8]  0E 38 0A 00 5E 51 0A 00
  can0  114   [8]  00 00 00 00 00 00 80 00
  can0  115   [8]  00 00 00 00 00 00 00 00
  can0  116   [8]  00 08 00 08 00 00 00 00
  can0  101   [8]  6F CB 00 00 00 00 00 11
  can0  103   [8]  00 00 00 00 00 00 00 00
  can0  100   [8]  77 46 64 9C 64 9C 77 33
  can0  102   [8]  00 00 00 00 FF 00 00 00
  can0  110   [8]  00 00 00 00 00 00 00 00
  can0  111   [8]  37 0B 02 00 00 00 00 00
  can0  112   [8]  03 03 77 77 04 04 04 04
  can0  113   [8]  13 38 0A 00 63 51 0A 00
  can0  114   [8]  00 00 00 00 00 00 80 00
  can0  115   [8]  00 00 00 00 00 00 00 00
  can0  116   [8]  00 08 00 08 00 00 00 00
  can0  101   [8]  E1 CC 00 00 00 00 00 11
  can0  103   [8]  00 00 00 00 00 00 00 00
  can0  600   [8]  ED FF F0 FF FC 00 02 03
  can0  601   [6]  12 00 F9 FF 84 01
  can0  630   [1]  F0
  can0  100   [8]  2A 47 64 9C 64 9C 77 33
  can0  102   [8]  00 00 00 00 FF 00 00 00
  can0  110   [8]  00 00 00 00 00 00 00 00
  can0  111   [8]  38 0B 02 00 00 00 00 00
  can0  112   [8]  03 03 77 77 04 04 04 04
  can0  113   [8]  18 38 0A 00 68 51 0A 00
  can0  114   [8]  00 00 00 00 00 00 80 00
  can0  115   [8]  00 00 00 00 00 00 00 00
  can0  116   [8]  00 08 00 08 00 00 00 00
  can0  101   [8]  BC CD 00 00 00 00 00 11
  can0  103   [8]  00 00 00 00 00 00 00 00
  can0  100   [8]  76 48 64 9C 64 9C 77 33
  can0  102   [8]  00 00 00 00 FF 00 00 00
  can0  110   [8]  00 00 00 00 00 00 00 00
  can0  111   [8]  39 0B 02 00 00 00 00 00
  can0  112   [8]  03 03 77 77 04 04 04 04
  can0  113   [8]  1D 38 0A 00 6D 51 0A 00
  can0  114   [8]  00 00 00 00 00 00 80 00
  can0  115   [8]  00 00 00 00 00 00 00 00
  can0  116   [8]  00 08 00 08 00 00 00 00
  can0  101   [8]  5B CE 00 00 00 00 00 11
  can0  103   [8]  00 00 00 00 00 00 00 00
  can0  100   [8]  2B 49 64 9C 64 9C 77 33
  can0  102   [8]  00 00 00 00 FF 00 00 00
  can0  110   [8]  00 00 00 00 00 00 00 00
  can0  111   [8]  3A 0B 02 00 00 00 00 00
  can0  112   [8]  03 03 77 77 04 04 04 04
  can0  113   [8]  22 38 0A 00 72 51 0A 00
  can0  114   [8]  00 00 00 00 00 00 80 00
  can0  115   [8]  00 00 00 00 00 00 00 00
  can0  116   [8]  00 08 00 08 00 00 00 00
  can0  101   [8]  06 CF 00 00 00 00 00 11
  can0  103   [8]  00 00 00 00 00 00 00 00
  can0  620   [3]  02 00 01
  can0  621   [8]  00 00 00 00 00 00 00 00
  can0  622   [7]  00 00 00 00 00 00 00
  can0  623   [7]  00 00 00 00 00 00 00
  can0  624   [4]  00 00 00 00
  can0  100   [8]  CC 4A 64 9C 64 9C 77 33
  can0  102   [8]  00 00 00 00 FF 00 00 00
  can0  110   [8]  00 00 00 00 00 00 00 00
  can0  111   [8]  3B 0B 02 00 00 00 00 00
  can0  112   [8]  03 03 77 77 04 04 04 04
  can0  113   [8]  27 38 0A 00 77 51 0A 00
  can0  114   [8]  00 00 00 00 00 00 80 00
  can0  115   [8]  00 00 00 00 00 00 00 00
  can0  116   [8]  00 08 00 08 00 00 00 00
  can0  101   [8]  E3 D0 00 00 00 00 00 11
  can0  625   [8]  E1 FA C7 42 E1 FA C7 42
  can0  626   [4]  E1 FA C7 42
  can0  627   [6]  00 00 00 00 00 00
  can0  103   [8]  00 00 00 00 00 00 00 00
  can0  100   [8]  91 4B 64 9C 64 9C 77 33
  can0  102   [8]  00 00 00 00 FF 00 00 00
  can0  110   [8]  00 00 00 00 00 00 00 00
  can0  111   [8]  3C 0B 02 00 00 00 00 00
  can0  112   [8]  03 03 77 77 04 04 04 04
  can0  113   [8]  2C 38 0A 00 7C 51 0A 00
  can0  114   [8]  00 00 00 00 00 00 80 00
  can0  115   [8]  00 00 00 00 00 00 00 00
  can0  116   [8]  00 08 00 08 00 00 00 00
  can0  101   [8]  BE D1 00 00 00 00 00 11
  can0  103   [8]  00 00 00 00 00 00 00 00
  can0  610   [8]  00 00 E0 BE C3 F5 68 BE
  can0  611   [4]  0A D7 93 3E
  can0  630   [1]  F0
  can0  100   [8]  1F 4C 64 9C 64 9C 77 33
  can0  102   [8]  00 00 00 00 FF 00 00 00
  can0  110   [8]  00 00 00 00 00 00 00 00
  can0  111   [8]  3D 0B 02 00 00 00 00 00
  can0  112   [8]  03 03 77 77 04 04 04 04
  can0  113   [8]  31 38 0A 00 81 51 0A 00
  can0  114   [8]  00 00 00 00 00 00 80 00
  can0  115   [8]  00 00 00 00 00 00 00 00
  can0  116   [8]  00 08 00 08 00 00 00 00
  can0  101   [8]  59 D2 00 00 00 00 00 11
  can0  103   [8]  00 00 00 00 00 00 00 00
  can0  100   [8]  42 4D 64 9C 64 9C 77 33
  can0  102   [8]  00 00 00 00 FF 00 00 00
  can0  110   [8]  00 00 00 00 00 00 00 00
  can0  111   [8]  3E 0B 02 00 00 00 00 00
  can0  112   [8]  03 03 77 77 04 04 04 04
  can0  113   [8]  36 38 0A 00 86 51 0A 00
  can0  114   [8]  00 00 00 00 00 00 80 00
  can0  115   [8]  00 00 00 00 00 00 00 00
  can0  116   [8]  00 08 00 08 00 00 00 00
  can0  101   [8]  04 D3 00 00 00 00 00 11
  can0  103   [8]  00 00 00 00 00 00 00 00
  can0  100   [8]  A5 4E 64 9C 64 9C 77 33
  can0  102   [8]  00 00 00 00 FF 00 00 00
  can0  110   [8]  00 00 00 00 00 00 00 00
  can0  111   [8]  3F 0B 02 00 00 00 00 00
  can0  112   [8]  03 03 77 77 04 04 04 04
  can0  113   [8]  3B 38 0A 00 8B 51 0A 00
  can0  114   [8]  00 00 00 00 00 00 80 00
  can0  115   [8]  00 00 00 00 00 00 00 00
  can0  116   [8]  00 08 00 08 00 00 00 00
  can0  101   [8]  8A D4 00 00 00 00 00 11
  can0  103   [8]  00 00 00 00 00 00 00 00
  can0  100   [8]  F8 4F 64 9C 64 9C 77 33
  can0  102   [8]  00 00 00 00 FF 00 00 00
  can0  110   [8]  00 00 00 00 00 00 00 00
  can0  111   [8]  40 0B 02 00 00 00 00 00
  can0  112   [8]  03 03 77 77 04 04 04 04
  can0  101   [8]  D7 D5 00 00 00 00 00 11
  can0  113   [8]  40 38 0A 00 90 51 0A 00
  can0  114   [8]  00 00 00 00 00 00 80 00
  can0  115   [8]  00 00 00 00 00 00 00 00
  can0  116   [8]  00 08 00 08 00 00 00 00
  can0  103   [8]  00 00 00 00 00 00 00 00
  can0  100   [8]  1D 50 64 9C 64 9C 77 33
  can0  102   [8]  00 00 00 00 FF 00 00 00
  can0  110   [8]  00 00 00 00 00 00 00 00
  can0  111   [8]  41 0B 02 00 00 00 00 00
  can0  112   [8]  03 03 77 77 04 04 04 04
  can0  101   [8]  30 D6 00 00 00 00 00 11
  can0  113   [8]  45 38 0A 00 95 51 0A 00
  can0  114   [8]  00 00 00 00 00 00 80 00
  can0  115   [8]  00 00 00 00 00 00 00 00
  can0  116   [8]  00 08 00 08 00 00 00 00
  can0  103   [8]  00 00 00 00 00 00 00 00
  can0  630   [1]  F0
  can0  100   [8]  40 51 64 9C 64 9C 77 33
  can0  102   [8]  00 00 00 00 FF 00 00 00
  can0  110   [8]  00 00 00 00 00 00 00 00
  can0  111   [8]  42 0B 02 00 00 00 00 00
  can0  112   [8]  03 03 77 77 04 04 04 04
  can0  113   [8]  4A 38 0A 00 9A 51 0A 00
  can0  114   [8]  00 00 00 00 00 00 80 00
  can0  115   [8]  00 00 00 00 00 00 00 00
  can0  116   [8]  00 08 00 08 00 00 00 00
  can0  101   [8]  6D D7 00 00 00 00 00 11
  can0  103   [8]  00 00 00 00 00 00 00 00
  can0  100   [8]  A7 52 64 9C 64 9C 77 33
  can0  102   [8]  00 00 00 00 FF 00 00 00
  can0  110   [8]  00 00 00 00 00 00 00 00
  can0  111   [8]  43 0B 02 00 00 00 00 00
  can0  112   [8]  03 03 77 77 04 04 04 04
  can0  101   [8]  31 D8 00 00 00 00 00 11
  can0  113   [8]  4F 38 0A 00 9F 51 0A 00
  can0  114   [8]  00 00 00 00 00 00 80 00
  can0  115   [8]  00 00 00 00 00 00 00 00
  can0  116   [8]  00 08 00 08 00 00 00 00
  can0  103   [8]  00 00 00 00 00 00 00 00
  can0  100   [8]  FA 53 64 9C 64 9C 77 33
  can0  102   [8]  00 00 00 00 FF 00 00 00
  can0  110   [8]  00 00 00 00 00 00 00 00
  can0  111   [8]  44 0B 02 00 00 00 00 00
  can0  112   [8]  03 03 77 77 04 04 04 04
  can0  101   [8]  6C D9 00 00 00 00 00 11
  can0  103   [8]  00 00 00 00 00 00 00 00
  can0  113   [8]  54 38 0A 00 A4 51 0A 00
  can0  114   [8]  00 00 00 00 00 00 80 00
  can0  115   [8]  00 00 00 00 00 00 00 00
  can0  116   [8]  00 08 00 08 00 00 00 00
  can0  100   [8]  74 54 64 9C 64 9C 77 33
  can0  102   [8]  00 00 00 00 FF 00 00 00
  can0  110   [8]  00 00 00 00 00 00 00 00
  can0  111   [8]  45 0B 02 00 00 00 00 00
  can0  112   [8]  03 03 77 77 04 04 04 04
  can0  113   [8]  59 38 0A 00 A9 51 0A 00
  can0  114   [8]  00 00 00 00 00 00 80 00
  can0  115   [8]  00 00 00 00 00 00 00 00
  can0  116   [8]  00 08 00 08 00 00 00 00
  can0  101   [8]  8B DA 00 00 00 00 00 11
  can0  103   [8]  00 00 00 00 00 00 00 00
  can0  100   [8]  29 55 64 9C 64 9C 77 33
  can0  102   [8]  00 00 00 00 FF 00 00 00
  can0  110   [8]  00 00 00 00 00 00 00 00
  can0  111   [8]  46 0B 02 00 00 00 00 00
  can0  112   [8]  03 03 77 77 04 04 04 04
  can0  113   [8]  5E 38 0A 00 AE 51 0A 00
  can0  114   [8]  00 00 00 00 00 00 80 00
  can0  115   [8]  00 00 00 00 00 00 00 00
  can0  116   [8]  00 08 00 08 00 00 00 00
  can0  101   [8]  D6 DB 00 00 00 00 00 11
  can0  103   [8]  00 00 00 00 00 00 00 00
  can0  600   [8]  EC FF F0 FF FA 00 02 03
  can0  601   [6]  12 00 F9 FF 84 01
  can0  610   [8]  00 00 E0 BE C3 F5 68 BE
  can0  611   [4]  0A D7 93 3E
  can0  630   [1]  F0
  can0  100   [8]  CE 56 64 9C 64 9C 77 33
  can0  102   [8]  00 00 00 00 FF 00 00 00
  can0  110   [8]  00 00 00 00 00 00 00 00
  can0  111   [8]  47 0B 02 00 00 00 00 00
  can0  112   [8]  03 03 77 77 04 04 04 04
  can0  101   [8]  58 DC 00 00 00 00 00 11
  can0  113   [8]  63 38 0A 00 B3 51 0A 00
  can0  114   [8]  00 00 00 00 00 00 80 00
  can0  115   [8]  00 00 00 00 00 00 00 00
  can0  116   [8]  00 08 00 08 00 00 00 00
  can0  103   [8]  00 00 00 00 00 00 00 00
  can0  402   [8]  02 00 17 15 FF 2C 00 10
  can0  403   [8]  02 01 2D 12 3C 34 00 00
  can0  100   [8]  93 57 64 9C 64 9C 77 33
  can0  102   [8]  00 00 00 00 FF 00 00 00
  can0  110   [8]  00 00 00 00 00 00 00 00
  can0  111   [8]  48 0B 02 00 00 00 00 00
  can0  112   [8]  03 03 77 77 04 04 04 04
  can0  113   [8]  68 38 0A 00 B8 51 0A 00
  can0  114   [8]  00 00 00 00 00 00 80 00
  can0  115   [8]  00 00 00 00 00 00 00 00
  can0  101   [8]  05 DD 00 00 00 00 00 11
  can0  103   [8]  00 00 00 00 00 00 00 00
  can0  116   [8]  00 08 00 08 00 00 00 00
  can0  405   [8]  03 01 00 00 00 00 00 00
  can0  404   [8]  03 00 00 00 00 00 00 00
  can0  100   [8]  CF 58 64 9C 64 9C 77 33
  can0  102   [8]  00 00 00 00 FF 00 00 00
  can0  110   [8]  00 00 00 00 00 00 00 00
  can0  111   [8]  49 0B 02 00 00 00 00 00
  can0  112   [8]  03 03 77 77 04 04 04 04
  can0  113   [8]  6D 38 0A 00 BD 51 0A 00
  can0  114   [8]  00 00 00 00 00 00 80 00
  can0  115   [8]  00 00 00 00 00 00 00 00
  can0  116   [8]  00 08 00 08 00 00 00 00
  can0  101   [8]  E2 DE 00 00 00 00 00 11
  can0  103   [8]  00 00 00 00 00 00 00 00
  can0  100   [8]  92 59 64 9C 64 9C 77 33
  can0  102   [8]  00 00 00 00 FF 00 00 00
  can0  110   [8]  00 00 00 00 00 00 00 00
  can0  111   [8]  4A 0B 02 00 00 00 00 00
  can0  112   [8]  03 03 77 77 04 04 04 04
  can0  101   [8]  BF DF 00 00 00 00 00 11
  can0  113   [8]  72 38 0A 00 C2 51 0A 00
  can0  114   [8]  00 00 00 00 00 00 80 00
  can0  115   [8]  00 00 00 00 00 00 00 00
  can0  116   [8]  00 08 00 08 00 00 00 00
  can0  103   [8]  00 00 00 00 00 00 00 00
  can0  100   [8]  75 5A 64 9C 64 9C 77 33
  can0  102   [8]  00 00 00 00 FF 00 00 00
  can0  110   [8]  00 00 00 00 00 00 00 00
  can0  111   [8]  4B 0B 02 00 00 00 00 00
  can0  112   [8]  03 03 77 77 04 04 04 04
  can0  101   [8]  35 E0 00 00 00 00 00 11
  can0  103   [8]  00 00 00 00 00 00 00 00
  can0  113   [8]  77 38 0A 00 C7 51 0A 00
  can0  114   [8]  00 00 00 00 00 00 80 00
  can0  115   [8]  00 00 00 00 00 00 00 00
  can0  116   [8]  00 08 00 08 00 00 00 00
  can0  630   [1]  F0
  can0  100   [8]  28 5B 64 9C 64 9C 77 33
  can0  102   [8]  00 00 00 00 FF 00 00 00
  can0  110   [8]  00 00 00 00 00 00 00 00
  can0  111   [8]  4C 0B 02 00 00 00 00 00
  can0  112   [8]  03 03 77 77 04 04 04 04
  can0  101   [8]  68 E1 00 00 00 00 00 11
  can0  113   [8]  7C 38 0A 00 CC 51 0A 00
  can0  114   [8]  00 00 00 00 00 00 80 00
  can0  115   [8]  00 00 00 00 00 00 00 00
  can0  116   [8]  00 08 00 08 00 00 00 00
  can0  103   [8]  00 00 00 00 00 00 00 00
  can0  100   [8]  A6 5C 64 9C 64 9C 77 33
  can0  102   [8]  00 00 00 00 FF 00 00 00
  can0  110   [8]  00 00 00 00 00 00 00 00
  can0  111   [8]  4D 0B 02 00 00 00 00 00
  can0  112   [8]  03 03 77 77 04 04 04 04
  can0  113   [8]  81 38 0A 00 D1 51 0A 00
  can0  114   [8]  00 00 00 00 00 00 80 00
  can0  115   [8]  00 00 00 00 00 00 00 00
  can0  116   [8]  00 08 00 08 00 00 00 00
  can0  101   [8]  8F E2 00 00 00 00 00 11
  can0  103   [8]  00 00 00 00 00 00 00 00
  can0  100   [8]  FB 5D 64 9C 64 9C 77 33
  can0  102   [8]  00 00 00 00 FF 00 00 00
  can0  110   [8]  00 00 00 00 00 00 00 00
  can0  111   [8]  4E 0B 02 00 00 00 00 00
  can0  112   [8]  03 03 77 77 04 04 04 04
  can0  101   [8]  D2 E3 00 00 00 00 00 11
  can0  113   [8]  86 38 0A 00 D6 51 0A 00
  can0  114   [8]  00 00 00 00 00 00 80 00
  can0  115   [8]  00 00 00 00 00 00 00 00
  can0  116   [8]  00 08 00 08 00 00 00 00
  can0  103   [8]  00 00 00 00 00 00 00 00
  can0  620   [3]  02 00 01
  can0  621   [8]  00 00 00 00 00 00 00 00
  can0  622   [7]  00 00 00 00 00 00 00
  can0  623   [7]  00 00 00 00 00 00 00
  can0  624   [4]  00 00 00 00
  can0  625   [8]  E1 FA C7 42 E1 FA C7 42
  can0  626   [4]  E1 FA C7 42
  can0  627   [6]  00 00 00 00 00 00
  can0  100   [8]  1C 5E 64 9C 64 9C 77 33
  can0  102   [8]  00 00 00 00 FF 00 00 00
  can0  110   [8]  00 00 00 00 00 00 00 00
  can0  111   [8]  4F 0B 02 00 00 00 00 00
  can0  112   [8]  03 03 77 77 04 04 04 04
  can0  101   [8]  5C E4 00 00 00 00 00 11
  can0  113   [8]  8B 38 0A 00 DB 51 0A 00
  can0  114   [8]  00 00 00 00 00 00 80 00
  can0  115   [8]  00 00 00 00 00 00 00 00
  can0  116   [8]  00 08 00 08 00 00 00 00
  can0  103   [8]  00 00 00 00 00 00 00 00
  can0  640   [8]  2F 21 07 06 13 07 19 00
  can0  100   [8]  41 5F 64 9C 64 9C 77 33
  can0  102   [8]  00 00 00 00 FF 00 00 00
  can0  110   [8]  00 00 00 00 00 00 00 00
  can0  111   [8]  50 0B 02 00 00 00 00 00
  can0  112   [8]  03 03 77 77 04 04 04 04
  can0  101   [8]  01 E5 00 00 00 00 00 11
  can0  113   [8]  90 38 0A 00 E0 51 0A 00
  can0  114   [8]  00 00 00 00 00 00 80 00
  can0  115   [8]  00 00 00 00 00 00 00 00
  can0  116   [8]  00 08 00 08 00 00 00 00
  can0  103   [8]  00 00 00 00 00 00 00 00
  can0  610   [8]  85 EB 39 BF EC 51 18 BE
  can0  611   [4]  5C 8F D2 3E
  can0  630   [1]  F0
  can0  100   [8]  CB 60 64 9C 64 9C 77 33
  can0  102   [8]  00 00 00 00 FF 00 00 00
  can0  110   [8]  00 00 00 00 00 00 00 00
  can0  111   [8]  51 0B 02 00 00 00 00 00
  can0  112   [8]  03 03 77 77 04 04 04 04
  can0  113   [8]  95 38 0A 00 E5 51 0A 00
  can0  114   [8]  00 00 00 00 00 00 80 00
  can0  115   [8]  00 00 00 00 00 00 00 00
  can0  116   [8]  00 08 00 08 00 00 00 00
  can0  101   [8]  E6 E6 00 00 00 00 00 11
  can0  103   [8]  00 00 00 00 00 00 00 00
  can0  100   [8]  96 61 64 9C 64 9C 77 33
  can0  102   [8]  00 00 00 00 FF 00 00 00
  can0  110   [8]  00 00 00 00 00 00 00 00
  can0  111   [8]  52 0B 02 00 00 00 00 00
  can0  112   [8]  03 03 77 77 04 04 04 04
  can0  101   [8]  BB E7 00 00 00 00 00 11
  can0  113   [8]  9A 38 0A 00 EA 51 0A 00
  can0  114   [8]  00 00 00 00 00 00 80 00
  can0  115   [8]  00 00 00 00 00 00 00 00
  can0  116   [8]  00 08 00 08 00 00 00 00
  can0  103   [8]  00 00 00 00 00 00 00 00
  can0  100   [8]  71 62 64 9C 64 9C 77 33
  can0  102   [8]  00 00 00 00 FF 00 00 00
  can0  110   [8]  00 00 00 00 00 00 00 00
  can0  111   [8]  53 0B 02 00 00 00 00 00
  can0  112   [8]  03 03 77 77 04 04 04 04
  can0  113   [8]  9F 38 0A 00 EF 51 0A 00
  can0  114   [8]  00 00 00 00 00 00 80 00
  can0  115   [8]  00 00 00 00 00 00 00 00
  can0  116   [8]  00 08 00 08 00 00 00 00
  can0  101   [8]  E7 E8 00 00 00 00 00 11
  can0  103   [8]  00 00 00 00 00 00 00 00
  can0  100   [8]  2C 63 64 9C 64 9C 77 33
  can0  102   [8]  00 00 00 00 FF 00 00 00
  can0  110   [8]  00 00 00 00 00 00 00 00
  can0  111   [8]  54 0B 02 00 00 00 00 00
  can0  112   [8]  03 03 77 77 04 04 04 04
  can0  101   [8]  BA E9 00 00 00 00 00 11
  can0  103   [8]  00 00 00 00 00 00 00 00
  can0  113   [8]  A4 38 0A 00 F4 51 0A 00
  can0  114   [8]  00 00 00 00 00 00 80 00
  can0  115   [8]  00 00 00 00 00 00 00 00
  can0  116   [8]  00 08 00 08 00 00 00 00
  can0  100   [8]  A2 64 64 9C 64 9C 77 33
  can0  102   [8]  00 00 00 00 FF 00 00 00
  can0  110   [8]  00 00 00 00 00 00 00 00
  can0  111   [8]  55 0B 02 00 00 00 00 00
  can0  112   [8]  03 03 77 77 04 04 04 04
  can0  101   [8]  5D EA 00 00 00 00 00 11
  can0  103   [8]  00 00 00 00 00 00 00 00
  can0  113   [8]  A9 38 0A 00 F9 51 0A 00
  can0  114   [8]  00 00 00 00 00 00 80 00
  can0  115   [8]  00 00 00 00 00 00 00 00
  can0  116   [8]  00 08 00 08 00 00 00 00
  can0  600   [8]  EC FF F0 FF FC 00 01 03
  can0  601   [6]  17 00 F9 FF 85 01
  can0  630   [1]  F0
  can0  100   [8]  FF 65 64 9C 64 9C 77 33
  can0  102   [8]  00 00 00 00 FF 00 00 00
  can0  110   [8]  00 00 00 00 00 00 00 00
  can0  111   [8]  56 0B 02 00 00 00 00 00
  can0  112   [8]  03 03 77 77 04 04 04 04
  can0  101   [8]  00 EB 00 00 00 00 00 11
  can0  103   [8]  00 00 00 00 00 00 00 00
  can0  113   [8]  AE 38 0A 00 FE 51 0A 00
  can0  114   [8]  00 00 00 00 00 00 80 00
  can0  115   [8]  00 00 00 00 00 00 00 00
  can0  116   [8]  00 08 00 08 00 00 00 00
  can0  100   [8]  18 66 64 9C 64 9C 77 33
  can0  102   [8]  00 00 00 00 FF 00 00 00
  can0  110   [8]  00 00 00 00 00 00 00 00
  can0  111   [8]  57 0B 02 00 00 00 00 00
  can0  112   [8]  03 03 77 77 04 04 04 04
  can0  101   [8]  8E EC 00 00 00 00 00 11
  can0  103   [8]  00 00 00 00 00 00 00 00
  can0  113   [8]  B3 38 0A 00 03 52 0A 00
  can0  114   [8]  00 00 00 00 00 00 80 00
  can0  115   [8]  00 00 00 00 00 00 00 00
  can0  116   [8]  00 08 00 08 00 00 00 00
  can0  100   [8]  45 67 64 9C 64 9C 77 33
  can0  102   [8]  00 00 00 00 FF 00 00 00
  can0  110   [8]  00 00 00 00 00 00 00 00
  can0  111   [8]  58 0B 02 00 00 00 00 00
  can0  112   [8]  03 03 77 77 04 04 04 04
  can0  101   [8]  D3 ED 00 00 00 00 00 11
  can0  103   [8]  00 00 00 00 00 00 00 00
  can0  113   [8]  B8 38 0A 00 08 52 0A 00
  can0  114   [8]  00 00 00 00 00 00 80 00
  can0  115   [8]  00 00 00 00 00 00 00 00
  can0  116   [8]  00 08 00 08 00 00 00 00
  can0  100   [8]  19 68 64 9C 64 9C 77 33
  can0  102   [8]  00 00 00 00 FF 00 00 00
  can0  110   [8]  00 00 00 00 00 00 00 00
  can0  111   [8]  59 0B 02 00 00 00 00 00
  can0  112   [8]  03 03 77 77 04 04 04 04
  can0  101   [8]  34 EE 00 00 00 00 00 11
  can0  103   [8]  00 00 00 00 00 00 00 00
  can0  113   [8]  BD 38 0A 00 0D 52 0A 00
  can0  114   [8]  00 00 00 00 00 00 80 00
  can0  115   [8]  00 00 00 00 00 00 00 00
  can0  116   [8]  00 08 00 08 00 00 00 00
  can0  100   [8]  44 69 64 9C 64 9C 77 33
  can0  102   [8]  00 00 00 00 FF 00 00 00
  can0  110   [8]  00 00 00 00 00 00 00 00
  can0  111   [8]  5A 0B 02 00 00 00 00 00
  can0  112   [8]  03 03 77 77 04 04 04 04
  can0  101   [8]  69 EF 00 00 00 00 00 11
  can0  103   [8]  00 00 00 00 00 00 00 00
  can0  113   [8]  C2 38 0A 00 12 52 0A 00
  can0  114   [8]  00 00 00 00 00 00 80 00
  can0  115   [8]  00 00 00 00 00 00 00 00
  can0  116   [8]  00 08 00 08 00 00 00 00
  can0  610   [8]  85 EB 39 BF EC 51 18 BE
  can0  611   [4]  5C 8F D2 3E
  can0  630   [1]  F0
  can0  100   [8]  A3 6A 64 9C 64 9C 77 33
  can0  102   [8]  00 00 00 00 FF 00 00 00
  can0  110   [8]  00 00 00 00 00 00 00 00
  can0  111   [8]  5B 0B 02 00 00 00 00 00
  can0  112   [8]  03 03 77 77 04 04 04 04
  can0  101   [8]  8C F0 00 00 00 00 00 11
  can0  103   [8]  00 00 00 00 00 00 00 00
  can0  113   [8]  C7 38 0A 00 17 52 0A 00
  can0  114   [8]  00 00 00 00 00 00 80 00
  can0  115   [8]  00 00 00 00 00 00 00 00
  can0  116   [8]  00 08 00 08 00 00 00 00
  can0  100   [8]  FE 6B 64 9C 64 9C 77 33
  can0  102   [8]  00 00 00 00 FF 00 00 00
  can0  110   [8]  00 00 00 00 00 00 00 00
  can0  111   [8]  5C 0B 02 00 00 00 00 00
  can0  112   [8]  03 03 77 77 04 04 04 04
  can0  101   [8]  D1 F1 00 00 00 00 00 11
  can0  103   [8]  00 00 00 00 00 00 00 00
  can0  113   [8]  CC 38 0A 00 1C 52 0A 00
  can0  114   [8]  00 00 00 00 00 00 80 00
  can0  115   [8]  00 00 00 00 00 00 00 00
  can0  116   [8]  00 08 00 08 00 00 00 00
  can0  100   [8]  70 6C 64 9C 64 9C 77 33
  can0  102   [8]  00 00 00 00 FF 00 00 00
  can0  110   [8]  00 00 00 00 00 00 00 00
  can0  111   [8]  5D 0B 02 00 00 00 00 00
  can0  112   [8]  03 03 77 77 04 04 04 04
  can0  101   [8]  36 F2 00 00 00 00 00 11
  can0  103   [8]  00 00 00 00 00 00 00 00
  can0  113   [8]  D1 38 0A 00 21 52 0A 00
  can0  114   [8]  00 00 00 00 00 00 80 00
  can0  115   [8]  00 00 00 00 00 00 00 00
  can0  116   [8]  00 08 00 08 00 00 00 00
  can0  100   [8]  2D 6D 64 9C 64 9C 77 33
  can0  102   [8]  00 00 00 00 FF 00 00 00
  can0  110   [8]  00 00 00 00 00 00 00 00
  can0  111   [8]  5E 0B 02 00 00 00 00 00
  can0  112   [8]  03 03 77 77 04 04 04 04
  can0  101   [8]  6B F3 00 00 00 00 00 11
  can0  103   [8]  00 00 00 00 00 00 00 00
  can0  113   [8]  D6 38 0A 00 26 52 0A 00
  can0  114   [8]  00 00 00 00 00 00 80 00
  can0  115   [8]  00 00 00 00 00 00 00 00
  can0  116   [8]  00 08 00 08 00 00 00 00
  can0  100   [8]  CA 6E 64 9C 64 9C 77 33
  can0  102   [8]  00 00 00 00 FF 00 00 00
  can0  110   [8]  00 00 00 00 00 00 00 00
  can0  111   [8]  5F 0B 02 00 00 00 00 00
  can0  112   [8]  03 03 77 77 04 04 04 04
  can0  101   [8]  E5 F4 00 00 00 00 00 11
  can0  103   [8]  00 00 00 00 00 00 00 00
  can0  113   [8]  DB 38 0A 00 2B 52 0A 00
  can0  114   [8]  00 00 00 00 00 00 80 00
  can0  115   [8]  00 00 00 00 00 00 00 00
  can0  116   [8]  00 08 00 08 00 00 00 00
  can0  630   [1]  F0
  can0  100   [8]  97 6F 64 9C 64 9C 77 33
  can0  102   [8]  00 00 00 00 FF 00 00 00
  can0  110   [8]  00 00 00 00 00 00 00 00
  can0  111   [8]  60 0B 02 00 00 00 00 00
  can0  112   [8]  03 03 77 77 04 04 04 04
  can0  101   [8]  B8 F5 00 00 00 00 00 11
  can0  103   [8]  00 00 00 00 00 00 00 00
  can0  113   [8]  E0 38 0A 00 30 52 0A 00
  can0  114   [8]  00 00 00 00 00 00 80 00
  can0  115   [8]  00 00 00 00 00 00 00 00
  can0  116   [8]  00 08 00 08 00 00 00 00
  can0  100   [8]  72 70 64 9C 64 9C 77 33
  can0  102   [8]  00 00 00 00 FF 00 00 00
  can0  110   [8]  00 00 00 00 00 00 00 00
  can0  111   [8]  61 0B 02 00 00 00 00 00
  can0  112   [8]  03 03 77 77 04 04 04 04
  can0  101   [8]  5F F6 00 00 00 00 00 11
  can0  103   [8]  00 00 00 00 00 00 00 00
  can0  113   [8]  E5 38 0A 00 35 52 0A 00
  can0  114   [8]  00 00 00 00 00 00 80 00
  can0  115   [8]  00 00 00 00 00 00 00 00
  can0  116   [8]  00 08 00 08 00 00 00 00
  can0  100   [8]  2F 71 64 9C 64 9C 77 33
  can0  102   [8]  00 00 00 00 FF 00 00 00
  can0  110   [8]  00 00 00 00 00 00 00 00
  can0  111   [8]  62 0B 02 00 00 00 00 00
  can0  112   [8]  03 03 77 77 04 04 04 04
  can0  101   [8]  02 F7 00 00 00 00 00 11
  can0  103   [8]  00 00 00 00 00 00 00 00
  can0  113   [8]  EA 38 0A 00 3A 52 0A 00
  can0  114   [8]  00 00 00 00 00 00 80 00
  can0  115   [8]  00 00 00 00 00 00 00 00
  can0  116   [8]  00 08 00 08 00 00 00 00
  can0  620   [3]  02 00 01
  can0  621   [8]  00 00 00 00 00 00 00 00
  can0  622   [7]  00 00 00 00 00 00 00
  can0  623   [7]  00 00 00 00 00 00 00
  can0  624   [4]  00 00 00 00
  can0  625   [8]  E1 FA C7 42 E1 FA C7 42
  can0  626   [4]  E1 FA C7 42
  can0  627   [6]  00 00 00 00 00 00
  can0  100   [8]  C8 72 64 9C 64 9C 77 33
  can0  102   [8]  00 00 00 00 FF 00 00 00
  can0  110   [8]  00 00 00 00 00 00 00 00
  can0  111   [8]  63 0B 02 00 00 00 00 00
  can0  112   [8]  03 03 77 77 04 04 04 04
  can0  101   [8]  5E F8 00 00 00 00 00 11
  can0  103   [8]  00 00 00 00 00 00 00 00
  can0  113   [8]  EF 38 0A 00 3F 52 0A 00
  can0  114   [8]  00 00 00 00 00 00 80 00
  can0  115   [8]  00 00 00 00 00 00 00 00
  can0  116   [8]  00 08 00 08 00 00 00 00
  can0  100   [8]  95 73 64 9C 64 9C 77 33
  can0  102   [8]  00 00 00 00 FF 00 00 00
  can0  110   [8]  00 00 00 00 00 00 00 00
  can0  111   [8]  64 0B 02 00 00 00 00 00
  can0  112   [8]  03 03 77 77 04 04 04 04
  can0  101   [8]  03 F9 00 00 00 00 00 11
  can0  103   [8]  00 00 00 00 00 00 00 00
  can0  113   [8]  F4 38 0A 00 44 52 0A 00
  can0  114   [8]  00 00 00 00 00 00 80 00
  can0  115   [8]  00 00 00 00 00 00 00 00
  can0  116   [8]  00 08 00 08 00 00 00 00
  can0  600   [8]  EB FF F0 FF F9 00 01 03
  can0  601   [6]  0E 00 F9 FF 7E 01
  can0  610   [8]  5C 8F 1A BF 48 E1 7A BE
  can0  611   [4]  48 E1 7A 3E
  can0  630   [1]  F0
  can0  100   [8]  1B 74 64 9C 64 9C 77 33
  can0  102   [8]  00 00 00 00 FF 00 00 00
  can0  110   [8]  00 00 00 00 00 00 00 00
  can0  111   [8]  65 0B 02 00 00 00 00 00
  can0  112   [8]  03 03 77 77 04 04 04 04
  can0  113   [8]  F9 38 0A 00 49 52 0A 00
  can0  114   [8]  00 00 00 00 00 00 80 00
  can0  115   [8]  00 00 00 00 00 00 00 00
  can0  116   [8]  00 08 00 08 00 00 00 00
  can0  101   [8]  E4 FA 00 00 00 00 00 11
  can0  103   [8]  00 00 00 00 00 00 00 00
  can0  100   [8]  46 75 64 9C 64 9C 77 33
  can0  102   [8]  00 00 00 00 FF 00 00 00
  can0  110   [8]  00 00 00 00 00 00 00 00
  can0  111   [8]  66 0B 02 00 00 00 00 00
  can0  112   [8]  03 03 77 77 04 04 04 04
  can0  101   [8]  B9 FB 00 00 00 00 00 11
  can0  113   [8]  FE 38 0A 00 4E 52 0A 00
  can0  114   [8]  00 00 00 00 00 00 80 00
  can0  115   [8]  00 00 00 00 00 00 00 00
  can0  116   [8]  00 08 00 08 00 00 00 00
  can0  103   [8]  00 00 00 00 00 00 00 00
  can0  100   [8]  A1 76 64 9C 64 9C 77 33
  can0  102   [8]  00 00 00 00 FF 00 00 00
  can0  110   [8]  00 00 00 00 00 00 00 00
  can0  111   [8]  67 0B 02 00 00 00 00 00
  can0  112   [8]  03 03 77 77 04 04 04 04
  can0  101   [8]  37 FC 00 00 00 00 00 11
  can0  113   [8]  03 39 0A 00 53 52 0A 00
  can0  114   [8]  00 00 00 00 00 00 80 00
  can0  115   [8]  00 00 00 00 00 00 00 00
  can0  116   [8]  00 08 00 08 00 00 00 00
  can0  103   [8]  00 00 00 00 00 00 00 00
  can0  100   [8]  FC 77 64 9C 64 9C 77 33
  can0  102   [8]  00 00 00 00 FF 00 00 00
  can0  110   [8]  00 00 00 00 00 00 00 00
  can0  111   [8]  68 0B 02 00 00 00 00 00
  can0  112   [8]  03 03 77 77 04 04 04 04
  can0  113   [8]  08 39 0A 00 58 52 0A 00
  can0  114   [8]  00 00 00 00 00 00 80 00
  can0  115   [8]  00 00 00 00 00 00 00 00
  can0  116   [8]  00 08 00 08 00 00 00 00
  can0  101   [8]  6A FD 00 00 00 00 00 11
  can0  103   [8]  00 00 00 00 00 00 00 00
  can0  100   [8]  A0 78 64 9C 64 9C 77 33
  can0  102   [8]  00 00 00 00 FF 00 00 00
  can0  110   [8]  00 00 00 00 00 00 00 00
  can0  111   [8]  69 0B 02 00 00 00 00 00
  can0  112   [8]  03 03 77 77 04 04 04 04
  can0  101   [8]  8D FE 00 00 00 00 00 11
  can0  103   [8]  00 00 00 00 00 00 00 00
  can0  113   [8]  0D 39 0A 00 5D 52 0A 00
  can0  114   [8]  00 00 00 00 00 00 80 00
  can0  115   [8]  00 00 00 00 00 00 00 00
  can0  116   [8]  00 08 00 08 00 00 00 00
  can0  630   [1]  F0
  can0  100   [8]  FD 79 64 9C 64 9C 77 33
  can0  102   [8]  00 00 00 00 FF 00 00 00
  can0  110   [8]  00 00 00 00 00 00 00 00
  can0  111   [8]  6A 0B 02 00 00 00 00 00
  can0  112   [8]  03 03 77 77 04 04 04 04
  can0  101   [8]  D0 FF 00 00 00 00 00 11
  can0  103   [8]  00 00 00 00 00 00 00 00
  can0  113   [8]  12 39 0A 00 62 52 0A 00
  can0  114   [8]  00 00 00 00 00 00 80 00
  can0  115   [8]  00 00 00 00 00 00 00 00
  can0  116   [8]  00 08 00 08 00 00 00 00
  can0  100   [8]  1A 7A 64 9C 64 9C 77 33
  can0  102   [8]  00 00 00 00 FF 00 00 00
  can0  110   [8]  00 00 00 00 00 00 00 00
  can0  111   [8]  6B 0B 02 00 00 00 00 00
  can0  112   [8]  03 03 77 77 04 04 04 04
  can0  101   [8]  25 00 00 00 00 00 00 11
  can0  103   [8]  00 00 00 00 00 00 00 00
  can0  113   [8]  17 39 0A 00 67 52 0A 00
  can0  114   [8]  00 00 00 00 00 00 80 00
  can0  115   [8]  00 00 00 00 00 00 00 00
  can0  116   [8]  00 08 00 08 00 00 00 00
  can0  100   [8]  47 7B 64 9C 64 9C 77 33
  can0  102   [8]  00 00 00 00 FF 00 00 00
  can0  110   [8]  01 00 00 00 00 00 00 00
  can0  111   [8]  6C 0B 02 00 00 00 00 00
  can0  112   [8]  03 03 77 77 04 04 04 04
  can0  101   [8]  78 01 00 00 00 00 00 11
  can0  103   [8]  00 00 00 00 00 00 00 00
  can0  113   [8]  1C 39 0A 00 6C 52 0A 00
  can0  114   [8]  00 00 00 00 00 00 80 00
  can0  115   [8]  00 00 00 00 00 00 00 00
  can0  116   [8]  00 08 00 08 00 00 00 00
  can0  100   [8]  C9 7C 64 9C 64 9C 77 33
  can0  102   [8]  00 00 00 00 FF 00 00 00
  can0  110   [8]  01 00 00 00 00 00 00 00
  can0  111   [8]  6D 0B 02 00 00 00 00 00
  can0  112   [8]  03 03 77 77 04 04 04 04
  can0  101   [8]  9F 02 00 00 00 00 00 11
  can0  103   [8]  00 00 00 00 00 00 00 00
  can0  113   [8]  21 39 0A 00 71 52 0A 00
  can0  114   [8]  00 00 00 00 00 00 80 00
  can0  115   [8]  00 00 00 00 00 00 00 00
  can0  116   [8]  00 08 00 08 00 00 00 00
  can0  100   [8]  94 7D 64 9C 64 9C 77 33
  can0  102   [8]  00 00 00 00 FF 00 00 00
  can0  110   [8]  01 00 00 00 00 00 00 00
  can0  111   [8]  6E 0B 02 00 00 00 00 00
  can0  112   [8]  03 03 77 77 04 04 04 04
  can0  101   [8]  C2 03 00 00 00 00 00 11
  can0  103   [8]  00 00 00 00 00 00 00 00
  can0  113   [8]  26 39 0A 00 76 52 0A 00
  can0  114   [8]  00 00 00 00 00 00 80 00
  can0  115   [8]  00 00 00 00 00 00 00 00
  can0  116   [8]  00 08 00 08 00 00 00 00
  can0  610   [8]  5C 8F 1A BF 48 E1 7A BE
  can0  611   [4]  48 E1 7A 3E
  can0  630   [1]  F0
  can0  100   [8]  73 7E 64 9C 64 9C 77 33
  can0  102   [8]  00 00 00 00 FF 00 00 00
  can0  110   [8]  01 00 00 00 00 00 00 00
  can0  111   [8]  6F 0B 02 00 00 00 00 00
  can0  112   [8]  03 03 77 77 04 04 04 04
  can0  101   [8]  4C 04 00 00 00 00 00 11
  can0  103   [8]  00 00 00 00 00 00 00 00
  can0  113   [8]  2B 39 0A 00 7B 52 0A 00
  can0  114   [8]  00 00 00 00 00 00 80 00
  can0  115   [8]  00 00 00 00 00 00 00 00
  can0  116   [8]  00 08 00 08 00 00 00 00
  can0  402   [8]  02 00 17 15 FF 2C 00 10
  can0  403   [8]  02 01 2C 12 3C 34 00 00
  can0  405   [8]  03 01 00 00 00 00 00 00
  can0  404   [8]  03 00 00 00 00 00 00 00
  can0  100   [8]  2E 7F 64 9C 64 9C 77 33
  can0  102   [8]  00 00 00 00 FF 00 00 00
  can0  110   [8]  01 00 00 00 00 00 00 00
  can0  111   [8]  6F 0B 02 00 00 00 00 00
  can0  112   [8]  03 03 77 77 04 04 04 04
  can0  101   [8]  11 05 00 00 00 00 00 11
  can0  103   [8]  00 00 00 00 00 00 00 00
  can0  113   [8]  2B 39 0A 00 80 52 0A 00
  can0  114   [8]  00 00 00 00 00 00 80 00
  can0  115   [8]  00 00 00 00 00 00 00 00
  can0  116   [8]  00 08 00 08 00 00 00 00
  can0  100   [8]  DB 80 64 9C 64 9C 77 33
  can0  102   [8]  00 00 00 00 FF 00 00 00
  can0  110   [8]  01 00 00 00 00 00 00 00
  can0  111   [8]  70 0B 02 00 00 00 00 00
  can0  112   [8]  03 03 77 77 04 04 04 04
  can0  101   [8]  F6 06 00 00 00 00 00 11
  can0  103   [8]  00 00 00 00 00 00 00 00
  can0  113   [8]  30 39 0A 00 85 52 0A 00
  can0  114   [8]  00 00 00 00 00 00 80 00
  can0  115   [8]  00 00 00 00 00 00 00 00
  can0  116   [8]  00 08 00 08 00 00 00 00
  can0  100   [8]  86 81 64 9C 64 9C 77 33
  can0  102   [8]  00 00 00 00 FF 00 00 00
  can0  110   [8]  01 00 00 00 00 00 00 00
  can0  111   [8]  71 0B 02 00 00 00 00 00
  can0  112   [8]  03 03 77 77 04 04 04 04
  can0  101   [8]  AB 07 00 00 00 00 00 11
  can0  103   [8]  00 00 00 00 00 00 00 00
  can0  113   [8]  35 39 0A 00 8A 52 0A 00
  can0  114   [8]  00 00 00 00 00 00 80 00
  can0  115   [8]  00 00 00 00 00 00 00 00
  can0  116   [8]  00 08 00 08 00 00 00 00
  can0  100   [8]  61 82 64 9C 64 9C 77 33
  can0  102   [8]  00 00 00 00 FF 00 00 00
  can0  110   [8]  01 00 00 00 00 00 00 00
  can0  111   [8]  72 0B 02 00 00 00 00 00
  can0  112   [8]  03 03 77 77 04 04 04 04
  can0  101   [8]  F7 08 00 00 00 00 00 11
  can0  103   [8]  00 00 00 00 00 00 00 00
  can0  113   [8]  3A 39 0A 00 8F 52 0A 00
  can0  114   [8]  00 00 00 00 00 00 80 00
  can0  115   [8]  00 00 00 00 00 00 00 00
  can0  116   [8]  00 08 00 08 00 00 00 00
  can0  600   [8]  EC FF F0 FF FA 00 02 03
  can0  601   [6]  15 00 FB FF 86 01
  can0  630   [1]  F0
  can0  100   [8]  3C 83 64 9C 64 9C 77 33
  can0  102   [8]  00 00 00 00 FF 00 00 00
  can0  110   [8]  00 00 00 00 00 00 00 00
  can0  111   [8]  73 0B 02 00 00 00 00 00
  can0  112   [8]  03 03 77 77 04 04 04 04
  can0  101   [8]  AA 09 00 00 00 00 00 11
  can0  103   [8]  00 00 00 00 00 00 00 00
  can0  113   [8]  3F 39 0A 00 94 52 0A 00
  can0  114   [8]  00 00 00 00 00 00 80 00
  can0  115   [8]  00 00 00 00 00 00 00 00
  can0  116   [8]  00 08 00 08 00 00 00 00
  can0  100   [8]  B2 84 64 9C 64 9C 77 33
  can0  102   [8]  00 00 00 00 FF 00 00 00
  can0  110   [8]  00 00 00 00 00 00 00 00
  can0  111   [8]  74 0B 02 00 00 00 00 00
  can0  112   [8]  03 03 77 77 04 04 04 04
  can0  101   [8]  4D 0A 00 00 00 00 00 11
  can0  103   [8]  00 00 00 00 00 00 00 00
  can0  113   [8]  44 39 0A 00 99 52 0A 00
  can0  114   [8]  00 00 00 00 00 00 80 00
  can0  115   [8]  00 00 00 00 00 00 00 00
  can0  116   [8]  00 08 00 08 00 00 00 00
  can0  100   [8]  EF 85 64 9C 64 9C 77 33
  can0  102   [8]  00 00 00 00 FF 00 00 00
  can0  110   [8]  00 00 00 00 00 00 00 00
  can0  111   [8]  75 0B 02 00 00 00 00 00
  can0  112   [8]  03 03 77 77 04 04 04 04
  can0  101   [8]  10 0B 00 00 00 00 00 11
  can0  103   [8]  00 00 00 00 00 00 00 00
  can0  113   [8]  49 39 0A 00 9E 52 0A 00
  can0  114   [8]  00 00 00 00 00 00 80 00
  can0  115   [8]  00 00 00 00 00 00 00 00
  can0  116   [8]  00 08 00 08 00 00 00 00
  can0  620   [3]  02 00 01
  can0  621   [8]  00 00 00 00 00 00 00 00
  can0  622   [7]  00 00 00 00 00 00 00
  can0  623   [7]  00 00 00 00 00 00 00
  can0  624   [4]  00 00 00 00
  can0  625   [8]  E1 FA C7 42 E1 FA C7 42
  can0  626   [4]  E1 FA C7 42
  can0  627   [6]  00 00 00 00 00 00
  can0  100   [8]  08 86 64 9C 64 9C 77 33
  can0  102   [8]  00 00 00 00 FF 00 00 00
  can0  110   [8]  00 00 00 00 00 00 00 00
  can0  111   [8]  76 0B 02 00 00 00 00 00
  can0  112   [8]  03 03 77 77 04 04 04 04
  can0  101   [8]  9E 0C 00 00 00 00 00 11
  can0  103   [8]  00 00 00 00 00 00 00 00
  can0  113   [8]  4E 39 0A 00 A3 52 0A 00
  can0  114   [8]  00 00 00 00 00 00 80 00
  can0  115   [8]  00 00 00 00 00 00 00 00
  can0  116   [8]  00 08 00 08 00 00 00 00
  can0  100   [8]  55 87 64 9C 64 9C 77 33
  can0  102   [8]  00 00 00 00 FF 00 00 00
  can0  110   [8]  00 00 00 00 00 00 00 00
  can0  111   [8]  77 0B 02 00 00 00 00 00
  can0  112   [8]  03 03 77 77 04 04 04 04
  can0  101   [8]  C3 0D 00 00 00 00 00 11
  can0  103   [8]  00 00 00 00 00 00 00 00
  can0  113   [8]  53 39 0A 00 A8 52 0A 00
  can0  114   [8]  00 00 00 00 00 00 80 00
  can0  115   [8]  00 00 00 00 00 00 00 00
  can0  116   [8]  00 08 00 08 00 00 00 00
  can0  610   [8]  B8 1E 8D BF 29 5C 0F 3E
  can0  611   [4]  9A 99 C9 3E
  can0  630   [1]  F0
  can0  100   [8]  09 88 64 9C 64 9C 77 33
  can0  102   [8]  00 00 00 00 FF 00 00 00
  can0  110   [8]  00 00 00 00 00 00 00 00
  can0  111   [8]  78 0B 02 00 00 00 00 00
  can0  112   [8]  03 03 77 77 04 04 04 04
  can0  101   [8]  24 0E 00 00 00 00 00 11
  can0  103   [8]  00 00 00 00 00 00 00 00
  can0  113   [8]  58 39 0A 00 AD 52 0A 00
  can0  114   [8]  00 00 00 00 00 00 80 00
  can0  115   [8]  00 00 00 00 00 00 00 00
  can0  116   [8]  00 08 00 08 00 00 00 00
  can0  100   [8]  54 89 64 9C 64 9C 77 33
  can0  102   [8]  00 00 00 00 FF 00 00 00
  can0  110   [8]  00 00 00 00 00 00 00 00
  can0  111   [8]  79 0B 02 00 00 00 00 00
  can0  112   [8]  03 03 77 77 04 04 04 04
  can0  101   [8]  79 0F 00 00 00 00 00 11
  can0  103   [8]  00 00 00 00 00 00 00 00
  can0  113   [8]  5D 39 0A 00 B2 52 0A 00
  can0  114   [8]  00 00 00 00 00 00 80 00
  can0  115   [8]  00 00 00 00 00 00 00 00
  can0  116   [8]  00 08 00 08 00 00 00 00
  can0  100   [8]  B3 8A 64 9C 64 9C 77 33
  can0  102   [8]  00 00 00 00 FF 00 00 00
  can0  110   [8]  00 00 00 00 00 00 00 00
  can0  111   [8]  7A 0B 02 00 00 00 00 00
  can0  112   [8]  03 03 77 77 04 04 04 04
  can0  101   [8]  9C 10 00 00 00 00 00 11
  can0  103   [8]  00 00 00 00 00 00 00 00
  can0  113   [8]  62 39 0A 00 B7 52 0A 00
  can0  114   [8]  00 00 00 00 00 00 80 00
  can0  115   [8]  00 00 00 00 00 00 00 00
  can0  116   [8]  00 08 00 08 00 00 00 00
  can0  100   [8]  EE 8B 64 9C 64 9C 77 33
  can0  102   [8]  00 00 00 00 FF 00 00 00
  can0  110   [8]  00 00 00 00 00 00 00 00
  can0  111   [8]  7B 0B 02 00 00 00 00 00
  can0  112   [8]  03 03 77 77 04 04 04 04
  can0  101   [8]  C1 11 00 00 00 00 00 11
  can0  103   [8]  00 00 00 00 00 00 00 00
  can0  113   [8]  67 39 0A 00 BC 52 0A 00
  can0  114   [8]  00 00 00 00 00 00 80 00
  can0  115   [8]  00 00 00 00 00 00 00 00
  can0  116   [8]  00 08 00 08 00 00 00 00
  can0  101   [8]  26 12 00 00 00 00 00 11
  can0  103   [8]  00 00 00 00 00 00 00 00
  can0  100   [8]  60 8C 64 9C 64 9C 77 33
  can0  102   [8]  00 00 00 00 FF 00 00 00
  can0  110   [8]  00 00 00 00 00 00 00 00
  can0  111   [8]  7D 0B 02 00 00 00 00 00
  can0  112   [8]  03 03 77 77 04 04 04 04
  can0  113   [8]  71 39 0A 00 C1 52 0A 00
  can0  114   [8]  00 00 00 00 00 00 80 00
  can0  115   [8]  00 00 00 00 00 00 00 00
  can0  116   [8]  00 08 00 08 00 00 00 00
  can0  630   [1]  F0
  can0  101   [8]  7B 13 00 00 00 00 00 11
  can0  103   [8]  00 00 00 00 00 00 00 00
  can0  100   [8]  3D 8D 64 9C 64 9C 77 33
  can0  102   [8]  00 00 00 00 FF 00 00 00
  can0  110   [8]  00 00 00 00 00 00 00 00
  can0  111   [8]  7E 0B 02 00 00 00 00 00
  can0  112   [8]  03 03 77 77 04 04 04 04
  can0  113   [8]  76 39 0A 00 C6 52 0A 00
  can0  114   [8]  00 00 00 00 00 00 80 00
  can0  115   [8]  00 00 00 00 00 00 00 00
  can0  116   [8]  00 08 00 08 00 00 00 00
  can0  101   [8]  F5 14 00 00 00 00 00 11
  can0  103   [8]  00 00 00 00 00 00 00 00
  can0  100   [8]  DA 8E 64 9C 64 9C 77 33
  can0  102   [8]  00 00 00 00 FF 00 00 00
  can0  110   [8]  00 00 00 00 00 00 00 00
  can0  111   [8]  7F 0B 02 00 00 00 00 00
  can0  112   [8]  03 03 77 77 04 04 04 04
  can0  113   [8]  7B 39 0A 00 CB 52 0A 00
  can0  114   [8]  00 00 00 00 00 00 80 00
  can0  115   [8]  00 00 00 00 00 00 00 00
  can0  116   [8]  00 08 00 08 00 00 00 00
  can0  101   [8]  A8 15 00 00 00 00 00 11
  can0  103   [8]  00 00 00 00 00 00 00 00
  can0  100   [8]  87 8F 64 9C 64 9C 77 33
  can0  102   [8]  00 00 00 00 FF 00 00 00
  can0  110   [8]  00 00 00 00 00 00 00 00
  can0  111   [8]  80 0B 02 00 00 00 00 00
  can0  112   [8]  03 03 77 77 04 04 04 04
  can0  113   [8]  80 39 0A 00 D0 52 0A 00
  can0  114   [8]  00 00 00 00 00 00 80 00
  can0  115   [8]  00 00 00 00 00 00 00 00
  can0  116   [8]  00 08 00 08 00 00 00 00
  can0  101   [8]  4F 16 00 00 00 00 00 11
  can0  103   [8]  00 00 00 00 00 00 00 00
  can0  100   [8]  62 90 64 9C 64 9C 77 33
  can0  102   [8]  00 00 00 00 FF 00 00 00
  can0  110   [8]  00 00 00 00 00 00 00 00
  can0  111   [8]  81 0B 02 00 00 00 00 00
  can0  112   [8]  03 03 77 77 04 04 04 04
  can0  113   [8]  85 39 0A 00 D5 52 0A 00
  can0  114   [8]  00 00 00 00 00 00 80 00
  can0  115   [8]  00 00 00 00 00 00 00 00
  can0  116   [8]  00 08 00 08 00 00 00 00
  can0  101   [8]  12 17 00 00 00 00 00 11
  can0  103   [8]  00 00 00 00 00 00 00 00
  can0  100   [8]  3F 91 64 9C 64 9C 77 33
  can0  102   [8]  00 00 00 00 FF 00 00 00
  can0  110   [8]  00 00 00 00 00 00 00 00
  can0  111   [8]  82 0B 02 00 00 00 00 00
  can0  112   [8]  03 03 77 77 04 04 04 04
  can0  113   [8]  8A 39 0A 00 DA 52 0A 00
  can0  114   [8]  00 00 00 00 00 00 80 00
  can0  115   [8]  00 00 00 00 00 00 00 00
  can0  116   [8]  00 08 00 08 00 00 00 00
  can0  600   [8]  ED FF F1 FF FA 00 01 03
  can0  601   [6]  15 00 FB FF 86 01
  can0  610   [8]  B8 1E 8D BF 29 5C 0F 3E
  can0  611   [4]  9A 99 C9 3E
  can0  630   [1]  F0
  can0  101   [8]  4E 18 00 00 00 00 00 11
  can0  103   [8]  00 00 00 00 00 00 00 00
  can0  100   [8]  D8 92 64 9C 64 9C 77 33
  can0  102   [8]  00 00 00 00 FF 00 00 00
  can0  110   [8]  00 00 00 00 00 00 00 00
  can0  111   [8]  82 0B 02 00 00 00 00 00
  can0  112   [8]  03 03 77 77 04 04 04 04
  can0  113   [8]  8A 39 0A 00 DF 52 0A 00
  can0  114   [8]  00 00 00 00 00 00 80 00
  can0  115   [8]  00 00 00 00 00 00 00 00
  can0  116   [8]  00 08 00 08 00 00 00 00
  can0  101   [8]  13 19 00 00 00 00 00 11
  can0  103   [8]  00 00 00 00 00 00 00 00
  can0  100   [8]  85 93 64 9C 64 9C 77 33
  can0  102   [8]  00 00 00 00 FF 00 00 00
  can0  110   [8]  00 00 00 00 00 00 00 00
  can0  111   [8]  83 0B 02 00 00 00 00 00
  can0  112   [8]  03 03 77 77 04 04 04 04
  can0  113   [8]  8F 39 0A 00 E4 52 0A 00
  can0  114   [8]  00 00 00 00 00 00 80 00
  can0  115   [8]  00 00 00 00 00 00 00 00
  can0  116   [8]  00 08 00 08 00 00 00 00
  can0  101   [8]  F4 1A 00 00 00 00 00 11
  can0  103   [8]  00 00 00 00 00 00 00 00
  can0  100   [8]  0B 94 64 9C 64 9C 77 33
  can0  102   [8]  00 00 00 00 FF 00 00 00
  can0  110   [8]  00 00 00 00 00 00 00 00
  can0  111   [8]  84 0B 02 00 00 00 00 00
  can0  112   [8]  03 03 77 77 04 04 04 04
  can0  113   [8]  94 39 0A 00 E9 52 0A 00
  can0  114   [8]  00 00 00 00 00 00 80 00
  can0  115   [8]  00 00 00 00 00 00 00 00
  can0  116   [8]  00 08 00 08 00 00 00 00
  can0  101   [8]  A9 1B 00 00 00 00 00 11
  can0  103   [8]  00 00 00 00 00 00 00 00
  can0  100   [8]  56 95 64 9C 64 9C 77 33
  can0  102   [8]  00 00 00 00 FF 00 00 00
  can0  110   [8]  00 00 00 00 00 00 00 00
  can0  111   [8]  85 0B 02 00 00 00 00 00
  can0  112   [8]  03 03 77 77 04 04 04 04
  can0  113   [8]  99 39 0A 00 EE 52 0A 00
  can0  114   [8]  00 00 00 00 00 00 80 00
  can0  115   [8]  00 00 00 00 00 00 00 00
  can0  116   [8]  00 08 00 08 00 00 00 00
  can0  101   [8]  27 1C 00 00 00 00 00 11
  can0  103   [8]  00 00 00 00 00 00 00 00
  can0  100   [8]  B1 96 64 9C 64 9C 77 33
  can0  102   [8]  00 00 00 00 FF 00 00 00
  can0  110   [8]  00 00 00 00 00 00 00 00
  can0  111   [8]  86 0B 02 00 00 00 00 00
  can0  112   [8]  03 03 77 77 04 04 04 04
  can0  113   [8]  9E 39 0A 00 F3 52 0A 00
  can0  114   [8]  00 00 00 00 00 00 80 00
  can0  115   [8]  00 00 00 00 00 00 00 00
  can0  116   [8]  00 08 00 08 00 00 00 00
  can0  630   [1]  F0
  can0  101   [8]  7A 1D 00 00 00 00 00 11
  can0  103   [8]  00 00 00 00 00 00 00 00
  can0  100   [8]  EC 97 64 9C 64 9C 77 33
  can0  102   [8]  00 00 00 00 FF 00 00 00
  can0  110   [8]  00 00 00 00 00 00 00 00
  can0  111   [8]  87 0B 02 00 00 00 00 00
  can0  112   [8]  03 03 77 77 04 04 04 04
  can0  113   [8]  A3 39 0A 00 F8 52 0A 00
  can0  114   [8]  00 00 00 00 00 00 80 00
  can0  115   [8]  00 00 00 00 00 00 00 00
  can0  116   [8]  00 08 00 08 00 00 00 00
  can0  101   [8]  9D 1E 00 00 00 00 00 11
  can0  103   [8]  00 00 00 00 00 00 00 00
  can0  100   [8]  B0 98 64 9C 64 9C 77 33
  can0  102   [8]  00 00 00 00 FF 00 00 00
  can0  110   [8]  00 00 00 00 00 00 00 00
  can0  111   [8]  88 0B 02 00 00 00 00 00
  can0  112   [8]  03 03 77 77 04 04 04 04
  can0  113   [8]  A8 39 0A 00 FD 52 0A 00
  can0  114   [8]  00 00 00 00 00 00 80 00
  can0  115   [8]  00 00 00 00 00 00 00 00
  can0  116   [8]  00 08 00 08 00 00 00 00
  can0  101   [8]  C0 1F 00 00 00 00 00 11
  can0  103   [8]  00 00 00 00 00 00 00 00
  can0  100   [8]  ED 99 64 9C 64 9C 77 33
  can0  102   [8]  00 00 00 00 FF 00 00 00
  can0  110   [8]  00 00 00 00 00 00 00 00
  can0  111   [8]  89 0B 02 00 00 00 00 00
  can0  112   [8]  03 03 77 77 04 04 04 04
  can0  113   [8]  AD 39 0A 00 02 53 0A 00
  can0  114   [8]  00 00 00 00 00 00 80 00
  can0  115   [8]  00 00 00 00 00 00 00 00
  can0  116   [8]  00 08 00 08 00 00 00 00
  can0  620   [3]  02 00 01
  can0  621   [8]  00 00 00 00 00 00 00 00
  can0  622   [7]  00 00 00 00 00 00 00
  can0  623   [7]  00 00 00 00 00 00 00
  can0  624   [4]  00 00 00 00
  can0  625   [8]  E1 FA C7 42 E1 FA C7 42
  can0  626   [4]  E1 FA C7 42
  can0  627   [6]  00 00 00 00 00 00
  can0  101   [8]  4A 20 00 00 00 00 00 11
  can0  103   [8]  00 00 00 00 00 00 00 00
  can0  100   [8]  0A 9A 64 9C 64 9C 77 33
  can0  102   [8]  00 00 00 00 FF 00 00 00
  can0  110   [8]  00 00 00 00 00 00 00 00
  can0  111   [8]  8A 0B 02 00 00 00 00 00
  can0  112   [8]  03 03 77 77 04 04 04 04
  can0  113   [8]  B2 39 0A 00 07 53 0A 00
  can0  114   [8]  00 00 00 00 00 00 80 00
  can0  115   [8]  00 00 00 00 00 00 00 00
  can0  116   [8]  00 08 00 08 00 00 00 00
  can0  101   [8]  17 21 00 00 00 00 00 11
  can0  103   [8]  00 00 00 00 00 00 00 00
  can0  100   [8]  57 9B 64 9C 64 9C 77 33
  can0  102   [8]  00 00 00 00 FF 00 00 00
  can0  110   [8]  00 00 00 00 00 00 00 00
  can0  111   [8]  8B 0B 02 00 00 00 00 00
  can0  112   [8]  03 03 77 77 04 04 04 04
  can0  113   [8]  B7 39 0A 00 0C 53 0A 00
  can0  114   [8]  00 00 00 00 00 00 80 00
  can0  115   [8]  00 00 00 00 00 00 00 00
  can0  116   [8]  00 08 00 08 00 00 00 00
  can0  610   [8]  C3 F5 E8 BE 48 E1 7A BE
  can0  611   [4]  33 33 33 3E
  can0  630   [1]  F0
  can0  101   [8]  F0 22 00 00 00 00 00 11
  can0  103   [8]  00 00 00 00 00 00 00 00
  can0  100   [8]  D9 9C 64 9C 64 9C 77 33
  can0  102   [8]  00 00 00 00 FF 00 00 00
  can0  110   [8]  00 00 00 00 00 00 00 00
  can0  111   [8]  8C 0B 02 00 00 00 00 00
  can0  112   [8]  03 03 77 77 04 04 04 04
  can0  113   [8]  BC 39 0A 00 11 53 0A 00
  can0  114   [8]  00 00 00 00 00 00 80 00
  can0  115   [8]  00 00 00 00 00 00 00 00
  can0  116   [8]  00 08 00 08 00 00 00 00
  can0  101   [8]  AD 23 00 00 00 00 00 11
  can0  103   [8]  00 00 00 00 00 00 00 00
  can0  100   [8]  84 9D 64 9C 64 9C 77 33
  can0  102   [8]  00 00 00 00 FF 00 00 00
  can0  110   [8]  00 00 00 00 00 00 00 00
  can0  111   [8]  8D 0B 02 00 00 00 00 00
  can0  112   [8]  03 03 77 77 04 04 04 04
  can0  113   [8]  C1 39 0A 00 16 53 0A 00
  can0  114   [8]  00 00 00 00 00 00 80 00
  can0  115   [8]  00 00 00 00 00 00 00 00
  can0  116   [8]  00 08 00 08 00 00 00 00
  can0  101   [8]  23 24 00 00 00 00 00 11
  can0  103   [8]  00 00 00 00 00 00 00 00
  can0  100   [8]  63 9E 64 9C 64 9C 77 33
  can0  102   [8]  00 00 00 00 FF 00 00 00
  can0  110   [8]  00 00 00 00 00 00 00 00
  can0  111   [8]  8E 0B 02 00 00 00 00 00
  can0  112   [8]  03 03 77 77 04 04 04 04
  can0  113   [8]  C6 39 0A 00 1B 53 0A 00
  can0  114   [8]  00 00 00 00 00 00 80 00
  can0  115   [8]  00 00 00 00 00 00 00 00
  can0  116   [8]  00 08 00 08 00 00 00 00
  can0  101   [8]  7E 25 00 00 00 00 00 11
  can0  103   [8]  00 00 00 00 00 00 00 00
  can0  100   [8]  3E 9F 64 9C 64 9C 77 33
  can0  102   [8]  00 00 00 00 FF 00 00 00
  can0  110   [8]  00 00 00 00 00 00 00 00
  can0  111   [8]  8F 0B 02 00 00 00 00 00
  can0  112   [8]  03 03 77 77 04 04 04 04
  can0  113   [8]  CB 39 0A 00 20 53 0A 00
  can0  114   [8]  00 00 00 00 00 00 80 00
  can0  115   [8]  00 00 00 00 00 00 00 00
  can0  116   [8]  00 08 00 08 00 00 00 00
  can0  101   [8]  99 26 00 00 00 00 00 11
  can0  103   [8]  00 00 00 00 00 00 00 00
  can0  600   [8]  EB FF F1 FF F9 00 02 03
  can0  601   [6]  14 00 FB FF 7E 01
  can0  100   [8]  B4 A0 64 9C 64 9C 77 33
  can0  102   [8]  00 00 00 00 FF 00 00 00
  can0  110   [8]  00 00 00 00 00 00 00 00
  can0  111   [8]  91 0B 02 00 00 00 00 00
  can0  112   [8]  03 03 77 77 04 04 04 04
  can0  113   [8]  D5 39 0A 00 25 53 0A 00
  can0  114   [8]  00 00 00 00 00 00 80 00
  can0  115   [8]  00 00 00 00 00 00 00 00
  can0  116   [8]  00 08 00 08 00 00 00 00
  can0  630   [1]  F0
  can0  101   [8]  C4 27 00 00 00 00 00 11
  can0  103   [8]  00 00 00 00 00 00 00 00
  can0  100   [8]  E9 A1 64 9C 64 9C 77 33
  can0  102   [8]  00 00 00 00 FF 00 00 00
  can0  110   [8]  00 00 00 00 00 00 00 00
  can0  111   [8]  92 0B 02 00 00 00 00 00
  can0  112   [8]  03 03 77 77 04 04 04 04
  can0  113   [8]  DA 39 0A 00 2A 53 0A 00
  can0  114   [8]  00 00 00 00 00 00 80 00
  can0  115   [8]  00 00 00 00 00 00 00 00
  can0  116   [8]  00 08 00 08 00 00 00 00
  can0  101   [8]  98 28 00 00 00 00 00 11
  can0  103   [8]  00 00 00 00 00 00 00 00
  can0  100   [8]  0E A2 64 9C 64 9C 77 33
  can0  102   [8]  00 00 00 00 FF 00 00 00
  can0  110   [8]  00 00 00 00 00 00 00 00
  can0  111   [8]  93 0B 02 00 00 00 00 00
  can0  112   [8]  03 03 77 77 04 04 04 04
  can0  113   [8]  DF 39 0A 00 2F 53 0A 00
  can0  114   [8]  00 00 00 00 00 00 80 00
  can0  115   [8]  00 00 00 00 00 00 00 00
  can0  116   [8]  00 08 00 08 00 00 00 00
  can0  101   [8]  C5 29 00 00 00 00 00 11
  can0  103   [8]  00 00 00 00 00 00 00 00
  can0  100   [8]  53 A3 64 9C 64 9C 77 33
  can0  102   [8]  00 00 00 00 FF 00 00 00
  can0  110   [8]  00 00 00 00 00 00 00 00
  can0  111   [8]  94 0B 02 00 00 00 00 00
  can0  112   [8]  03 03 77 77 04 04 04 04
  can0  113   [8]  E4 39 0A 00 34 53 0A 00
  can0  114   [8]  00 00 00 00 00 00 80 00
  can0  115   [8]  00 00 00 00 00 00 00 00
  can0  116   [8]  00 08 00 08 00 00 00 00
  can0  101   [8]  22 2A 00 00 00 00 00 11
  can0  103   [8]  00 00 00 00 00 00 00 00
  can0  100   [8]  DD A4 64 9C 64 9C 77 33
  can0  102   [8]  00 00 00 00 FF 00 00 00
  can0  110   [8]  00 00 00 00 00 00 00 00
  can0  111   [8]  95 0B 02 00 00 00 00 00
  can0  112   [8]  03 03 77 77 04 04 04 04
  can0  113   [8]  E9 39 0A 00 39 53 0A 00
  can0  114   [8]  00 00 00 00 00 00 80 00
  can0  115   [8]  00 00 00 00 00 00 00 00
  can0  116   [8]  00 08 00 08 00 00 00 00
  can0  101   [8]  7F 2B 00 00 00 00 00 11
  can0  103   [8]  00 00 00 00 00 00 00 00
  can0  610   [8]  C3 F5 E8 BE 48 E1 7A BE
  can0  611   [4]  33 33 33 3E
  can0  100   [8]  80 A5 64 9C 64 9C 77 33
  can0  102   [8]  00 00 00 00 FF 00 00 00
  can0  110   [8]  00 00 00 00 00 00 00 00
  can0  111   [8]  96 0B 02 00 00 00 00 00
  can0  112   [8]  03 03 77 77 04 04 04 04
  can0  113   [8]  EE 39 0A 00 3E 53 0A 00
  can0  114   [8]  00 00 00 00 00 00 80 00
  can0  115   [8]  00 00 00 00 00 00 00 00
  can0  116   [8]  00 08 00 08 00 00 00 00
  can0  630   [1]  F0
  can0  101   [8]  F1 2C 00 00 00 00 00 11
  can0  103   [8]  00 00 00 00 00 00 00 00
  can0  100   [8]  67 A6 64 9C 64 9C 77 33
  can0  102   [8]  00 00 00 00 FF 00 00 00
  can0  110   [8]  00 00 00 00 00 00 00 00
  can0  111   [8]  96 0B 02 00 00 00 00 00
  can0  112   [8]  03 03 77 77 04 04 04 04
  can0  113   [8]  EE 39 0A 00 43 53 0A 00
  can0  114   [8]  00 00 00 00 00 00 80 00
  can0  115   [8]  00 00 00 00 00 00 00 00
  can0  116   [8]  00 08 00 08 00 00 00 00
  can0  405   [8]  03 01 00 00 00 00 00 00
  can0  402   [8]  02 00 17 15 FF 2C 00 10
  can0  403   [8]  02 01 2C 12 3C 34 00 00
  can0  404   [8]  03 00 00 00 00 00 00 00
  can0  101   [8]  AC 2D 00 00 00 00 00 11
  can0  103   [8]  00 00 00 00 00 00 00 00
  can0  100   [8]  3A A7 64 9C 64 9C 77 33
  can0  102   [8]  00 00 00 00 FF 00 00 00
  can0  110   [8]  00 00 00 00 00 00 00 00
  can0  111   [8]  97 0B 02 00 00 00 00 00
  can0  112   [8]  03 03 77 77 04 04 04 04
  can0  113   [8]  F3 39 0A 00 48 53 0A 00
  can0  114   [8]  00 00 00 00 00 00 80 00
  can0  115   [8]  00 00 00 00 00 00 00 00
  can0  116   [8]  00 08 00 08 00 00 00 00
  can0  101   [8]  4B 2E 00 00 00 00 00 11
  can0  103   [8]  00 00 00 00 00 00 00 00
  can0  100   [8]  66 A8 64 9C 64 9C 77 33
  can0  102   [8]  00 00 00 00 FF 00 00 00
  can0  110   [8]  00 00 00 00 00 00 00 00
  can0  111   [8]  98 0B 02 00 00 00 00 00
  can0  112   [8]  03 03 77 77 04 04 04 04
  can0  113   [8]  F8 39 0A 00 4D 53 0A 00
  can0  114   [8]  00 00 00 00 00 00 80 00
  can0  115   [8]  00 00 00 00 00 00 00 00
  can0  116   [8]  00 08 00 08 00 00 00 00
  can0  101   [8]  16 2F 00 00 00 00 00 11
  can0  103   [8]  00 00 00 00 00 00 00 00
  can0  100   [8]  3B A9 64 9C 64 9C 77 33
  can0  102   [8]  00 00 00 00 FF 00 00 00
  can0  110   [8]  00 00 00 00 00 00 00 00
  can0  111   [8]  99 0B 02 00 00 00 00 00
  can0  112   [8]  03 03 77 77 04 04 04 04
  can0  113   [8]  FD 39 0A 00 52 53 0A 00
  can0  114   [8]  00 00 00 00 00 00 80 00
  can0  115   [8]  00 00 00 00 00 00 00 00
  can0  116   [8]  00 08 00 08 00 00 00 00
  can0  101   [8]  F3 30 00 00 00 00 00 11
  can0  103   [8]  00 00 00 00 00 00 00 00
  can0  630   [1]  F0
  can0  100   [8]  DC AA 64 9C 64 9C 77 33
  can0  102   [8]  00 00 00 00 FF 00 00 00
  can0  110   [8]  00 00 00 00 00 00 00 00
  can0  111   [8]  9A 0B 02 00 00 00 00 00
  can0  112   [8]  03 03 77 77 04 04 04 04
  can0  113   [8]  02 3A 0A 00 57 53 0A 00
  can0  114   [8]  00 00 00 00 00 00 80 00
  can0  115   [8]  00 00 00 00 00 00 00 00
  can0  116   [8]  00 08 00 08 00 00 00 00
  can0  101   [8]  AE 31 00 00 00 00 00 11
  can0  103   [8]  00 00 00 00 00 00 00 00
  can0  100   [8]  81 AB 64 9C 64 9C 77 33
  can0  102   [8]  00 00 00 00 FF 00 00 00
  can0  110   [8]  00 00 00 00 00 00 00 00
  can0  111   [8]  9B 0B 02 00 00 00 00 00
  can0  112   [8]  03 03 77 77 04 04 04 04
  can0  113   [8]  07 3A 0A 00 5C 53 0A 00
  can0  114   [8]  00 00 00 00 00 00 80 00
  can0  115   [8]  00 00 00 00 00 00 00 00
  can0  116   [8]  00 08 00 08 00 00 00 00
  can0  101   [8]  49 32 00 00 00 00 00 11
  can0  103   [8]  00 00 00 00 00 00 00 00
  can0  100   [8]  0F AC 64 9C 64 9C 77 33
  can0  102   [8]  00 00 00 00 FF 00 00 00
  can0  110   [8]  00 00 00 00 00 00 00 00
  can0  111   [8]  9C 0B 02 00 00 00 00 00
  can0  112   [8]  03 03 77 77 04 04 04 04
  can0  113   [8]  0C 3A 0A 00 61 53 0A 00
  can0  114   [8]  00 00 00 00 00 00 80 00
  can0  115   [8]  00 00 00 00 00 00 00 00
  can0  116   [8]  00 08 00 08 00 00 00 00
  can0  101   [8]  14 33 00 00 00 00 00 11
  can0  103   [8]  00 00 00 00 00 00 00 00
  can0  620   [3]  02 00 01
  can0  100   [8]  52 AD 64 9C 64 9C 77 33
  can0  102   [8]  00 00 00 00 FF 00 00 00
  can0  110   [8]  00 00 00 00 00 00 00 00
  can0  111   [8]  9D 0B 02 00 00 00 00 00
  can0  112   [8]  03 03 77 77 04 04 04 04
  can0  113   [8]  11 3A 0A 00 66 53 0A 00
  can0  114   [8]  00 00 00 00 00 00 80 00
  can0  115   [8]  00 00 00 00 00 00 00 00
  can0  116   [8]  00 08 00 08 00 00 00 00
  can0  621   [8]  00 00 00 00 00 00 00 00
  can0  622   [7]  00 00 00 00 00 00 00
  can0  623   [7]  00 00 00 00 00 00 00
  can0  624   [4]  00 00 00 00
  can0  101   [8]  9A 34 00 00 00 00 00 11
  can0  103   [8]  00 00 00 00 00 00 00 00
  can0  625   [8]  E1 FA C7 42 E1 FA C7 42
  can0  626   [4]  E1 FA C7 42
  can0  627   [6]  00 00 00 00 00 00
  can0  100   [8]  B5 AE 64 9C 64 9C 77 33
  can0  102   [8]  00 00 00 00 FF 00 00 00
  can0  110   [8]  00 00 00 00 00 00 00 00
  can0  111   [8]  9E 0B 02 00 00 00 00 00
  can0  112   [8]  03 03 77 77 04 04 04 04
  can0  113   [8]  16 3A 0A 00 6B 53 0A 00
  can0  114   [8]  00 00 00 00 00 00 80 00
  can0  115   [8]  00 00 00 00 00 00 00 00
  can0  116   [8]  00 08 00 08 00 00 00 00
  can0  101   [8]  C7 35 00 00 00 00 00 11
  can0  103   [8]  00 00 00 00 00 00 00 00
  can0  600   [8]  ED FF F0 FF FC 00 02 03
  can0  601   [6]  12 00 FB FF 82 01
  can0  100   [8]  E8 AF 64 9C 64 9C 77 33
  can0  102   [8]  00 00 00 00 FF 00 00 00
  can0  110   [8]  00 00 00 00 00 00 00 00
  can0  111   [8]  9F 0B 02 00 00 00 00 00
  can0  112   [8]  03 03 77 77 04 04 04 04
  can0  113   [8]  1B 3A 0A 00 70 53 0A 00
  can0  114   [8]  00 00 00 00 00 00 80 00
  can0  115   [8]  00 00 00 00 00 00 00 00
  can0  116   [8]  00 08 00 08 00 00 00 00
  can0  610   [8]  1F 85 23 BF AE 47 21 BE
  can0  611   [4]  CD CC 9C 3E
  can0  630   [1]  F0
  can0  101   [8]  20 36 00 00 00 00 00 11
  can0  103   [8]  00 00 00 00 00 00 00 00
  can0  100   [8]  0D B0 64 9C 64 9C 77 33
  can0  102   [8]  00 00 00 00 FF 00 00 00
  can0  110   [8]  00 00 00 00 00 00 00 00
  can0  111   [8]  A0 0B 02 00 00 00 00 00
  can0  112   [8]  03 03 77 77 04 04 04 04
  can0  113   [8]  20 3A 0A 00 75 53 0A 00
  can0  114   [8]  00 00 00 00 00 00 80 00
  can0  115   [8]  00 00 00 00 00 00 00 00
  can0  116   [8]  00 08 00 08 00 00 00 00
  can0  101   [8]  7D 37 00 00 00 00 00 11
  can0  103   [8]  00 00 00 00 00 00 00 00
  can0  100   [8]  50 B1 64 9C 64 9C 77 33
  can0  102   [8]  00 00 00 00 FF 00 00 00
  can0  110   [8]  00 00 00 00 00 00 00 00
  can0  111   [8]  A1 0B 02 00 00 00 00 00
  can0  112   [8]  03 03 77 77 04 04 04 04
  can0  113   [8]  25 3A 0A 00 7A 53 0A 00
  can0  114   [8]  00 00 00 00 00 00 80 00
  can0  115   [8]  00 00 00 00 00 00 00 00
  can0  116   [8]  00 08 00 08 00 00 00 00
  can0  101   [8]  21 38 00 00 00 00 00 11
  can0  103   [8]  00 00 00 00 00 00 00 00
  can0  100   [8]  B7 B2 64 9C 64 9C 77 33
  can0  102   [8]  00 00 00 00 FF 00 00 00
  can0  110   [8]  00 00 00 00 00 00 00 00
  can0  111   [8]  A2 0B 02 00 00 00 00 00
  can0  112   [8]  03 03 77 77 04 04 04 04
  can0  113   [8]  2A 3A 0A 00 7F 53 0A 00
  can0  114   [8]  00 00 00 00 00 00 80 00
  can0  115   [8]  00 00 00 00 00 00 00 00
  can0  116   [8]  00 08 00 08 00 00 00 00
  can0  101   [8]  7C 39 00 00 00 00 00 11
  can0  103   [8]  00 00 00 00 00 00 00 00
  can0  100   [8]  EA B3 64 9C 64 9C 77 33
  can0  102   [8]  00 00 00 00 FF 00 00 00
  can0  110   [8]  00 00 00 00 00 00 00 00
  can0  111   [8]  A3 0B 02 00 00 00 00 00
  can0  112   [8]  03 03 77 77 04 04 04 04
  can0  113   [8]  2F 3A 0A 00 84 53 0A 00
  can0  114   [8]  00 00 00 00 00 00 80 00
  can0  115   [8]  00 00 00 00 00 00 00 00
  can0  116   [8]  00 08 00 08 00 00 00 00
  can0  101   [8]  9B 3A 00 00 00 00 00 11
  can0  103   [8]  00 00 00 00 00 00 00 00
  can0  630   [1]  F0
  can0  100   [8]  64 B4 64 9C 64 9C 77 33
  can0  102   [8]  00 00 00 00 FF 00 00 00
  can0  110   [8]  00 00 00 00 00 00 00 00
  can0  111   [8]  A4 0B 02 00 00 00 00 00
  can0  112   [8]  03 03 77 77 04 04 04 04
  can0  113   [8]  34 3A 0A 00 89 53 0A 00
  can0  114   [8]  00 00 00 00 00 00 80 00
  can0  115   [8]  00 00 00 00 00 00 00 00
  can0  116   [8]  00 08 00 08 00 00 00 00
  can0  101   [8]  C6 3B 00 00 00 00 00 11
  can0  103   [8]  00 00 00 00 00 00 00 00
  can0  100   [8]  39 B5 64 9C 64 9C 77 33
  can0  102   [8]  00 00 00 00 FF 00 00 00
  can0  110   [8]  00 00 00 00 00 00 00 00
  can0  111   [8]  A5 0B 02 00 00 00 00 00
  can0  112   [8]  03 03 77 77 04 04 04 04
  can0  113   [8]  39 3A 0A 00 8E 53 0A 00
  can0  114   [8]  00 00 00 00 00 00 80 00
  can0  115   [8]  00 00 00 00 00 00 00 00
  can0  116   [8]  00 08 00 08 00 00 00 00
  can0  101   [8]  48 3C 00 00 00 00 00 11
  can0  103   [8]  00 00 00 00 00 00 00 00
  can0  100   [8]  DE B6 64 9C 64 9C 77 33
  can0  102   [8]  00 00 00 00 FF 00 00 00
  can0  110   [8]  00 00 00 00 00 00 00 00
  can0  111   [8]  A6 0B 02 00 00 00 00 00
  can0  112   [8]  03 03 77 77 04 04 04 04
  can0  113   [8]  3E 3A 0A 00 93 53 0A 00
  can0  114   [8]  00 00 00 00 00 00 80 00
  can0  115   [8]  00 00 00 00 00 00 00 00
  can0  116   [8]  00 08 00 08 00 00 00 00
  can0  101   [8]  15 3D 00 00 00 00 00 11
  can0  103   [8]  00 00 00 00 00 00 00 00
  can0  100   [8]  83 B7 64 9C 64 9C 77 33
  can0  102   [8]  00 00 00 00 FF 00 00 00
  can0  110   [8]  00 00 00 00 00 00 00 00
  can0  111   [8]  A7 0B 02 00 00 00 00 00
  can0  112   [8]  03 03 77 77 04 04 04 04
  can0  113   [8]  43 3A 0A 00 98 53 0A 00
  can0  114   [8]  00 00 00 00 00 00 80 00
  can0  115   [8]  00 00 00 00 00 00 00 00
  can0  116   [8]  00 08 00 08 00 00 00 00
  can0  101   [8]  F2 3E 00 00 00 00 00 11
  can0  103   [8]  00 00 00 00 00 00 00 00
  can0  100   [8]  DF B8 64 9C 64 9C 77 33
  can0  102   [8]  00 00 00 00 FF 00 00 00
  can0  110   [8]  00 00 00 00 00 00 00 00
  can0  111   [8]  A8 0B 02 00 00 00 00 00
  can0  112   [8]  03 03 77 77 04 04 04 04
  can0  113   [8]  48 3A 0A 00 9D 53 0A 00
  can0  114   [8]  00 00 00 00 00 00 80 00
  can0  115   [8]  00 00 00 00 00 00 00 00
  can0  116   [8]  00 08 00 08 00 00 00 00
  can0  101   [8]  AF 3F 00 00 00 00 00 11
  can0  103   [8]  00 00 00 00 00 00 00 00
  can0  610   [8]  1F 85 23 BF AE 47 21 BE
  can0  611   [4]  CD CC 9C 3E
  can0  630   [1]  F0
  can0  100   [8]  82 B9 64 9C 64 9C 77 33
  can0  102   [8]  00 00 00 00 FF 00 00 00
  can0  110   [8]  00 00 00 00 00 00 00 00
  can0  111   [8]  A9 0B 02 00 00 00 00 00
  can0  112   [8]  03 03 77 77 04 04 04 04
  can0  113   [8]  4D 3A 0A 00 A2 53 0A 00
  can0  114   [8]  00 00 00 00 00 00 80 00
  can0  115   [8]  00 00 00 00 00 00 00 00
  can0  116   [8]  00 08 00 08 00 00 00 00
  can0  101   [8]  FB 40 00 00 00 00 00 11
  can0  103   [8]  00 00 00 00 00 00 00 00
  can0  100   [8]  65 BA 64 9C 64 9C 77 33
  can0  102   [8]  00 00 00 00 FF 00 00 00
  can0  110   [8]  00 00 00 00 00 00 00 00
  can0  111   [8]  AA 0B 02 00 00 00 00 00
  can0  112   [8]  03 03 77 77 04 04 04 04
  can0  113   [8]  52 3A 0A 00 A7 53 0A 00
  can0  114   [8]  00 00 00 00 00 00 80 00
  can0  115   [8]  00 00 00 00 00 00 00 00
  can0  116   [8]  00 08 00 08 00 00 00 00
  can0  101   [8]  A6 41 00 00 00 00 00 11
  can0  103   [8]  00 00 00 00 00 00 00 00
  can0  100   [8]  38 BB 64 9C 64 9C 77 33
  can0  102   [8]  00 00 00 00 FF 00 00 00
  can0  110   [8]  00 00 00 00 00 00 00 00
  can0  111   [8]  AB 0B 02 00 00 00 00 00
  can0  112   [8]  03 03 77 77 04 04 04 04
  can0  113   [8]  57 3A 0A 00 AC 53 0A 00
  can0  114   [8]  00 00 00 00 00 00 80 00
  can0  115   [8]  00 00 00 00 00 00 00 00
  can0  116   [8]  00 08 00 08 00 00 00 00
  can0  101   [8]  41 42 00 00 00 00 00 11
  can0  103   [8]  00 00 00 00 00 00 00 00
  can0  100   [8]  B6 BC 64 9C 64 9C 77 33
  can0  102   [8]  00 00 00 00 FF 00 00 00
  can0  110   [8]  00 00 00 00 00 00 00 00
  can0  111   [8]  AC 0B 02 00 00 00 00 00
  can0  112   [8]  03 03 77 77 04 04 04 04
  can0  113   [8]  5C 3A 0A 00 B1 53 0A 00
  can0  114   [8]  00 00 00 00 00 00 80 00
  can0  115   [8]  00 00 00 00 00 00 00 00
  can0  116   [8]  00 08 00 08 00 00 00 00
  can0  101   [8]  1C 43 00 00 00 00 00 11
  can0  103   [8]  00 00 00 00 00 00 00 00
  can0  100   [8]  EB BD 64 9C 64 9C 77 33
  can0  102   [8]  00 00 00 00 FF 00 00 00
  can0  110   [8]  00 00 00 00 00 00 00 00
  can0  111   [8]  AD 0B 02 00 00 00 00 00
  can0  112   [8]  03 03 77 77 04 04 04 04
  can0  113   [8]  61 3A 0A 00 B6 53 0A 00
  can0  114   [8]  00 00 00 00 00 00 80 00
  can0  115   [8]  00 00 00 00 00 00 00 00
  can0  116   [8]  00 08 00 08 00 00 00 00
  can0  101   [8]  92 44 00 00 00 00 00 11
  can0  103   [8]  00 00 00 00 00 00 00 00
  can0  600   [8]  ED FF F1 FF FB 00 01 03
  can0  601   [6]  16 00 F9 FF 81 01
  can0  630   [1]  F0
  can0  100   [8]  0C BE 64 9C 64 9C 77 33
  can0  102   [8]  00 00 00 00 FF 00 00 00
  can0  110   [8]  00 00 00 00 00 00 00 00
  can0  111   [8]  AE 0B 02 00 00 00 00 00
  can0  112   [8]  03 03 77 77 04 04 04 04
  can0  113   [8]  66 3A 0A 00 BB 53 0A 00
  can0  114   [8]  00 00 00 00 00 00 80 00
  can0  115   [8]  00 00 00 00 00 00 00 00
  can0  116   [8]  00 08 00 08 00 00 00 00
  can0  101   [8]  CF 45 00 00 00 00 00 11
  can0  103   [8]  00 00 00 00 00 00 00 00
  can0  100   [8]  51 BF 64 9C 64 9C 77 33
  can0  102   [8]  00 00 00 00 FF 00 00 00
  can0  110   [8]  00 00 00 00 00 00 00 00
  can0  111   [8]  AF 0B 02 00 00 00 00 00
  can0  112   [8]  03 03 77 77 04 04 04 04
  can0  113   [8]  6B 3A 0A 00 C0 53 0A 00
  can0  114   [8]  00 00 00 00 00 00 80 00
  can0  115   [8]  00 00 00 00 00 00 00 00
  can0  116   [8]  00 08 00 08 00 00 00 00
  can0  101   [8]  28 46 00 00 00 00 00 11
  can0  103   [8]  00 00 00 00 00 00 00 00
  can0  100   [8]  05 C0 64 9C 64 9C 77 33
  can0  102   [8]  00 00 00 00 FF 00 00 00
  can0  110   [8]  00 00 00 00 00 00 00 00
  can0  111   [8]  B0 0B 02 00 00 00 00 00
  can0  112   [8]  03 03 77 77 04 04 04 04
  can0  113   [8]  70 3A 0A 00 C5 53 0A 00
  can0  114   [8]  00 00 00 00 00 00 80 00
  can0  115   [8]  00 00 00 00 00 00 00 00
  can0  116   [8]  00 08 00 08 00 00 00 00
  can0  101   [8]  75 47 00 00 00 00 00 11
  can0  103   [8]  00 00 00 00 00 00 00 00
  can0  620   [3]  02 00 01
  can0  621   [8]  00 00 00 00 00 00 00 00
  can0  622   [7]  00 00 00 00 00 00 00
  can0  623   [7]  00 00 00 00 00 00 00
  can0  624   [4]  00 00 00 00
  can0  625   [8]  E1 FA C7 42 E1 FA C7 42
  can0  100   [8]  58 C1 64 9C 64 9C 77 33
  can0  102   [8]  00 00 00 00 FF 00 00 00
  can0  110   [8]  00 00 00 00 00 00 00 00
  can0  111   [8]  B1 0B 02 00 00 00 00 00
  can0  112   [8]  03 03 77 77 04 04 04 04
  can0  113   [8]  75 3A 0A 00 CA 53 0A 00
  can0  114   [8]  00 00 00 00 00 00 80 00
  can0  115   [8]  00 00 00 00 00 00 00 00
  can0  116   [8]  00 08 00 08 00 00 00 00
  can0  626   [4]  E1 FA C7 42
  can0  627   [6]  00 00 00 00 00 00
  can0  101   [8]  29 48 00 00 00 00 00 11
  can0  103   [8]  00 00 00 00 00 00 00 00
  can0  640   [8]  2F 21 07 06 13 07 19 00
  can0  100   [8]  BF C2 64 9C 64 9C 77 33
  can0  102   [8]  00 00 00 00 FF 00 00 00
  can0  110   [8]  00 00 00 00 00 00 00 00
  can0  111   [8]  B2 0B 02 00 00 00 00 00
  can0  112   [8]  03 03 77 77 04 04 04 04
  can0  113   [8]  7A 3A 0A 00 CF 53 0A 00
  can0  114   [8]  00 00 00 00 00 00 80 00
  can0  115   [8]  00 00 00 00 00 00 00 00
  can0  116   [8]  00 08 00 08 00 00 00 00
  can0  101   [8]  74 49 00 00 00 00 00 11
  can0  103   [8]  00 00 00 00 00 00 00 00
  can0  610   [8]  D7 A3 08 BF B8 1E C5 3D
  can0  611   [4]  3D 0A 1F 3F
  can0  630   [1]  F0
  can0  100   [8]  E2 C3 64 9C 64 9C 77 33
  can0  102   [8]  00 00 00 00 FF 00 00 00
  can0  110   [8]  00 00 00 00 00 00 00 00
  can0  111   [8]  B3 0B 02 00 00 00 00 00
  can0  112   [8]  03 03 77 77 04 04 04 04
  can0  113   [8]  7F 3A 0A 00 D4 53 0A 00
  can0  114   [8]  00 00 00 00 00 00 80 00
  can0  115   [8]  00 00 00 00 00 00 00 00
  can0  116   [8]  00 08 00 08 00 00 00 00
  can0  101   [8]  93 4A 00 00 00 00 00 11
  can0  103   [8]  00 00 00 00 00 00 00 00
  can0  100   [8]  6C C4 64 9C 64 9C 77 33
  can0  102   [8]  00 00 00 00 FF 00 00 00
  can0  110   [8]  00 00 00 00 00 00 00 00
  can0  111   [8]  B4 0B 02 00 00 00 00 00
  can0  112   [8]  03 03 77 77 04 04 04 04
  can0  113   [8]  84 3A 0A 00 D9 53 0A 00
  can0  114   [8]  00 00 00 00 00 00 80 00
  can0  115   [8]  00 00 00 00 00 00 00 00
  can0  116   [8]  00 08 00 08 00 00 00 00
  can0  101   [8]  CE 4B 00 00 00 00 00 11
  can0  103   [8]  00 00 00 00 00 00 00 00
  can0  100   [8]  31 C5 64 9C 64 9C 77 33
  can0  102   [8]  00 00 00 00 FF 00 00 00
  can0  110   [8]  00 00 00 00 00 00 00 00
  can0  111   [8]  B5 0B 02 00 00 00 00 00
  can0  112   [8]  03 03 77 77 04 04 04 04
  can0  113   [8]  89 3A 0A 00 DE 53 0A 00
  can0  114   [8]  00 00 00 00 00 00 80 00
  can0  115   [8]  00 00 00 00 00 00 00 00
  can0  116   [8]  00 08 00 08 00 00 00 00
  can0  101   [8]  40 4C 00 00 00 00 00 11
  can0  103   [8]  00 00 00 00 00 00 00 00
  can0  100   [8]  D6 C6 64 9C 64 9C 77 33
  can0  102   [8]  00 00 00 00 FF 00 00 00
  can0  110   [8]  00 00 00 00 00 00 00 00
  can0  111   [8]  B6 0B 02 00 00 00 00 00
  can0  112   [8]  03 03 77 77 04 04 04 04
  can0  113   [8]  8E 3A 0A 00 E3 53 0A 00
  can0  114   [8]  00 00 00 00 00 00 80 00
  can0  115   [8]  00 00 00 00 00 00 00 00
  can0  116   [8]  00 08 00 08 00 00 00 00
  can0  101   [8]  1D 4D 00 00 00 00 00 11
  can0  103   [8]  00 00 00 00 00 00 00 00
  can0  100   [8]  8B C7 64 9C 64 9C 77 33
  can0  102   [8]  00 00 00 00 FF 00 00 00
  can0  110   [8]  00 00 00 00 00 00 00 00
  can0  111   [8]  B7 0B 02 00 00 00 00 00
  can0  112   [8]  03 03 77 77 04 04 04 04
  can0  113   [8]  93 3A 0A 00 E8 53 0A 00
  can0  114   [8]  00 00 00 00 00 00 80 00
  can0  115   [8]  00 00 00 00 00 00 00 00
  can0  116   [8]  00 08 00 08 00 00 00 00
  can0  101   [8]  FA 4E 00 00 00 00 00 11
  can0  103   [8]  00 00 00 00 00 00 00 00
  can0  630   [1]  F0
  can0  100   [8]  D7 C8 64 9C 64 9C 77 33
  can0  102   [8]  00 00 00 00 FF 00 00 00
  can0  110   [8]  00 00 00 00 00 00 00 00
  can0  111   [8]  B8 0B 02 00 00 00 00 00
  can0  112   [8]  03 03 77 77 04 04 04 04
  can0  113   [8]  98 3A 0A 00 ED 53 0A 00
  can0  114   [8]  00 00 00 00 00 00 80 00
  can0  115   [8]  00 00 00 00 00 00 00 00
  can0  116   [8]  00 08 00 08 00 00 00 00
  can0  101   [8]  A7 4F 00 00 00 00 00 11
  can0  103   [8]  00 00 00 00 00 00 00 00
  can0  100   [8]  8A C9 64 9C 64 9C 77 33
  can0  102   [8]  00 00 00 00 FF 00 00 00
  can0  110   [8]  00 00 00 00 00 00 00 00
  can0  111   [8]  B9 0B 02 00 00 00 00 00
  can0  112   [8]  03 03 77 77 04 04 04 04
  can0  113   [8]  9D 3A 0A 00 F2 53 0A 00
  can0  114   [8]  00 00 00 00 00 00 80 00
  can0  115   [8]  00 00 00 00 00 00 00 00
  can0  116   [8]  00 08 00 08 00 00 00 00
  can0  101   [8]  42 50 00 00 00 00 00 11
  can0  103   [8]  00 00 00 00 00 00 00 00
  can0  100   [8]  6D CA 64 9C 64 9C 77 33
  can0  102   [8]  00 00 00 00 FF 00 00 00
  can0  110   [8]  00 00 00 00 00 00 00 00
  can0  111   [8]  BA 0B 02 00 00 00 00 00
  can0  112   [8]  03 03 77 77 04 04 04 04
  can0  113   [8]  A2 3A 0A 00 F7 53 0A 00
  can0  114   [8]  00 00 00 00 00 00 80 00
  can0  115   [8]  00 00 00 00 00 00 00 00
  can0  116   [8]  00 08 00 08 00 00 00 00
  can0  101   [8]  1F 51 00 00 00 00 00 11
  can0  103   [8]  00 00 00 00 00 00 00 00
  can0  100   [8]  30 CB 64 9C 64 9C 77 33
  can0  102   [8]  00 00 00 00 FF 00 00 00
  can0  110   [8]  00 00 00 00 00 00 00 00
  can0  111   [8]  BB 0B 02 00 00 00 00 00
  can0  112   [8]  03 03 77 77 04 04 04 04
  can0  113   [8]  A7 3A 0A 00 FC 53 0A 00
  can0  114   [8]  00 00 00 00 00 00 80 00
  can0  115   [8]  00 00 00 00 00 00 00 00
  can0  116   [8]  00 08 00 08 00 00 00 00
  can0  101   [8]  F8 52 00 00 00 00 00 11
  can0  103   [8]  00 00 00 00 00 00 00 00
  can0  100   [8]  BE CC 64 9C 64 9C 77 33
  can0  102   [8]  00 00 00 00 FF 00 00 00
  can0  110   [8]  00 00 00 00 00 00 00 00
  can0  111   [8]  BC 0B 02 00 00 00 00 00
  can0  112   [8]  03 03 77 77 04 04 04 04
  can0  113   [8]  AC 3A 0A 00 01 54 0A 00
  can0  114   [8]  00 00 00 00 00 00 80 00
  can0  115   [8]  00 00 00 00 00 00 00 00
  can0  116   [8]  00 08 00 08 00 00 00 00
  can0  101   [8]  A5 53 00 00 00 00 00 11
  can0  103   [8]  00 00 00 00 00 00 00 00
  can0  600   [8]  EE FF F0 FF FB 00 02 03
  can0  601   [6]  16 00 F9 FF 81 01
  can0  610   [8]  D7 A3 08 BF B8 1E C5 3D
  can0  611   [4]  3D 0A 1F 3F
  can0  630   [1]  F0
  can0  100   [8]  E3 CD 64 9C 64 9C 77 33
  can0  102   [8]  00 00 00 00 FF 00 00 00
  can0  110   [8]  00 00 00 00 00 00 00 00
  can0  111   [8]  BD 0B 02 00 00 00 00 00
  can0  112   [8]  03 03 77 77 04 04 04 04
  can0  113   [8]  B1 3A 0A 00 06 54 0A 00
  can0  114   [8]  00 00 00 00 00 00 80 00
  can0  115   [8]  00 00 00 00 00 00 00 00
  can0  116   [8]  00 08 00 08 00 00 00 00
  can0  101   [8]  2B 54 00 00 00 00 00 11
  can0  103   [8]  00 00 00 00 00 00 00 00
  can0  100   [8]  04 CE 64 9C 64 9C 77 33
  can0  102   [8]  00 00 00 00 FF 00 00 00
  can0  110   [8]  00 00 00 00 00 00 00 00
  can0  111   [8]  BE 0B 02 00 00 00 00 00
  can0  112   [8]  03 03 77 77 04 04 04 04
  can0  113   [8]  B6 3A 0A 00 0B 54 0A 00
  can0  114   [8]  00 00 00 00 00 00 80 00
  can0  115   [8]  00 00 00 00 00 00 00 00
  can0  116   [8]  00 08 00 08 00 00 00 00
  can0  402   [8]  02 00 17 15 FF 2C 00 10
  can0  101   [8]  76 55 00 00 00 00 00 11
  can0  103   [8]  00 00 00 00 00 00 00 00
  can0  404   [8]  03 00 00 00 00 00 00 00
  can0  405   [8]  03 01 00 00 00 00 00 00
  can0  403   [8]  02 01 2C 12 3C 34 00 00
  can0  100   [8]  59 CF 64 9C 64 9C 77 33
  can0  102   [8]  00 00 00 00 FF 00 00 00
  can0  110   [8]  00 00 00 00 00 00 00 00
  can0  111   [8]  BF 0B 02 00 00 00 00 00
  can0  112   [8]  03 03 77 77 04 04 04 04
  can0  113   [8]  BB 3A 0A 00 10 54 0A 00
  can0  114   [8]  00 00 00 00 00 00 80 00
  can0  115   [8]  00 00 00 00 00 00 00 00
  can0  116   [8]  00 08 00 08 00 00 00 00
  can0  101   [8]  91 56 00 00 00 00 00 11
  can0  103   [8]  00 00 00 00 00 00 00 00
  can0  100   [8]  BC D0 64 9C 64 9C 77 33
  can0  102   [8]  00 00 00 00 FF 00 00 00
  can0  110   [8]  00 00 00 00 00 00 00 00
  can0  111   [8]  C0 0B 02 00 00 00 00 00
  can0  112   [8]  03 03 77 77 04 04 04 04
  can0  113   [8]  C0 3A 0A 00 15 54 0A 00
  can0  114   [8]  00 00 00 00 00 00 80 00
  can0  115   [8]  00 00 00 00 00 00 00 00
  can0  116   [8]  00 08 00 08 00 00 00 00
  can0  101   [8]  CC 57 00 00 00 00 00 11
  can0  103   [8]  00 00 00 00 00 00 00 00
  can0  100   [8]  E1 D1 64 9C 64 9C 77 33
  can0  102   [8]  00 00 00 00 FF 00 00 00
  can0  110   [8]  00 00 00 00 00 00 00 00
  can0  111   [8]  C1 0B 02 00 00 00 00 00
  can0  112   [8]  03 03 77 77 04 04 04 04
  can0  113   [8]  C5 3A 0A 00 1A 54 0A 00
  can0  114   [8]  00 00 00 00 00 00 80 00
  can0  115   [8]  00 00 00 00 00 00 00 00
  can0  116   [8]  00 08 00 08 00 00 00 00
  can0  101   [8]  90 58 00 00 00 00 00 11
  can0  103   [8]  00 00 00 00 00 00 00 00
  can0  630   [1]  F0
  can0  100   [8]  06 D2 64 9C 64 9C 77 33
  can0  102   [8]  00 00 00 00 FF 00 00 00
  can0  110   [8]  00 00 00 00 00 00 00 00
  can0  111   [8]  C2 0B 02 00 00 00 00 00
  can0  112   [8]  03 03 77 77 04 04 04 04
  can0  113   [8]  CA 3A 0A 00 1F 54 0A 00
  can0  114   [8]  00 00 00 00 00 00 80 00
  can0  115   [8]  00 00 00 00 00 00 00 00
  can0  116   [8]  00 08 00 08 00 00 00 00
  can0  101   [8]  CD 59 00 00 00 00 00 11
  can0  103   [8]  00 00 00 00 00 00 00 00
  can0  100   [8]  5B D3 64 9C 64 9C 77 33
  can0  102   [8]  00 00 00 00 FF 00 00 00
  can0  110   [8]  00 00 00 00 00 00 00 00
  can0  111   [8]  C3 0B 02 00 00 00 00 00
  can0  112   [8]  03 03 77 77 04 04 04 04
  can0  113   [8]  CF 3A 0A 00 24 54 0A 00
  can0  114   [8]  00 00 00 00 00 00 80 00
  can0  115   [8]  00 00 00 00 00 00 00 00
  can0  116   [8]  00 08 00 08 00 00 00 00
  can0  101   [8]  2A 5A 00 00 00 00 00 11
  can0  103   [8]  00 00 00 00 00 00 00 00
  can0  100   [8]  D5 D4 64 9C 64 9C 77 33
  can0  102   [8]  00 00 00 00 FF 00 00 00
  can0  110   [8]  00 00 00 00 00 00 00 00
  can0  111   [8]  C4 0B 02 00 00 00 00 00
  can0  112   [8]  03 03 77 77 04 04 04 04
  can0  113   [8]  D4 3A 0A 00 29 54 0A 00
  can0  114   [8]  00 00 00 00 00 00 80 00
  can0  115   [8]  00 00 00 00 00 00 00 00
  can0  116   [8]  00 08 00 08 00 00 00 00
  can0  101   [8]  77 5B 00 00 00 00 00 11
  can0  103   [8]  00 00 00 00 00 00 00 00
  can0  620   [3]  02 00 01
  can0  621   [8]  00 00 00 00 00 00 00 00
  can0  622   [7]  00 00 00 00 00 00 00
  can0  623   [7]  00 00 00 00 00 00 00
  can0  624   [4]  00 00 00 00
  can0  625   [8]  E1 FA C7 42 E1 FA C7 42
  can0  100   [8]  88 D5 64 9C 64 9C 77 33
  can0  102   [8]  00 00 00 00 FF 00 00 00
  can0  110   [8]  00 00 00 00 00 00 00 00
  can0  111   [8]  C5 0B 02 00 00 00 00 00
  can0  112   [8]  03 03 77 77 04 04 04 04
  can0  113   [8]  D9 3A 0A 00 2E 54 0A 00
  can0  114   [8]  00 00 00 00 00 00 80 00
  can0  115   [8]  00 00 00 00 00 00 00 00
  can0  116   [8]  00 08 00 08 00 00 00 00
  can0  101   [8]  F9 5C 00 00 00 00 00 11
  can0  626   [4]  E1 FA C7 42
  can0  627   [6]  00 00 00 00 00 00
  can0  103   [8]  00 00 00 00 00 00 00 00
  can0  100   [8]  6F D6 64 9C 64 9C 77 33
  can0  102   [8]  00 00 00 00 FF 00 00 00
  can0  110   [8]  00 00 00 00 00 00 00 00
  can0  111   [8]  C6 0B 02 00 00 00 00 00
  can0  112   [8]  03 03 77 77 04 04 04 04
  can0  113   [8]  DE 3A 0A 00 33 54 0A 00
  can0  114   [8]  00 00 00 00 00 00 80 00
  can0  115   [8]  00 00 00 00 00 00 00 00
  can0  116   [8]  00 08 00 08 00 00 00 00
  can0  101   [8]  A4 5D 00 00 00 00 00 11
  can0  103   [8]  00 00 00 00 00 00 00 00
  can0  610   [8]  EC 51 50 BF 33 33 33 BD
  can0  611   [4]  EC 51 98 3E
  can0  630   [1]  F0
  can0  100   [8]  32 D7 64 9C 64 9C 77 33
  can0  102   [8]  00 00 00 00 FF 00 00 00
  can0  110   [8]  00 00 00 00 00 00 00 00
  can0  111   [8]  C7 0B 02 00 00 00 00 00
  can0  112   [8]  03 03 77 77 04 04 04 04
  can0  113   [8]  E3 3A 0A 00 38 54 0A 00
  can0  114   [8]  00 00 00 00 00 00 80 00
  can0  115   [8]  00 00 00 00 00 00 00 00
  can0  116   [8]  00 08 00 08 00 00 00 00
  can0  101   [8]  43 5E 00 00 00 00 00 11
  can0  103   [8]  00 00 00 00 00 00 00 00
  can0  100   [8]  6E D8 64 9C 64 9C 77 33
  can0  102   [8]  00 00 00 00 FF 00 00 00
  can0  110   [8]  00 00 00 00 00 00 00 00
  can0  111   [8]  C8 0B 02 00 00 00 00 00
  can0  112   [8]  03 03 77 77 04 04 04 04
  can0  113   [8]  E8 3A 0A 00 3D 54 0A 00
  can0  114   [8]  00 00 00 00 00 00 80 00
  can0  115   [8]  00 00 00 00 00 00 00 00
  can0  116   [8]  00 08 00 08 00 00 00 00
  can0  101   [8]  1E 5F 00 00 00 00 00 11
  can0  103   [8]  00 00 00 00 00 00 00 00
  can0  100   [8]  33 D9 64 9C 64 9C 77 33
  can0  102   [8]  00 00 00 00 FF 00 00 00
  can0  110   [8]  00 00 00 00 00 00 00 00
  can0  111   [8]  C9 0B 02 00 00 00 00 00
  can0  112   [8]  03 03 77 77 04 04 04 04
  can0  113   [8]  ED 3A 0A 00 42 54 0A 00
  can0  114   [8]  00 00 00 00 00 00 80 00
  can0  115   [8]  00 00 00 00 00 00 00 00
  can0  116   [8]  00 08 00 08 00 00 00 00
  can0  101   [8]  94 60 00 00 00 00 00 11
  can0  103   [8]  00 00 00 00 00 00 00 00
  can0  100   [8]  D4 DA 64 9C 64 9C 77 33
  can0  102   [8]  00 00 00 00 FF 00 00 00
  can0  110   [8]  00 00 00 00 00 00 00 00
  can0  111   [8]  CA 0B 02 00 00 00 00 00
  can0  112   [8]  03 03 77 77 04 04 04 04
  can0  113   [8]  F2 3A 0A 00 47 54 0A 00
  can0  114   [8]  00 00 00 00 00 00 80 00
  can0  115   [8]  00 00 00 00 00 00 00 00
  can0  116   [8]  00 08 00 08 00 00 00 00
  can0  101   [8]  C9 61 00 00 00 00 00 11
  can0  103   [8]  00 00 00 00 00 00 00 00
  can0  100   [8]  89 DB 64 9C 64 9C 77 33
  can0  102   [8]  00 00 00 00 FF 00 00 00
  can0  110   [8]  00 00 00 00 00 00 00 00
  can0  111   [8]  CB 0B 02 00 00 00 00 00
  can0  112   [8]  03 03 77 77 04 04 04 04
  can0  113   [8]  F7 3A 0A 00 4C 54 0A 00
  can0  114   [8]  00 00 00 00 00 00 80 00
  can0  115   [8]  00 00 00 00 00 00 00 00
  can0  116   [8]  00 08 00 08 00 00 00 00
  can0  101   [8]  2E 62 00 00 00 00 00 11
  can0  103   [8]  00 00 00 00 00 00 00 00
  can0  600   [8]  EC FF F0 FF FC 00 02 03
  can0  601   [6]  15 00 FA FF 84 01
  can0  630   [1]  F0
  can0  100   [8]  07 DC 64 9C 64 9C 77 33
  can0  102   [8]  00 00 00 00 FF 00 00 00
  can0  110   [8]  00 00 00 00 00 00 00 00
  can0  111   [8]  CC 0B 02 00 00 00 00 00
  can0  112   [8]  03 03 77 77 04 04 04 04
  can0  101   [8]  73 63 00 00 00 00 00 11
  can0  113   [8]  FC 3A 0A 00 51 54 0A 00
  can0  114   [8]  00 00 00 00 00 00 80 00
  can0  115   [8]  00 00 00 00 00 00 00 00
  can0  116   [8]  00 08 00 08 00 00 00 00
  can0  103   [8]  00 00 00 00 00 00 00 00
  can0  100   [8]  5A DD 64 9C 64 9C 77 33
  can0  102   [8]  00 00 00 00 FF 00 00 00
  can0  110   [8]  00 00 00 00 00 00 00 00
  can0  111   [8]  CD 0B 02 00 00 00 00 00
  can0  112   [8]  03 03 77 77 04 04 04 04
  can0  101   [8]  FD 64 00 00 00 00 00 11
  can0  113   [8]  01 3B 0A 00 56 54 0A 00
  can0  114   [8]  00 00 00 00 00 00 80 00
  can0  115   [8]  00 00 00 00 00 00 00 00
  can0  116   [8]  00 08 00 08 00 00 00 00
  can0  103   [8]  00 00 00 00 00 00 00 00
  can0  100   [8]  BD DE 64 9C 64 9C 77 33
  can0  102   [8]  00 00 00 00 FF 00 00 00
  can0  110   [8]  00 00 00 00 00 00 00 00
  can0  111   [8]  CE 0B 02 00 00 00 00 00
  can0  112   [8]  03 03 77 77 04 04 04 04
  can0  101   [8]  A0 65 00 00 00 00 00 11
  can0  103   [8]  00 00 00 00 00 00 00 00
  can0  113   [8]  06 3B 0A 00 5B 54 0A 00
  can0  114   [8]  00 00 00 00 00 00 80 00
  can0  115   [8]  00 00 00 00 00 00 00 00
  can0  116   [8]  00 08 00 08 00 00 00 00
  can0  100   [8]  E0 DF 64 9C 64 9C 77 33
  can0  102   [8]  00 00 00 00 FF 00 00 00
  can0  110   [8]  00 00 00 00 00 00 00 00
  can0  111   [8]  CF 0B 02 00 00 00 00 00
  can0  112   [8]  03 03 77 77 04 04 04 04
  can0  101   [8]  47 66 00 00 00 00 00 11
  can0  113   [8]  0B 3B 0A 00 60 54 0A 00
  can0  114   [8]  00 00 00 00 00 00 80 00
  can0  115   [8]  00 00 00 00 00 00 00 00
  can0  116   [8]  00 08 00 08 00 00 00 00
  can0  103   [8]  00 00 00 00 00 00 00 00
  can0  100   [8]  6A E0 64 9C 64 9C 77 33
  can0  102   [8]  00 00 00 00 FF 00 00 00
  can0  110   [8]  00 00 00 00 00 00 00 00
  can0  111   [8]  D0 0B 02 00 00 00 00 00
  can0  112   [8]  03 03 77 77 04 04 04 04
  can0  101   [8]  1A 67 00 00 00 00 00 11
  can0  103   [8]  00 00 00 00 00 00 00 00
  can0  113   [8]  10 3B 0A 00 65 54 0A 00
  can0  114   [8]  00 00 00 00 00 00 80 00
  can0  115   [8]  00 00 00 00 00 00 00 00
  can0  116   [8]  00 08 00 08 00 00 00 00
  can0  610   [8]  EC 51 50 BF 33 33 33 BD
  can0  611   [4]  EC 51 98 3E
  can0  630   [1]  F0
  can0  100   [8]  37 E1 64 9C 64 9C 77 33
  can0  102   [8]  00 00 00 00 FF 00 00 00
  can0  110   [8]  00 00 00 00 00 00 00 00
  can0  111   [8]  D1 0B 02 00 00 00 00 00
  can0  112   [8]  03 03 77 77 04 04 04 04
  can0  101   [8]  46 68 00 00 00 00 00 11
  can0  103   [8]  00 00 00 00 00 00 00 00
  can0  113   [8]  15 3B 0A 00 6A 54 0A 00
  can0  114   [8]  00 00 00 00 00 00 80 00
  can0  115   [8]  00 00 00 00 00 00 00 00
  can0  116   [8]  00 08 00 08 00 00 00 00
  can0  100   [8]  D0 E2 64 9C 64 9C 77 33
  can0  102   [8]  00 00 00 00 FF 00 00 00
  can0  110   [8]  00 00 00 00 00 00 00 00
  can0  111   [8]  D2 0B 02 00 00 00 00 00
  can0  112   [8]  03 03 77 77 04 04 04 04
  can0  101   [8]  1B 69 00 00 00 00 00 11
  can0  113   [8]  1A 3B 0A 00 6F 54 0A 00
  can0  114   [8]  00 00 00 00 00 00 80 00
  can0  115   [8]  00 00 00 00 00 00 00 00
  can0  116   [8]  00 08 00 08 00 00 00 00
  can0  103   [8]  00 00 00 00 00 00 00 00
  can0  100   [8]  8D E3 64 9C 64 9C 77 33
  can0  102   [8]  00 00 00 00 FF 00 00 00
  can0  110   [8]  00 00 00 00 00 00 00 00
  can0  111   [8]  D2 0B 02 00 00 00 00 00
  can0  112   [8]  03 03 77 77 04 04 04 04
  can0  101   [8]  FC 6A 00 00 00 00 00 11
  can0  113   [8]  1A 3B 0A 00 74 54 0A 00
  can0  114   [8]  00 00 00 00 00 00 80 00
  can0  115   [8]  00 00 00 00 00 00 00 00
  can0  116   [8]  00 08 00 08 00 00 00 00
  can0  103   [8]  00 00 00 00 00 00 00 00
  can0  100   [8]  03 E4 64 9C 64 9C 77 33
  can0  102   [8]  00 00 00 00 FF 00 00 00
  can0  110   [8]  00 00 00 00 00 00 00 00
  can0  111   [8]  D3 0B 02 00 00 00 00 00
  can0  112   [8]  03 03 77 77 04 04 04 04
  can0  101   [8]  A1 6B 00 00 00 00 00 11
  can0  113   [8]  1F 3B 0A 00 79 54 0A 00
  can0  114   [8]  00 00 00 00 00 00 80 00
  can0  115   [8]  00 00 00 00 00 00 00 00
  can0  116   [8]  00 08 00 08 00 00 00 00
  can0  103   [8]  00 00 00 00 00 00 00 00
  can0  100   [8]  5E E5 64 9C 64 9C 77 33
  can0  102   [8]  00 00 00 00 FF 00 00 00
  can0  110   [8]  00 00 00 00 00 00 00 00
  can0  111   [8]  D4 0B 02 00 00 00 00 00
  can0  112   [8]  03 03 77 77 04 04 04 04
  can0  101   [8]  2F 6C 00 00 00 00 00 11
  can0  113   [8]  24 3B 0A 00 7E 54 0A 00
  can0  114   [8]  00 00 00 00 00 00 80 00
  can0  115   [8]  00 00 00 00 00 00 00 00
  can0  116   [8]  00 08 00 08 00 00 00 00
  can0  103   [8]  00 00 00 00 00 00 00 00
  can0  630   [1]  F0
  can0  100   [8]  B9 E6 64 9C 64 9C 77 33
  can0  102   [8]  00 00 00 00 FF 00 00 00
  can0  110   [8]  00 00 00 00 00 00 00 00
  can0  111   [8]  D5 0B 02 00 00 00 00 00
  can0  112   [8]  03 03 77 77 04 04 04 04
  can0  101   [8]  72 6D 00 00 00 00 00 11
  can0  113   [8]  29 3B 0A 00 83 54 0A 00
  can0  114   [8]  00 00 00 00 00 00 80 00
  can0  115   [8]  00 00 00 00 00 00 00 00
  can0  116   [8]  00 08 00 08 00 00 00 00
  can0  103   [8]  00 00 00 00 00 00 00 00
  can0  100   [8]  E4 E7 64 9C 64 9C 77 33
  can0  102   [8]  00 00 00 00 FF 00 00 00
  can0  110   [8]  00 00 00 00 00 00 00 00
  can0  111   [8]  D6 0B 02 00 00 00 00 00
  can0  112   [8]  03 03 77 77 04 04 04 04
  can0  101   [8]  95 6E 00 00 00 00 00 11
  can0  113   [8]  2E 3B 0A 00 88 54 0A 00
  can0  114   [8]  00 00 00 00 00 00 80 00
  can0  115   [8]  00 00 00 00 00 00 00 00
  can0  116   [8]  00 08 00 08 00 00 00 00
  can0  103   [8]  00 00 00 00 00 00 00 00
  can0  100   [8]  B8 E8 64 9C 64 9C 77 33
  can0  102   [8]  00 00 00 00 FF 00 00 00
  can0  110   [8]  00 00 00 00 00 00 00 00
  can0  111   [8]  D7 0B 02 00 00 00 00 00
  can0  112   [8]  03 03 77 77 04 04 04 04
  can0  101   [8]  C8 6F 00 00 00 00 00 11
  can0  113   [8]  33 3B 0A 00 8D 54 0A 00
  can0  114   [8]  00 00 00 00 00 00 80 00
  can0  115   [8]  00 00 00 00 00 00 00 00
  can0  116   [8]  00 08 00 08 00 00 00 00
  can0  103   [8]  00 00 00 00 00 00 00 00
  can0  620   [3]  02 00 01
  can0  621   [8]  00 00 00 00 00 00 00 00
  can0  622   [7]  00 00 00 00 00 00 00
  can0  623   [7]  00 00 00 00 00 00 00
  can0  624   [4]  00 00 00 00
  can0  625   [8]  E1 FA C7 42 E1 FA C7 42
  can0  626   [4]  E1 FA C7 42
  can0  627   [6]  00 00 00 00 00 00
  can0  100   [8]  E5 E9 64 9C 64 9C 77 33
  can0  102   [8]  00 00 00 00 FF 00 00 00
  can0  110   [8]  00 00 00 00 00 00 00 00
  can0  111   [8]  D8 0B 02 00 00 00 00 00
  can0  112   [8]  03 03 77 77 04 04 04 04
  can0  101   [8]  2D 70 00 00 00 00 00 11
  can0  103   [8]  00 00 00 00 00 00 00 00
  can0  113   [8]  38 3B 0A 00 92 54 0A 00
  can0  114   [8]  00 00 00 00 00 00 80 00
  can0  115   [8]  00 00 00 00 00 00 00 00
  can0  116   [8]  00 08 00 08 00 00 00 00
  can0  100   [8]  02 EA 64 9C 64 9C 77 33
  can0  102   [8]  00 00 00 00 FF 00 00 00
  can0  110   [8]  00 00 00 00 00 00 00 00
  can0  111   [8]  D9 0B 02 00 00 00 00 00
  can0  112   [8]  03 03 77 77 04 04 04 04
  can0  101   [8]  70 71 00 00 00 00 00 11
  can0  113   [8]  3D 3B 0A 00 97 54 0A 00
  can0  114   [8]  00 00 00 00 00 00 80 00
  can0  115   [8]  00 00 00 00 00 00 00 00
  can0  116   [8]  00 08 00 08 00 00 00 00
  can0  103   [8]  00 00 00 00 00 00 00 00
  can0  600   [8]  ED FF F0 FF FB 00 01 03
  can0  601   [6]  0D 00 FC FF 7E 01
  can0  610   [8]  F6 28 74 BF 29 5C 8F BC
  can0  611   [4]  29 5C 0F 3E
  can0  630   [1]  F0
  can0  100   [8]  5F EB 64 9C 64 9C 77 33
  can0  102   [8]  00 00 00 00 FF 00 00 00
  can0  110   [8]  00 00 00 00 00 00 00 00
  can0  111   [8]  DA 0B 02 00 00 00 00 00
  can0  112   [8]  03 03 77 77 04 04 04 04
  can0  101   [8]  97 72 00 00 00 00 00 11
  can0  103   [8]  00 00 00 00 00 00 00 00
  can0  113   [8]  42 3B 0A 00 9C 54 0A 00
  can0  114   [8]  00 00 00 00 00 00 80 00
  can0  115   [8]  00 00 00 00 00 00 00 00
  can0  116   [8]  00 08 00 08 00 00 00 00
  can0  100   [8]  D1 EC 64 9C 64 9C 77 33
  can0  102   [8]  00 00 00 00 FF 00 00 00
  can0  110   [8]  00 00 00 00 00 00 00 00
  can0  111   [8]  DB 0B 02 00 00 00 00 00
  can0  112   [8]  03 03 77 77 04 04 04 04
  can0  101   [8]  CA 73 00 00 00 00 00 11
  can0  113   [8]  47 3B 0A 00 A1 54 0A 00
  can0  114   [8]  00 00 00 00 00 00 80 00
  can0  115   [8]  00 00 00 00 00 00 00 00
  can0  116   [8]  00 08 00 08 00 00 00 00
  can0  103   [8]  00 00 00 00 00 00 00 00
  can0  100   [8]  8C ED 64 9C 64 9C 77 33
  can0  102   [8]  00 00 00 00 FF 00 00 00
  can0  110   [8]  00 00 00 00 00 00 00 00
  can0  111   [8]  DC 0B 02 00 00 00 00 00
  can0  112   [8]  03 03 77 77 04 04 04 04
  can0  101   [8]  44 74 00 00 00 00 00 11
  can0  113   [8]  4C 3B 0A 00 A6 54 0A 00
  can0  114   [8]  00 00 00 00 00 00 80 00
  can0  115   [8]  00 00 00 00 00 00 00 00
  can0  116   [8]  00 08 00 08 00 00 00 00
  can0  103   [8]  00 00 00 00 00 00 00 00
  can0  100   [8]  6B EE 64 9C 64 9C 77 33
  can0  102   [8]  00 00 00 00 FF 00 00 00
  can0  110   [8]  00 00 00 00 00 00 00 00
  can0  111   [8]  DD 0B 02 00 00 00 00 00
  can0  112   [8]  03 03 77 77 04 04 04 04
  can0  101   [8]  19 75 00 00 00 00 00 11
  can0  103   [8]  00 00 00 00 00 00 00 00
  can0  113   [8]  51 3B 0A 00 AB 54 0A 00
  can0  114   [8]  00 00 00 00 00 00 80 00
  can0  115   [8]  00 00 00 00 00 00 00 00
  can0  116   [8]  00 08 00 08 00 00 00 00
  can0  100   [8]  36 EF 64 9C 64 9C 77 33
  can0  102   [8]  00 00 00 00 FF 00 00 00
  can0  110   [8]  00 00 00 00 00 00 00 00
  can0  111   [8]  DE 0B 02 00 00 00 00 00
  can0  112   [8]  03 03 77 77 04 04 04 04
  can0  101   [8]  FE 76 00 00 00 00 00 11
  can0  113   [8]  56 3B 0A 00 B0 54 0A 00
  can0  114   [8]  00 00 00 00 00 00 80 00
  can0  115   [8]  00 00 00 00 00 00 00 00
  can0  116   [8]  00 08 00 08 00 00 00 00
  can0  103   [8]  00 00 00 00 00 00 00 00
  can0  630   [1]  F0
  can0  100   [8]  D3 F0 64 9C 64 9C 77 33
  can0  102   [8]  00 00 00 00 FF 00 00 00
  can0  110   [8]  00 00 00 00 00 00 00 00
  can0  111   [8]  DF 0B 02 00 00 00 00 00
  can0  112   [8]  03 03 77 77 04 04 04 04
  can0  101   [8]  A3 77 00 00 00 00 00 11
  can0  113   [8]  5B 3B 0A 00 B5 54 0A 00
  can0  114   [8]  00 00 00 00 00 00 80 00
  can0  115   [8]  00 00 00 00 00 00 00 00
  can0  116   [8]  00 08 00 08 00 00 00 00
  can0  103   [8]  00 00 00 00 00 00 00 00
  can0  100   [8]  8E F1 64 9C 64 9C 77 33
  can0  102   [8]  00 00 00 00 FF 00 00 00
  can0  110   [8]  00 00 00 00 00 00 00 00
  can0  111   [8]  E0 0B 02 00 00 00 00 00
  can0  112   [8]  03 03 77 77 04 04 04 04
  can0  101   [8]  FF 78 00 00 00 00 00 11
  can0  103   [8]  00 00 00 00 00 00 00 00
  can0  113   [8]  60 3B 0A 00 BA 54 0A 00
  can0  114   [8]  00 00 00 00 00 00 80 00
  can0  115   [8]  00 00 00 00 00 00 00 00
  can0  116   [8]  00 08 00 08 00 00 00 00
  can0  100   [8]  69 F2 64 9C 64 9C 77 33
  can0  102   [8]  00 00 00 00 FF 00 00 00
  can0  110   [8]  00 00 00 00 00 00 00 00
  can0  111   [8]  E1 0B 02 00 00 00 00 00
  can0  112   [8]  03 03 77 77 04 04 04 04
  can0  101   [8]  A2 79 00 00 00 00 00 11
  can0  113   [8]  65 3B 0A 00 BF 54 0A 00
  can0  114   [8]  00 00 00 00 00 00 80 00
  can0  115   [8]  00 00 00 00 00 00 00 00
  can0  116   [8]  00 08 00 08 00 00 00 00
  can0  103   [8]  00 00 00 00 00 00 00 00
  can0  100   [8]  34 F3 64 9C 64 9C 77 33
  can0  102   [8]  00 00 00 00 FF 00 00 00
  can0  110   [8]  00 00 00 00 00 00 00 00
  can0  111   [8]  E2 0B 02 00 00 00 00 00
  can0  112   [8]  03 03 77 77 04 04 04 04
  can0  101   [8]  45 7A 00 00 00 00 00 11
  can0  113   [8]  6A 3B 0A 00 C4 54 0A 00
  can0  114   [8]  00 00 00 00 00 00 80 00
  can0  115   [8]  00 00 00 00 00 00 00 00
  can0  116   [8]  00 08 00 08 00 00 00 00
  can0  103   [8]  00 00 00 00 00 00 00 00
  can0  100   [8]  BA F4 64 9C 64 9C 77 33
  can0  102   [8]  00 00 00 00 FF 00 00 00
  can0  110   [8]  00 00 00 00 00 00 00 00
  can0  111   [8]  E3 0B 02 00 00 00 00 00
  can0  112   [8]  03 03 77 77 04 04 04 04
  can0  101   [8]  18 7B 00 00 00 00 00 11
  can0  103   [8]  00 00 00 00 00 00 00 00
  can0  113   [8]  6F 3B 0A 00 C9 54 0A 00
  can0  114   [8]  00 00 00 00 00 00 80 00
  can0  115   [8]  00 00 00 00 00 00 00 00
  can0  116   [8]  00 08 00 08 00 00 00 00
  can0  610   [8]  F6 28 74 BF 29 5C 8F BC
  can0  611   [4]  29 5C 0F 3E
  can0  630   [1]  F0
  can0  100   [8]  E7 F5 64 9C 64 9C 77 33
  can0  102   [8]  00 00 00 00 FF 00 00 00
  can0  110   [8]  00 00 00 00 00 00 00 00
  can0  111   [8]  E4 0B 02 00 00 00 00 00
  can0  112   [8]  03 03 77 77 04 04 04 04
  can0  101   [8]  96 7C 00 00 00 00 00 11
  can0  103   [8]  00 00 00 00 00 00 00 00
  can0  113   [8]  74 3B 0A 00 CE 54 0A 00
  can0  114   [8]  00 00 00 00 00 00 80 00
  can0  115   [8]  00 00 00 00 00 00 00 00
  can0  116   [8]  00 08 00 08 00 00 00 00
  can0  100   [8]  00 F6 64 9C 64 9C 77 33
  can0  102   [8]  00 00 00 00 FF 00 00 00
  can0  110   [8]  00 00 00 00 00 00 00 00
  can0  111   [8]  E5 0B 02 00 00 00 00 00
  can0  112   [8]  03 03 77 77 04 04 04 04
  can0  101   [8]  CB 7D 00 00 00 00 00 11
  can0  113   [8]  79 3B 0A 00 D3 54 0A 00
  can0  114   [8]  00 00 00 00 00 00 80 00
  can0  115   [8]  00 00 00 00 00 00 00 00
  can0  116   [8]  00 08 00 08 00 00 00 00
  can0  402   [8]  02 00 17 15 FF 2C 00 10
  can0  103   [8]  00 00 00 00 00 00 00 00
  can0  403   [8]  02 01 2C 12 3C 34 00 00
  can0  405   [8]  03 01 00 00 00 00 00 00
  can0  404   [8]  03 00 00 00 00 00 00 00
  can0  100   [8]  5D F7 64 9C 64 9C 77 33
  can0  102   [8]  00 00 00 00 FF 00 00 00
  can0  110   [8]  00 00 00 00 00 00 00 00
  can0  111   [8]  E6 0B 02 00 00 00 00 00
  can0  112   [8]  03 03 77 77 04 04 04 04
  can0  101   [8]  2C 7E 00 00 00 00 00 11
  can0  113   [8]  7E 3B 0A 00 D8 54 0A 00
  can0  114   [8]  00 00 00 00 00 00 80 00
  can0  115   [8]  00 00 00 00 00 00 00 00
  can0  116   [8]  00 08 00 08 00 00 00 00
  can0  103   [8]  00 00 00 00 00 00 00 00
  can0  100   [8]  01 F8 64 9C 64 9C 77 33
  can0  102   [8]  00 00 00 00 FF 00 00 00
  can0  110   [8]  00 00 00 00 00 00 00 00
  can0  111   [8]  E7 0B 02 00 00 00 00 00
  can0  112   [8]  03 03 77 77 04 04 04 04
  can0  101   [8]  71 7F 00 00 00 00 00 11
  can0  103   [8]  00 00 00 00 00 00 00 00
  can0  113   [8]  83 3B 0A 00 DD 54 0A 00
  can0  114   [8]  00 00 00 00 00 00 80 00
  can0  115   [8]  00 00 00 00 00 00 00 00
  can0  116   [8]  00 08 00 08 00 00 00 00
  can0  100   [8]  5C F9 64 9C 64 9C 77 33
  can0  102   [8]  00 00 00 00 FF 00 00 00
  can0  110   [8]  00 00 00 00 00 00 00 00
  can0  111   [8]  E8 0B 02 00 00 00 00 00
  can0  112   [8]  03 03 77 77 04 04 04 04
  can0  113   [8]  88 3B 0A 00 E2 54 0A 00
  can0  114   [8]  00 00 00 00 00 00 80 00
  can0  115   [8]  00 00 00 00 00 00 00 00
  can0  116   [8]  00 08 00 08 00 00 00 00
  can0  101   [8]  84 80 00 00 00 00 00 11
  can0  103   [8]  00 00 00 00 00 00 00 00
  can0  600   [8]  EC FF F1 FF FB 00 02 03
  can0  601   [6]  15 00 F9 FF 86 01
  can0  630   [1]  F0
  can0  100   [8]  BB FA 64 9C 64 9C 77 33
  can0  102   [8]  00 00 00 00 FF 00 00 00
  can0  110   [8]  00 00 00 00 00 00 00 00
  can0  111   [8]  E9 0B 02 00 00 00 00 00
  can0  112   [8]  03 03 77 77 04 04 04 04
  can0  101   [8]  D9 81 00 00 00 00 00 11
  can0  113   [8]  8D 3B 0A 00 E7 54 0A 00
  can0  114   [8]  00 00 00 00 00 00 80 00
  can0  115   [8]  00 00 00 00 00 00 00 00
  can0  116   [8]  00 08 00 08 00 00 00 00
  can0  103   [8]  00 00 00 00 00 00 00 00
  can0  100   [8]  E6 FB 64 9C 64 9C 77 33
  can0  102   [8]  00 00 00 00 FF 00 00 00
  can0  110   [8]  00 00 00 00 00 00 00 00
  can0  111   [8]  EA 0B 02 00 00 00 00 00
  can0  112   [8]  03 03 77 77 04 04 04 04
  can0  101   [8]  3E 82 00 00 00 00 00 11
  can0  103   [8]  00 00 00 00 00 00 00 00
  can0  113   [8]  92 3B 0A 00 EC 54 0A 00
  can0  114   [8]  00 00 00 00 00 00 80 00
  can0  115   [8]  00 00 00 00 00 00 00 00
  can0  116   [8]  00 08 00 08 00 00 00 00
  can0  100   [8]  68 FC 64 9C 64 9C 77 33
  can0  102   [8]  00 00 00 00 FF 00 00 00
  can0  110   [8]  00 00 00 00 00 00 00 00
  can0  111   [8]  EB 0B 02 00 00 00 00 00
  can0  112   [8]  03 03 77 77 04 04 04 04
  can0  101   [8]  63 83 00 00 00 00 00 11
  can0  113   [8]  97 3B 0A 00 F1 54 0A 00
  can0  114   [8]  00 00 00 00 00 00 80 00
  can0  115   [8]  00 00 00 00 00 00 00 00
  can0  116   [8]  00 08 00 08 00 00 00 00
  can0  103   [8]  00 00 00 00 00 00 00 00
  can0  620   [3]  02 00 01
  can0  621   [8]  00 00 00 00 00 00 00 00
  can0  622   [7]  00 00 00 00 00 00 00
  can0  623   [7]  00 00 00 00 00 00 00
  can0  624   [4]  00 00 00 00
  can0  625   [8]  E1 FA C7 42 E1 FA C7 42
  can0  626   [4]  E1 FA C7 42
  can0  627   [6]  00 00 00 00 00 00
  can0  100   [8]  35 FD 64 9C 64 9C 77 33
  can0  102   [8]  00 00 00 00 FF 00 00 00
  can0  110   [8]  00 00 00 00 00 00 00 00
  can0  111   [8]  EC 0B 02 00 00 00 00 00
  can0  112   [8]  03 03 77 77 04 04 04 04
  can0  113   [8]  9C 3B 0A 00 F6 54 0A 00
  can0  114   [8]  00 00 00 00 00 00 80 00
  can0  115   [8]  00 00 00 00 00 00 00 00
  can0  116   [8]  00 08 00 08 00 00 00 00
  can0  101   [8]  ED 84 00 00 00 00 00 11
  can0  103   [8]  00 00 00 00 00 00 00 00
  can0  100   [8]  D2 FE 64 9C 64 9C 77 33
  can0  102   [8]  00 00 00 00 FF 00 00 00
  can0  110   [8]  00 00 00 00 00 00 00 00
  can0  111   [8]  ED 0B 02 00 00 00 00 00
  can0  112   [8]  03 03 77 77 04 04 04 04
  can0  101   [8]  B0 85 00 00 00 00 00 11
  can0  113   [8]  A1 3B 0A 00 FB 54 0A 00
  can0  114   [8]  00 00 00 00 00 00 80 00
  can0  115   [8]  00 00 00 00 00 00 00 00
  can0  116   [8]  00 08 00 08 00 00 00 00
  can0  103   [8]  00 00 00 00 00 00 00 00
  can0  610   [8]  85 EB 71 BF 52 B8 AE BE
  can0  611   [4]  29 5C 0F 3E
  can0  630   [1]  F0
  can0  100   [8]  8F FF 64 9C 64 9C 77 33
  can0  102   [8]  00 00 00 00 FF 00 00 00
  can0  110   [8]  00 00 00 00 00 00 00 00
  can0  111   [8]  EE 0B 02 00 00 00 00 00
  can0  112   [8]  03 03 77 77 04 04 04 04
  can0  101   [8]  57 86 00 00 00 00 00 11
  can0  103   [8]  00 00 00 00 00 00 00 00
  can0  113   [8]  A6 3B 0A 00 00 55 0A 00
  can0  114   [8]  00 00 00 00 00 00 80 00
  can0  115   [8]  00 00 00 00 00 00 00 00
  can0  116   [8]  00 08 00 08 00 00 00 00
  can0  100   [8]  7A 00 64 9C 64 9C 77 33
  can0  102   [8]  00 00 00 00 FF 00 00 00
  can0  110   [8]  00 00 00 00 00 00 00 00
  can0  111   [8]  EF 0B 02 00 00 00 00 00
  can0  112   [8]  03 03 77 77 04 04 04 04
  can0  101   [8]  0A 87 00 00 00 00 00 11
  can0  113   [8]  AB 3B 0A 00 05 55 0A 00
  can0  114   [8]  00 00 00 00 00 00 80 00
  can0  115   [8]  00 00 00 00 00 00 00 00
  can0  116   [8]  00 08 00 08 00 00 00 00
  can0  103   [8]  00 00 00 00 00 00 00 00
  can0  100   [8]  27 01 64 9C 64 9C 77 33
  can0  102   [8]  00 00 00 00 FF 00 00 00
  can0  110   [8]  00 00 00 00 00 00 00 00
  can0  111   [8]  F0 0B 02 00 00 00 00 00
  can0  112   [8]  03 03 77 77 04 04 04 04
  can0  101   [8]  56 88 00 00 00 00 00 11
  can0  113   [8]  B0 3B 0A 00 0A 55 0A 00
  can0  114   [8]  00 00 00 00 00 00 80 00
  can0  115   [8]  00 00 00 00 00 00 00 00
  can0  116   [8]  00 08 00 08 00 00 00 00
  can0  103   [8]  00 00 00 00 00 00 00 00
  can0  100   [8]  C0 02 64 9C 64 9C 77 33
  can0  102   [8]  00 00 00 00 FF 00 00 00
  can0  110   [8]  00 00 00 00 00 00 00 00
  can0  111   [8]  F1 0B 02 00 00 00 00 00
  can0  112   [8]  03 03 77 77 04 04 04 04
  can0  101   [8]  0B 89 00 00 00 00 00 11
  can0  113   [8]  B5 3B 0A 00 0F 55 0A 00
  can0  114   [8]  00 00 00 00 00 00 80 00
  can0  115   [8]  00 00 00 00 00 00 00 00
  can0  116   [8]  00 08 00 08 00 00 00 00
  can0  103   [8]  00 00 00 00 00 00 00 00
  can0  100   [8]  9D 03 64 9C 64 9C 77 33
  can0  102   [8]  00 00 00 00 FF 00 00 00
  can0  110   [8]  00 00 00 00 00 00 00 00
  can0  111   [8]  F2 0B 02 00 00 00 00 00
  can0  112   [8]  03 03 77 77 04 04 04 04
  can0  101   [8]  EC 8A 00 00 00 00 00 11
  can0  113   [8]  BA 3B 0A 00 14 55 0A 00
  can0  114   [8]  00 00 00 00 00 00 80 00
  can0  115   [8]  00 00 00 00 00 00 00 00
  can0  116   [8]  00 08 00 08 00 00 00 00
  can0  103   [8]  00 00 00 00 00 00 00 00
  can0  630   [1]  F0
  can0  100   [8]  13 04 64 9C 64 9C 77 33
  can0  102   [8]  00 00 00 00 FF 00 00 00
  can0  110   [8]  00 00 00 00 00 00 00 00
  can0  111   [8]  F3 0B 02 00 00 00 00 00
  can0  112   [8]  03 03 77 77 04 04 04 04
  can0  101   [8]  B1 8B 00 00 00 00 00 11
  can0  103   [8]  00 00 00 00 00 00 00 00
  can0  113   [8]  BF 3B 0A 00 19 55 0A 00
  can0  114   [8]  00 00 00 00 00 00 80 00
  can0  115   [8]  00 00 00 00 00 00 00 00
  can0  116   [8]  00 08 00 08 00 00 00 00
  can0  100   [8]  4E 05 64 9C 64 9C 77 33
  can0  102   [8]  00 00 00 00 FF 00 00 00
  can0  110   [8]  00 00 00 00 00 00 00 00
  can0  111   [8]  F4 0B 02 00 00 00 00 00
  can0  112   [8]  03 03 77 77 04 04 04 04
  can0  101   [8]  3F 8C 00 00 00 00 00 11
  can0  103   [8]  00 00 00 00 00 00 00 00
  can0  113   [8]  C4 3B 0A 00 1E 55 0A 00
  can0  114   [8]  00 00 00 00 00 00 80 00
  can0  115   [8]  00 00 00 00 00 00 00 00
  can0  116   [8]  00 08 00 08 00 00 00 00
  can0  100   [8]  A9 06 64 9C 64 9C 77 33
  can0  102   [8]  00 00 00 00 FF 00 00 00
  can0  110   [8]  00 00 00 00 00 00 00 00
  can0  111   [8]  F5 0B 02 00 00 00 00 00
  can0  112   [8]  03 03 77 77 04 04 04 04
  can0  101   [8]  62 8D 00 00 00 00 00 11
  can0  103   [8]  00 00 00 00 00 00 00 00
  can0  113   [8]  C9 3B 0A 00 23 55 0A 00
  can0  114   [8]  00 00 00 00 00 00 80 00
  can0  115   [8]  00 00 00 00 00 00 00 00
  can0  116   [8]  00 08 00 08 00 00 00 00
  can0  100   [8]  F4 07 64 9C 64 9C 77 33
  can0  102   [8]  00 00 00 00 FF 00 00 00
  can0  110   [8]  00 00 00 00 00 00 00 00
  can0  111   [8]  F6 0B 02 00 00 00 00 00
  can0  112   [8]  03 03 77 77 04 04 04 04
  can0  101   [8]  85 8E 00 00 00 00 00 11
  can0  103   [8]  00 00 00 00 00 00 00 00
  can0  113   [8]  CE 3B 0A 00 28 55 0A 00
  can0  114   [8]  00 00 00 00 00 00 80 00
  can0  115   [8]  00 00 00 00 00 00 00 00
  can0  116   [8]  00 08 00 08 00 00 00 00
  can0  100   [8]  A8 08 64 9C 64 9C 77 33
  can0  102   [8]  00 00 00 00 FF 00 00 00
  can0  110   [8]  00 00 00 00 00 00 00 00
  can0  111   [8]  F7 0B 02 00 00 00 00 00
  can0  112   [8]  03 03 77 77 04 04 04 04
  can0  101   [8]  D8 8F 00 00 00 00 00 11
  can0  103   [8]  00 00 00 00 00 00 00 00
  can0  113   [8]  D3 3B 0A 00 2D 55 0A 00
  can0  114   [8]  00 00 00 00 00 00 80 00
  can0  115   [8]  00 00 00 00 00 00 00 00
  can0  116   [8]  00 08 00 08 00 00 00 00
  can0  600   [8]  EE FF F1 FF FA 00 02 03
  can0  601   [6]  14 00 F8 FF 81 01
  can0  610   [8]  85 EB 71 BF 52 B8 AE BE
  can0  611   [4]  29 5C 0F 3E
  can0  630   [1]  F0
  can0  100   [8]  F5 09 64 9C 64 9C 77 33
  can0  102   [8]  00 00 00 00 FF 00 00 00
  can0  110   [8]  00 00 00 00 00 00 00 00
  can0  111   [8]  F8 0B 02 00 00 00 00 00
  can0  112   [8]  03 03 77 77 04 04 04 04
  can0  101   [8]  3D 90 00 00 00 00 00 11
  can0  103   [8]  00 00 00 00 00 00 00 00
  can0  113   [8]  D8 3B 0A 00 32 55 0A 00
  can0  114   [8]  00 00 00 00 00 00 80 00
  can0  115   [8]  00 00 00 00 00 00 00 00
  can0  116   [8]  00 08 00 08 00 00 00 00
  can0  100   [8]  12 0A 64 9C 64 9C 77 33
  can0  102   [8]  00 00 00 00 FF 00 00 00
  can0  110   [8]  00 00 00 00 00 00 00 00
  can0  111   [8]  F9 0B 02 00 00 00 00 00
  can0  112   [8]  03 03 77 77 04 04 04 04
  can0  101   [8]  60 91 00 00 00 00 00 11
  can0  103   [8]  00 00 00 00 00 00 00 00
  can0  113   [8]  DD 3B 0A 00 37 55 0A 00
  can0  114   [8]  00 00 00 00 00 00 80 00
  can0  115   [8]  00 00 00 00 00 00 00 00
  can0  116   [8]  00 08 00 08 00 00 00 00
  can0  100   [8]  4F 0B 64 9C 64 9C 77 33
  can0  102   [8]  00 00 00 00 FF 00 00 00
  can0  110   [8]  00 00 00 00 00 00 00 00
  can0  111   [8]  FA 0B 02 00 00 00 00 00
  can0  112   [8]  03 03 77 77 04 04 04 04
  can0  101   [8]  87 92 00 00 00 00 00 11
  can0  103   [8]  00 00 00 00 00 00 00 00
  can0  113   [8]  E2 3B 0A 00 3C 55 0A 00
  can0  114   [8]  00 00 00 00 00 00 80 00
  can0  115   [8]  00 00 00 00 00 00 00 00
  can0  116   [8]  00 08 00 08 00 00 00 00
  can0  100   [8]  C1 0C 64 9C 64 9C 77 33
  can0  102   [8]  00 00 00 00 FF 00 00 00
  can0  110   [8]  00 00 00 00 00 00 00 00
  can0  111   [8]  FB 0B 02 00 00 00 00 00
  can0  112   [8]  03 03 77 77 04 04 04 04
  can0  101   [8]  DA 93 00 00 00 00 00 11
  can0  103   [8]  00 00 00 00 00 00 00 00
  can0  113   [8]  E7 3B 0A 00 41 55 0A 00
  can0  114   [8]  00 00 00 00 00 00 80 00
  can0  115   [8]  00 00 00 00 00 00 00 00
  can0  116   [8]  00 08 00 08 00 00 00 00
  can0  100   [8]  9C 0D 64 9C 64 9C 77 33
  can0  102   [8]  00 00 00 00 FF 00 00 00
  can0  110   [8]  00 00 00 00 00 00 00 00
  can0  111   [8]  FC 0B 02 00 00 00 00 00
  can0  112   [8]  03 03 77 77 04 04 04 04
  can0  101   [8]  54 94 00 00 00 00 00 11
  can0  103   [8]  00 00 00 00 00 00 00 00
  can0  113   [8]  EC 3B 0A 00 46 55 0A 00
  can0  114   [8]  00 00 00 00 00 00 80 00
  can0  115   [8]  00 00 00 00 00 00 00 00
  can0  116   [8]  00 08 00 08 00 00 00 00
  can0  630   [1]  F0
  can0  100   [8]  7B 0E 64 9C 64 9C 77 33
  can0  102   [8]  00 00 00 00 FF 00 00 00
  can0  110   [8]  00 00 00 00 00 00 00 00
  can0  111   [8]  FD 0B 02 00 00 00 00 00
  can0  112   [8]  03 03 77 77 04 04 04 04
  can0  101   [8]  09 95 00 00 00 00 00 11
  can0  103   [8]  00 00 00 00 00 00 00 00
  can0  113   [8]  F1 3B 0A 00 4B 55 0A 00
  can0  114   [8]  00 00 00 00 00 00 80 00
  can0  115   [8]  00 00 00 00 00 00 00 00
  can0  116   [8]  00 08 00 08 00 00 00 00
  can0  100   [8]  26 0F 64 9C 64 9C 77 33
  can0  102   [8]  00 00 00 00 FF 00 00 00
  can0  110   [8]  00 00 00 00 00 00 00 00
  can0  111   [8]  FE 0B 02 00 00 00 00 00
  can0  112   [8]  03 03 77 77 04 04 04 04
  can0  101   [8]  EE 96 00 00 00 00 00 11
  can0  103   [8]  00 00 00 00 00 00 00 00
  can0  113   [8]  F6 3B 0A 00 50 55 0A 00
  can0  114   [8]  00 00 00 00 00 00 80 00
  can0  115   [8]  00 00 00 00 00 00 00 00
  can0  116   [8]  00 08 00 08 00 00 00 00
  can0  100   [8]  C3 10 64 9C 64 9C 77 33
  can0  102   [8]  00 00 00 00 FF 00 00 00
  can0  110   [8]  00 00 00 00 00 00 00 00
  can0  111   [8]  FF 0B 02 00 00 00 00 00
  can0  112   [8]  03 03 77 77 04 04 04 04
  can0  101   [8]  B3 97 00 00 00 00 00 11
  can0  103   [8]  00 00 00 00 00 00 00 00
  can0  113   [8]  FB 3B 0A 00 55 55 0A 00
  can0  114   [8]  00 00 00 00 00 00 80 00
  can0  115   [8]  00 00 00 00 00 00 00 00
  can0  116   [8]  00 08 00 08 00 00 00 00
  can0  620   [3]  02 00 01
  can0  621   [8]  00 00 00 00 00 00 00 00
  can0  622   [7]  00 00 00 00 00 00 00
  can0  623   [7]  00 00 00 00 00 00 00
  can0  624   [4]  00 00 00 00
  can0  625   [8]  E1 FA C7 42 E1 FA C7 42
  can0  626   [4]  E1 FA C7 42
  can0  627   [6]  00 00 00 00 00 00
  can0  100   [8]  9E 11 64 9C 64 9C 77 33
  can0  102   [8]  00 00 00 00 FF 00 00 00
  can0  110   [8]  00 00 00 00 00 00 00 00
  can0  111   [8]  00 0C 02 00 00 00 00 00
  can0  112   [8]  03 03 77 77 04 04 04 04
  can0  101   [8]  EF 98 00 00 00 00 00 11
  can0  103   [8]  00 00 00 00 00 00 00 00
  can0  113   [8]  00 3C 0A 00 5A 55 0A 00
  can0  114   [8]  00 00 00 00 00 00 80 00
  can0  115   [8]  00 00 00 00 00 00 00 00
  can0  116   [8]  00 08 00 08 00 00 00 00
  can0  100   [8]  79 12 64 9C 64 9C 77 33
  can0  102   [8]  00 00 00 00 FF 00 00 00
  can0  110   [8]  00 00 00 00 00 00 00 00
  can0  111   [8]  01 0C 02 00 00 00 00 00
  can0  112   [8]  03 03 77 77 04 04 04 04
  can0  101   [8]  B2 99 00 00 00 00 00 11
  can0  103   [8]  00 00 00 00 00 00 00 00
  can0  113   [8]  05 3C 0A 00 5F 55 0A 00
  can0  114   [8]  00 00 00 00 00 00 80 00
  can0  115   [8]  00 00 00 00 00 00 00 00
  can0  116   [8]  00 08 00 08 00 00 00 00
  can0  610   [8]  D7 A3 C0 BE 29 5C 8F 3D
  can0  611   [4]  C3 F5 30 3F
  can0  630   [1]  F0
  can0  100   [8]  24 13 64 9C 64 9C 77 33
  can0  102   [8]  00 00 00 00 FF 00 00 00
  can0  110   [8]  00 00 00 00 00 00 00 00
  can0  111   [8]  02 0C 02 00 00 00 00 00
  can0  112   [8]  03 03 77 77 04 04 04 04
  can0  101   [8]  55 9A 00 00 00 00 00 11
  can0  103   [8]  00 00 00 00 00 00 00 00
  can0  113   [8]  0A 3C 0A 00 64 55 0A 00
  can0  114   [8]  00 00 00 00 00 00 80 00
  can0  115   [8]  00 00 00 00 00 00 00 00
  can0  116   [8]  00 08 00 08 00 00 00 00
  can0  100   [8]  AA 14 64 9C 64 9C 77 33
  can0  102   [8]  00 00 00 00 FF 00 00 00
  can0  110   [8]  00 00 00 00 00 00 00 00
  can0  111   [8]  03 0C 02 00 00 00 00 00
  can0  112   [8]  03 03 77 77 04 04 04 04
  can0  101   [8]  08 9B 00 00 00 00 00 11
  can0  103   [8]  00 00 00 00 00 00 00 00
  can0  113   [8]  0F 3C 0A 00 69 55 0A 00
  can0  114   [8]  00 00 00 00 00 00 80 00
  can0  115   [8]  00 00 00 00 00 00 00 00
  can0  116   [8]  00 08 00 08 00 00 00 00
  can0  100   [8]  F7 15 64 9C 64 9C 77 33
  can0  102   [8]  00 00 00 00 FF 00 00 00
  can0  110   [8]  00 00 00 00 00 00 00 00
  can0  111   [8]  04 0C 02 00 00 00 00 00
  can0  112   [8]  03 03 77 77 04 04 04 04
  can0  101   [8]  86 9C 00 00 00 00 00 11
  can0  103   [8]  00 00 00 00 00 00 00 00
  can0  113   [8]  14 3C 0A 00 6E 55 0A 00
  can0  114   [8]  00 00 00 00 00 00 80 00
  can0  115   [8]  00 00 00 00 00 00 00 00
  can0  116   [8]  00 08 00 08 00 00 00 00
  can0  100   [8]  10 16 64 9C 64 9C 77 33
  can0  102   [8]  00 00 00 00 FF 00 00 00
  can0  110   [8]  00 00 00 00 00 00 00 00
  can0  111   [8]  05 0C 02 00 00 00 00 00
  can0  112   [8]  03 03 77 77 04 04 04 04
  can0  101   [8]  DB 9D 00 00 00 00 00 11
  can0  103   [8]  00 00 00 00 00 00 00 00
  can0  113   [8]  19 3C 0A 00 73 55 0A 00
  can0  114   [8]  00 00 00 00 00 00 80 00
  can0  115   [8]  00 00 00 00 00 00 00 00
  can0  116   [8]  00 08 00 08 00 00 00 00
  can0  100   [8]  4D 17 64 9C 64 9C 77 33
  can0  102   [8]  00 00 00 00 FF 00 00 00
  can0  110   [8]  00 00 00 00 00 00 00 00
  can0  111   [8]  06 0C 02 00 00 00 00 00
  can0  112   [8]  03 03 77 77 04 04 04 04
  can0  101   [8]  3C 9E 00 00 00 00 00 11
  can0  103   [8]  00 00 00 00 00 00 00 00
  can0  113   [8]  1E 3C 0A 00 78 55 0A 00
  can0  114   [8]  00 00 00 00 00 00 80 00
  can0  115   [8]  00 00 00 00 00 00 00 00
  can0  116   [8]  00 08 00 08 00 00 00 00
  can0  600   [8]  ED FF EF FF FB 00 01 03
  can0  601   [6]  14 00 F8 FF 81 01
  can0  630   [1]  F0
  can0  100   [8]  11 18 64 9C 64 9C 77 33
  can0  102   [8]  00 00 00 00 FF 00 00 00
  can0  110   [8]  00 00 00 00 00 00 00 00
  can0  111   [8]  07 0C 02 00 00 00 00 00
  can0  112   [8]  03 03 77 77 04 04 04 04
  can0  101   [8]  61 9F 00 00 00 00 00 11
  can0  103   [8]  00 00 00 00 00 00 00 00
  can0  113   [8]  23 3C 0A 00 7D 55 0A 00
  can0  114   [8]  00 00 00 00 00 00 80 00
  can0  115   [8]  00 00 00 00 00 00 00 00
  can0  116   [8]  00 08 00 08 00 00 00 00
  can0  100   [8]  4C 19 64 9C 64 9C 77 33
  can0  102   [8]  00 00 00 00 FF 00 00 00
  can0  110   [8]  00 00 00 00 00 00 00 00
  can0  111   [8]  08 0C 02 00 00 00 00 00
  can0  112   [8]  03 03 77 77 04 04 04 04
  can0  101   [8]  EB A0 00 00 00 00 00 11
  can0  103   [8]  00 00 00 00 00 00 00 00
  can0  113   [8]  28 3C 0A 00 82 55 0A 00
  can0  114   [8]  00 00 00 00 00 00 80 00
  can0  115   [8]  00 00 00 00 00 00 00 00
  can0  116   [8]  00 08 00 08 00 00 00 00
  can0  100   [8]  AB 1A 64 9C 64 9C 77 33
  can0  102   [8]  00 00 00 00 FF 00 00 00
  can0  110   [8]  00 00 00 00 00 00 00 00
  can0  111   [8]  09 0C 02 00 00 00 00 00
  can0  112   [8]  03 03 77 77 04 04 04 04
  can0  101   [8]  B6 A1 00 00 00 00 00 11
  can0  103   [8]  00 00 00 00 00 00 00 00
  can0  113   [8]  2D 3C 0A 00 87 55 0A 00
  can0  114   [8]  00 00 00 00 00 00 80 00
  can0  115   [8]  00 00 00 00 00 00 00 00
  can0  116   [8]  00 08 00 08 00 00 00 00
  can0  100   [8]  F6 1B 64 9C 64 9C 77 33
  can0  102   [8]  00 00 00 00 FF 00 00 00
  can0  110   [8]  00 00 00 00 00 00 00 00
  can0  111   [8]  0A 0C 02 00 00 00 00 00
  can0  112   [8]  03 03 77 77 04 04 04 04
  can0  101   [8]  51 A2 00 00 00 00 00 11
  can0  103   [8]  00 00 00 00 00 00 00 00
  can0  113   [8]  32 3C 0A 00 8C 55 0A 00
  can0  114   [8]  00 00 00 00 00 00 80 00
  can0  115   [8]  00 00 00 00 00 00 00 00
  can0  116   [8]  00 08 00 08 00 00 00 00
  can0  100   [8]  78 1C 64 9C 64 9C 77 33
  can0  102   [8]  00 00 00 00 FF 00 00 00
  can0  110   [8]  00 00 00 00 00 00 00 00
  can0  111   [8]  0B 0C 02 00 00 00 00 00
  can0  112   [8]  03 03 77 77 04 04 04 04
  can0  101   [8]  0C A3 00 00 00 00 00 11
  can0  103   [8]  00 00 00 00 00 00 00 00
  can0  113   [8]  37 3C 0A 00 91 55 0A 00
  can0  114   [8]  00 00 00 00 00 00 80 00
  can0  115   [8]  00 00 00 00 00 00 00 00
  can0  116   [8]  00 08 00 08 00 00 00 00
  can0  610   [8]  D7 A3 C0 BE 29 5C 8F 3D
  can0  611   [4]  C3 F5 30 3F
  can0  630   [1]  F0
  can0  100   [8]  25 1D 64 9C 64 9C 77 33
  can0  102   [8]  00 00 00 00 FF 00 00 00
  can0  110   [8]  00 00 00 00 00 00 00 00
  can0  111   [8]  0C 0C 02 00 00 00 00 00
  can0  112   [8]  03 03 77 77 04 04 04 04
  can0  101   [8]  82 A4 00 00 00 00 00 11
  can0  103   [8]  00 00 00 00 00 00 00 00
  can0  113   [8]  3C 3C 0A 00 96 55 0A 00
  can0  114   [8]  00 00 00 00 00 00 80 00
  can0  115   [8]  00 00 00 00 00 00 00 00
  can0  116   [8]  00 08 00 08 00 00 00 00
  can0  100   [8]  C2 1E 64 9C 64 9C 77 33
  can0  102   [8]  00 00 00 00 FF 00 00 00
  can0  110   [8]  00 00 00 00 00 00 00 00
  can0  111   [8]  0D 0C 02 00 00 00 00 00
  can0  112   [8]  03 03 77 77 04 04 04 04
  can0  101   [8]  DF A5 00 00 00 00 00 11
  can0  103   [8]  00 00 00 00 00 00 00 00
  can0  113   [8]  41 3C 0A 00 9B 55 0A 00
  can0  114   [8]  00 00 00 00 00 00 80 00
  can0  115   [8]  00 00 00 00 00 00 00 00
  can0  116   [8]  00 08 00 08 00 00 00 00
  can0  402   [8]  02 00 17 15 FF 2C 00 10
  can0  403   [8]  02 01 2C 12 3C 34 00 00
  can0  405   [8]  03 01 00 00 00 00 00 00
  can0  404   [8]  03 00 00 00 00 00 00 00
  can0  100   [8]  9F 1F 64 9C 64 9C 77 33
  can0  102   [8]  00 00 00 00 FF 00 00 00
  can0  110   [8]  00 00 00 00 00 00 00 00
  can0  111   [8]  0D 0C 02 00 00 00 00 00
  can0  112   [8]  03 03 77 77 04 04 04 04
  can0  101   [8]  38 A6 00 00 00 00 00 11
  can0  103   [8]  00 00 00 00 00 00 00 00
  can0  113   [8]  41 3C 0A 00 A0 55 0A 00
  can0  114   [8]  00 00 00 00 00 00 80 00
  can0  115   [8]  00 00 00 00 00 00 00 00
  can0  116   [8]  00 08 00 08 00 00 00 00
  can0  100   [8]  15 20 64 9C 64 9C 77 33
  can0  102   [8]  00 00 00 00 FF 00 00 00
  can0  110   [8]  00 00 00 00 00 00 00 00
  can0  111   [8]  0E 0C 02 00 00 00 00 00
  can0  112   [8]  03 03 77 77 04 04 04 04
  can0  101   [8]  65 A7 00 00 00 00 00 11
  can0  103   [8]  00 00 00 00 00 00 00 00
  can0  113   [8]  46 3C 0A 00 A5 55 0A 00
  can0  114   [8]  00 00 00 00 00 00 80 00
  can0  115   [8]  00 00 00 00 00 00 00 00
  can0  116   [8]  00 08 00 08 00 00 00 00
  can0  100   [8]  48 21 64 9C 64 9C 77 33
  can0  102   [8]  00 00 00 00 FF 00 00 00
  can0  110   [8]  00 00 00 00 00 00 00 00
  can0  111   [8]  0F 0C 02 00 00 00 00 00
  can0  112   [8]  03 03 77 77 04 04 04 04
  can0  101   [8]  39 A8 00 00 00 00 00 11
  can0  103   [8]  00 00 00 00 00 00 00 00
  can0  113   [8]  4B 3C 0A 00 AA 55 0A 00
  can0  114   [8]  00 00 00 00 00 00 80 00
  can0  115   [8]  00 00 00 00 00 00 00 00
  can0  116   [8]  00 08 00 08 00 00 00 00
  can0  630   [1]  F0
  can0  100   [8]  AF 22 64 9C 64 9C 77 33
  can0  102   [8]  00 00 00 00 FF 00 00 00
  can0  110   [8]  00 00 00 00 00 00 00 00
  can0  111   [8]  10 0C 02 00 00 00 00 00
  can0  112   [8]  03 03 77 77 04 04 04 04
  can0  101   [8]  64 A9 00 00 00 00 00 11
  can0  103   [8]  00 00 00 00 00 00 00 00
  can0  113   [8]  50 3C 0A 00 AF 55 0A 00
  can0  114   [8]  00 00 00 00 00 00 80 00
  can0  115   [8]  00 00 00 00 00 00 00 00
  can0  116   [8]  00 08 00 08 00 00 00 00
  can0  100   [8]  F2 23 64 9C 64 9C 77 33
  can0  102   [8]  00 00 00 00 FF 00 00 00
  can0  110   [8]  00 00 00 00 00 00 00 00
  can0  111   [8]  11 0C 02 00 00 00 00 00
  can0  112   [8]  03 03 77 77 04 04 04 04
  can0  101   [8]  83 AA 00 00 00 00 00 11
  can0  103   [8]  00 00 00 00 00 00 00 00
  can0  113   [8]  55 3C 0A 00 B4 55 0A 00
  can0  114   [8]  00 00 00 00 00 00 80 00
  can0  115   [8]  00 00 00 00 00 00 00 00
  can0  116   [8]  00 08 00 08 00 00 00 00
  can0  100   [8]  7C 24 64 9C 64 9C 77 33
  can0  102   [8]  00 00 00 00 FF 00 00 00
  can0  110   [8]  00 00 00 00 00 00 00 00
  can0  111   [8]  12 0C 02 00 00 00 00 00
  can0  112   [8]  03 03 77 77 04 04 04 04
  can0  101   [8]  DE AB 00 00 00 00 00 11
  can0  103   [8]  00 00 00 00 00 00 00 00
  can0  113   [8]  5A 3C 0A 00 B9 55 0A 00
  can0  114   [8]  00 00 00 00 00 00 80 00
  can0  115   [8]  00 00 00 00 00 00 00 00
  can0  116   [8]  00 08 00 08 00 00 00 00
  can0  620   [3]  02 00 01
  can0  621   [8]  00 00 00 00 00 00 00 00
  can0  622   [7]  00 00 00 00 00 00 00
  can0  623   [7]  00 00 00 00 00 00 00
  can0  624   [4]  00 00 00 00
  can0  625   [8]  E1 FA C7 42 E1 FA C7 42
  can0  626   [4]  E1 FA C7 42
  can0  627   [6]  00 00 00 00 00 00
  can0  100   [8]  21 25 64 9C 64 9C 77 33
  can0  102   [8]  00 00 00 00 FF 00 00 00
  can0  110   [8]  00 00 00 00 00 00 00 00
  can0  111   [8]  13 0C 02 00 00 00 00 00
  can0  112   [8]  03 03 77 77 04 04 04 04
  can0  101   [8]  50 AC 00 00 00 00 00 11
  can0  103   [8]  00 00 00 00 00 00 00 00
  can0  113   [8]  5F 3C 0A 00 BE 55 0A 00
  can0  114   [8]  00 00 00 00 00 00 80 00
  can0  115   [8]  00 00 00 00 00 00 00 00
  can0  116   [8]  00 08 00 08 00 00 00 00
  can0  640   [8]  30 21 07 06 13 07 19 00
  can0  100   [8]  C6 26 64 9C 64 9C 77 33
  can0  102   [8]  00 00 00 00 FF 00 00 00
  can0  110   [8]  00 00 00 00 00 00 00 00
  can0  111   [8]  14 0C 02 00 00 00 00 00
  can0  112   [8]  03 03 77 77 04 04 04 04
  can0  101   [8]  0D AD 00 00 00 00 00 11
  can0  103   [8]  00 00 00 00 00 00 00 00
  can0  113   [8]  64 3C 0A 00 C3 55 0A 00
  can0  114   [8]  00 00 00 00 00 00 80 00
  can0  115   [8]  00 00 00 00 00 00 00 00
  can0  116   [8]  00 08 00 08 00 00 00 00
  can0  600   [8]  EE FF F0 FF FB 00 02 03
  can0  601   [6]  0C 00 FA FF 7F 01
  can0  610   [8]  7B 14 4E BF AE 47 21 BE
  can0  611   [4]  A4 70 ED 3E
  can0  630   [1]  F0
  can0  100   [8]  9B 27 64 9C 64 9C 77 33
  can0  102   [8]  00 00 00 00 FF 00 00 00
  can0  110   [8]  00 00 00 00 00 00 00 00
  can0  111   [8]  15 0C 02 00 00 00 00 00
  can0  112   [8]  03 03 77 77 04 04 04 04
  can0  101   [8]  EA AE 00 00 00 00 00 11
  can0  103   [8]  00 00 00 00 00 00 00 00
  can0  113   [8]  69 3C 0A 00 C8 55 0A 00
  can0  114   [8]  00 00 00 00 00 00 80 00
  can0  115   [8]  00 00 00 00 00 00 00 00
  can0  116   [8]  00 08 00 08 00 00 00 00
  can0  100   [8]  C7 28 64 9C 64 9C 77 33
  can0  102   [8]  00 00 00 00 FF 00 00 00
  can0  110   [8]  00 00 00 00 00 00 00 00
  can0  111   [8]  16 0C 02 00 00 00 00 00
  can0  112   [8]  03 03 77 77 04 04 04 04
  can0  101   [8]  B7 AF 00 00 00 00 00 11
  can0  103   [8]  00 00 00 00 00 00 00 00
  can0  113   [8]  6E 3C 0A 00 CD 55 0A 00
  can0  114   [8]  00 00 00 00 00 00 80 00
  can0  115   [8]  00 00 00 00 00 00 00 00
  can0  116   [8]  00 08 00 08 00 00 00 00
  can0  100   [8]  9A 29 64 9C 64 9C 77 33
  can0  102   [8]  00 00 00 00 FF 00 00 00
  can0  110   [8]  00 00 00 00 00 00 00 00
  can0  111   [8]  17 0C 02 00 00 00 00 00
  can0  112   [8]  03 03 77 77 04 04 04 04
  can0  101   [8]  52 B0 00 00 00 00 00 11
  can0  103   [8]  00 00 00 00 00 00 00 00
  can0  113   [8]  73 3C 0A 00 D2 55 0A 00
  can0  114   [8]  00 00 00 00 00 00 80 00
  can0  115   [8]  00 00 00 00 00 00 00 00
  can0  116   [8]  00 08 00 08 00 00 00 00
  can0  100   [8]  7D 2A 64 9C 64 9C 77 33
  can0  102   [8]  00 00 00 00 FF 00 00 00
  can0  110   [8]  00 00 00 00 00 00 00 00
  can0  111   [8]  18 0C 02 00 00 00 00 00
  can0  112   [8]  03 03 77 77 04 04 04 04
  can0  101   [8]  0F B1 00 00 00 00 00 11
  can0  103   [8]  00 00 00 00 00 00 00 00
  can0  113   [8]  78 3C 0A 00 D7 55 0A 00
  can0  114   [8]  00 00 00 00 00 00 80 00
  can0  115   [8]  00 00 00 00 00 00 00 00
  can0  116   [8]  00 08 00 08 00 00 00 00
  can0  100   [8]  20 2B 64 9C 64 9C 77 33
  can0  102   [8]  00 00 00 00 FF 00 00 00
  can0  110   [8]  00 00 00 00 00 00 00 00
  can0  111   [8]  19 0C 02 00 00 00 00 00
  can0  112   [8]  03 03 77 77 04 04 04 04
  can0  101   [8]  E8 B2 00 00 00 00 00 11
  can0  103   [8]  00 00 00 00 00 00 00 00
  can0  113   [8]  7D 3C 0A 00 DC 55 0A 00
  can0  114   [8]  00 00 00 00 00 00 80 00
  can0  115   [8]  00 00 00 00 00 00 00 00
  can0  116   [8]  00 08 00 08 00 00 00 00
  can0  630   [1]  F0
  can0  101   [8]  B5 B3 00 00 00 00 00 11
  can0  103   [8]  00 00 00 00 00 00 00 00
  can0  100   [8]  AE 2C 64 9C 64 9C 77 33
  can0  102   [8]  00 00 00 00 FF 00 00 00
  can0  110   [8]  00 00 00 00 00 00 00 00
  can0  111   [8]  1A 0C 02 00 00 00 00 00
  can0  112   [8]  03 03 77 77 04 04 04 04
  can0  113   [8]  82 3C 0A 00 E1 55 0A 00
  can0  114   [8]  00 00 00 00 00 00 80 00
  can0  115   [8]  00 00 00 00 00 00 00 00
  can0  116   [8]  00 08 00 08 00 00 00 00
  can0  101   [8]  3B B4 00 00 00 00 00 11
  can0  103   [8]  00 00 00 00 00 00 00 00
  can0  100   [8]  F3 2D 64 9C 64 9C 77 33
  can0  102   [8]  00 00 00 00 FF 00 00 00
  can0  110   [8]  00 00 00 00 00 00 00 00
  can0  111   [8]  1B 0C 02 00 00 00 00 00
  can0  112   [8]  03 03 77 77 04 04 04 04
  can0  113   [8]  87 3C 0A 00 E6 55 0A 00
  can0  114   [8]  00 00 00 00 00 00 80 00
  can0  115   [8]  00 00 00 00 00 00 00 00
  can0  116   [8]  00 08 00 08 00 00 00 00
  can0  101   [8]  66 B5 00 00 00 00 00 11
  can0  103   [8]  00 00 00 00 00 00 00 00
  can0  100   [8]  14 2E 64 9C 64 9C 77 33
  can0  102   [8]  00 00 00 00 FF 00 00 00
  can0  110   [8]  00 00 00 00 00 00 00 00
  can0  111   [8]  1C 0C 02 00 00 00 00 00
  can0  112   [8]  03 03 77 77 04 04 04 04
  can0  113   [8]  8C 3C 0A 00 EB 55 0A 00
  can0  114   [8]  00 00 00 00 00 00 80 00
  can0  115   [8]  00 00 00 00 00 00 00 00
  can0  116   [8]  00 08 00 08 00 00 00 00
  can0  101   [8]  81 B6 00 00 00 00 00 11
  can0  103   [8]  00 00 00 00 00 00 00 00
  can0  100   [8]  49 2F 64 9C 64 9C 77 33
  can0  102   [8]  00 00 00 00 FF 00 00 00
  can0  110   [8]  00 00 00 00 00 00 00 00
  can0  111   [8]  1D 0C 02 00 00 00 00 00
  can0  112   [8]  03 03 77 77 04 04 04 04
  can0  113   [8]  91 3C 0A 00 F0 55 0A 00
  can0  114   [8]  00 00 00 00 00 00 80 00
  can0  115   [8]  00 00 00 00 00 00 00 00
  can0  116   [8]  00 08 00 08 00 00 00 00
  can0  101   [8]  DC B7 00 00 00 00 00 11
  can0  103   [8]  00 00 00 00 00 00 00 00
  can0  100   [8]  AC 30 64 9C 64 9C 77 33
  can0  102   [8]  00 00 00 00 FF 00 00 00
  can0  110   [8]  00 00 00 00 00 00 00 00
  can0  111   [8]  1E 0C 02 00 00 00 00 00
  can0  112   [8]  03 03 77 77 04 04 04 04
  can0  113   [8]  96 3C 0A 00 F5 55 0A 00
  can0  114   [8]  00 00 00 00 00 00 80 00
  can0  115   [8]  00 00 00 00 00 00 00 00
  can0  116   [8]  00 08 00 08 00 00 00 00
  can0  610   [8]  7B 14 4E BF AE 47 21 BE
  can0  611   [4]  A4 70 ED 3E
  can0  630   [1]  F0
  can0  101   [8]  80 B8 00 00 00 00 00 11
  can0  103   [8]  00 00 00 00 00 00 00 00
  can0  100   [8]  F1 31 64 9C 64 9C 77 33
  can0  102   [8]  00 00 00 00 FF 00 00 00
  can0  110   [8]  00 00 00 00 00 00 00 00
  can0  111   [8]  1F 0C 02 00 00 00 00 00
  can0  112   [8]  03 03 77 77 04 04 04 04
  can0  113   [8]  9B 3C 0A 00 FA 55 0A 00
  can0  114   [8]  00 00 00 00 00 00 80 00
  can0  115   [8]  00 00 00 00 00 00 00 00
  can0  116   [8]  00 08 00 08 00 00 00 00
  can0  101   [8]  DD B9 00 00 00 00 00 11
  can0  103   [8]  00 00 00 00 00 00 00 00
  can0  100   [8]  16 32 64 9C 64 9C 77 33
  can0  102   [8]  00 00 00 00 FF 00 00 00
  can0  110   [8]  00 00 00 00 00 00 00 00
  can0  111   [8]  20 0C 02 00 00 00 00 00
  can0  112   [8]  03 03 77 77 04 04 04 04
  can0  113   [8]  A0 3C 0A 00 FF 55 0A 00
  can0  114   [8]  00 00 00 00 00 00 80 00
  can0  115   [8]  00 00 00 00 00 00 00 00
  can0  116   [8]  00 08 00 08 00 00 00 00
  can0  101   [8]  3A BA 00 00 00 00 00 11
  can0  103   [8]  00 00 00 00 00 00 00 00
  can0  100   [8]  4B 33 64 9C 64 9C 77 33
  can0  102   [8]  00 00 00 00 FF 00 00 00
  can0  110   [8]  00 00 00 00 00 00 00 00
  can0  111   [8]  21 0C 02 00 00 00 00 00
  can0  112   [8]  03 03 77 77 04 04 04 04
  can0  113   [8]  A5 3C 0A 00 04 56 0A 00
  can0  114   [8]  00 00 00 00 00 00 80 00
  can0  115   [8]  00 00 00 00 00 00 00 00
  can0  116   [8]  00 08 00 08 00 00 00 00
  can0  101   [8]  67 BB 00 00 00 00 00 11
  can0  103   [8]  00 00 00 00 00 00 00 00
  can0  100   [8]  C5 34 64 9C 64 9C 77 33
  can0  102   [8]  00 00 00 00 FF 00 00 00
  can0  110   [8]  00 00 00 00 00 00 00 00
  can0  111   [8]  22 0C 02 00 00 00 00 00
  can0  112   [8]  03 03 77 77 04 04 04 04
  can0  113   [8]  AA 3C 0A 00 09 56 0A 00
  can0  114   [8]  00 00 00 00 00 00 80 00
  can0  115   [8]  00 00 00 00 00 00 00 00
  can0  116   [8]  00 08 00 08 00 00 00 00
  can0  101   [8]  E9 BC 00 00 00 00 00 11
  can0  103   [8]  00 00 00 00 00 00 00 00
  can0  100   [8]  98 35 64 9C 64 9C 77 33
  can0  102   [8]  00 00 00 00 FF 00 00 00
  can0  110   [8]  00 00 00 00 00 00 00 00
  can0  111   [8]  23 0C 02 00 00 00 00 00
  can0  112   [8]  03 03 77 77 04 04 04 04
  can0  113   [8]  AF 3C 0A 00 0E 56 0A 00
  can0  114   [8]  00 00 00 00 00 00 80 00
  can0  115   [8]  00 00 00 00 00 00 00 00
  can0  116   [8]  00 08 00 08 00 00 00 00
  can0  600   [8]  EC FF F0 FF FB 00 01 03
  can0  601   [6]  15 00 F9 FF 85 01
  can0  630   [1]  F0
  can0  101   [8]  B4 BD 00 00 00 00 00 11
  can0  103   [8]  00 00 00 00 00 00 00 00
  can0  100   [8]  7F 36 64 9C 64 9C 77 33
  can0  102   [8]  00 00 00 00 FF 00 00 00
  can0  110   [8]  00 00 00 00 00 00 00 00
  can0  111   [8]  24 0C 02 00 00 00 00 00
  can0  112   [8]  03 03 77 77 04 04 04 04
  can0  113   [8]  B4 3C 0A 00 13 56 0A 00
  can0  114   [8]  00 00 00 00 00 00 80 00
  can0  115   [8]  00 00 00 00 00 00 00 00
  can0  116   [8]  00 08 00 08 00 00 00 00
  can0  101   [8]  53 BE 00 00 00 00 00 11
  can0  103   [8]  00 00 00 00 00 00 00 00
  can0  100   [8]  22 37 64 9C 64 9C 77 33
  can0  102   [8]  00 00 00 00 FF 00 00 00
  can0  110   [8]  00 00 00 00 00 00 00 00
  can0  111   [8]  25 0C 02 00 00 00 00 00
  can0  112   [8]  03 03 77 77 04 04 04 04
  can0  113   [8]  B9 3C 0A 00 18 56 0A 00
  can0  114   [8]  00 00 00 00 00 00 80 00
  can0  115   [8]  00 00 00 00 00 00 00 00
  can0  116   [8]  00 08 00 08 00 00 00 00
  can0  101   [8]  0E BF 00 00 00 00 00 11
  can0  103   [8]  00 00 00 00 00 00 00 00
  can0  620   [3]  02 00 01
  can0  100   [8]  7E 38 64 9C 64 9C 77 33
  can0  102   [8]  00 00 00 00 FF 00 00 00
  can0  110   [8]  00 00 00 00 00 00 00 00
  can0  111   [8]  26 0C 02 00 00 00 00 00
  can0  112   [8]  03 03 77 77 04 04 04 04
  can0  113   [8]  BE 3C 0A 00 1D 56 0A 00
  can0  114   [8]  00 00 00 00 00 00 80 00
  can0  115   [8]  00 00 00 00 00 00 00 00
  can0  116   [8]  00 08 00 08 00 00 00 00
  can0  621   [8]  00 00 00 00 00 00 00 00
  can0  622   [7]  00 00 00 00 00 00 00
  can0  623   [7]  00 00 00 00 00 00 00
  can0  624   [4]  00 00 00 00
  can0  101   [8]  5A C0 00 00 00 00 00 11
  can0  625   [8]  E1 FA C7 42 E1 FA C7 42
  can0  626   [4]  E1 FA C7 42
  can0  627   [6]  00 00 00 00 00 00
  can0  103   [8]  00 00 00 00 00 00 00 00
  can0  100   [8]  23 39 64 9C 64 9C 77 33
  can0  102   [8]  00 00 00 00 FF 00 00 00
  can0  110   [8]  00 00 00 00 00 00 00 00
  can0  111   [8]  27 0C 02 00 00 00 00 00
  can0  112   [8]  03 03 77 77 04 04 04 04
  can0  113   [8]  C3 3C 0A 00 22 56 0A 00
  can0  114   [8]  00 00 00 00 00 00 80 00
  can0  115   [8]  00 00 00 00 00 00 00 00
  can0  116   [8]  00 08 00 08 00 00 00 00
  can0  101   [8]  07 C1 00 00 00 00 00 11
  can0  103   [8]  00 00 00 00 00 00 00 00
  can0  610   [8]  66 66 F6 BE 29 5C 8F BD
  can0  100   [8]  C4 3A 64 9C 64 9C 77 33
  can0  102   [8]  00 00 00 00 FF 00 00 00
  can0  110   [8]  00 00 00 00 00 00 00 00
  can0  111   [8]  28 0C 02 00 00 00 00 00
  can0  112   [8]  03 03 77 77 04 04 04 04
  can0  113   [8]  C8 3C 0A 00 27 56 0A 00
  can0  114   [8]  00 00 00 00 00 00 80 00
  can0  115   [8]  00 00 00 00 00 00 00 00
  can0  116   [8]  00 08 00 08 00 00 00 00
  can0  611   [4]  71 3D AA 3E
  can0  630   [1]  F0
  can0  101   [8]  E0 C2 00 00 00 00 00 11
  can0  103   [8]  00 00 00 00 00 00 00 00
  can0  100   [8]  99 3B 64 9C 64 9C 77 33
  can0  102   [8]  00 00 00 00 FF 00 00 00
  can0  110   [8]  00 00 00 00 00 00 00 00
  can0  111   [8]  29 0C 02 00 00 00 00 00
  can0  112   [8]  03 03 77 77 04 04 04 04
  can0  113   [8]  CD 3C 0A 00 2C 56 0A 00
  can0  114   [8]  00 00 00 00 00 00 80 00
  can0  115   [8]  00 00 00 00 00 00 00 00
  can0  116   [8]  00 08 00 08 00 00 00 00
  can0  101   [8]  BD C3 00 00 00 00 00 11
  can0  103   [8]  00 00 00 00 00 00 00 00
  can0  100   [8]  17 3C 64 9C 64 9C 77 33
  can0  102   [8]  00 00 00 00 FF 00 00 00
  can0  110   [8]  00 00 00 00 00 00 00 00
  can0  111   [8]  2A 0C 02 00 00 00 00 00
  can0  112   [8]  03 03 77 77 04 04 04 04
  can0  113   [8]  D2 3C 0A 00 31 56 0A 00
  can0  114   [8]  00 00 00 00 00 00 80 00
  can0  115   [8]  00 00 00 00 00 00 00 00
  can0  116   [8]  00 08 00 08 00 00 00 00
  can0  101   [8]  33 C4 00 00 00 00 00 11
  can0  103   [8]  00 00 00 00 00 00 00 00
  can0  100   [8]  4A 3D 64 9C 64 9C 77 33
  can0  102   [8]  00 00 00 00 FF 00 00 00
  can0  110   [8]  00 00 00 00 00 00 00 00
  can0  111   [8]  2B 0C 02 00 00 00 00 00
  can0  112   [8]  03 03 77 77 04 04 04 04
  can0  113   [8]  D7 3C 0A 00 36 56 0A 00
  can0  114   [8]  00 00 00 00 00 00 80 00
  can0  115   [8]  00 00 00 00 00 00 00 00
  can0  116   [8]  00 08 00 08 00 00 00 00
  can0  101   [8]  6E C5 00 00 00 00 00 11
  can0  103   [8]  00 00 00 00 00 00 00 00
  can0  100   [8]  AD 3E 64 9C 64 9C 77 33
  can0  102   [8]  00 00 00 00 FF 00 00 00
  can0  110   [8]  00 00 00 00 00 00 00 00
  can0  111   [8]  2C 0C 02 00 00 00 00 00
  can0  112   [8]  03 03 77 77 04 04 04 04
  can0  113   [8]  DC 3C 0A 00 3B 56 0A 00
  can0  114   [8]  00 00 00 00 00 00 80 00
  can0  115   [8]  00 00 00 00 00 00 00 00
  can0  116   [8]  00 08 00 08 00 00 00 00
  can0  101   [8]  89 C6 00 00 00 00 00 11
  can0  103   [8]  00 00 00 00 00 00 00 00
  can0  630   [1]  F0
  can0  100   [8]  F0 3F 64 9C 64 9C 77 33
  can0  102   [8]  00 00 00 00 FF 00 00 00
  can0  110   [8]  00 00 00 00 00 00 00 00
  can0  111   [8]  2D 0C 02 00 00 00 00 00
  can0  112   [8]  03 03 77 77 04 04 04 04
  can0  113   [8]  E1 3C 0A 00 40 56 0A 00
  can0  114   [8]  00 00 00 00 00 00 80 00
  can0  115   [8]  00 00 00 00 00 00 00 00
  can0  116   [8]  00 08 00 08 00 00 00 00
  can0  101   [8]  D4 C7 00 00 00 00 00 11
  can0  103   [8]  00 00 00 00 00 00 00 00
  can0  100   [8]  A4 40 64 9C 64 9C 77 33
  can0  102   [8]  00 00 00 00 FF 00 00 00
  can0  110   [8]  00 00 00 00 00 00 00 00
  can0  111   [8]  2E 0C 02 00 00 00 00 00
  can0  112   [8]  03 03 77 77 04 04 04 04
  can0  113   [8]  E6 3C 0A 00 45 56 0A 00
  can0  114   [8]  00 00 00 00 00 00 80 00
  can0  115   [8]  00 00 00 00 00 00 00 00
  can0  116   [8]  00 08 00 08 00 00 00 00
  can0  101   [8]  88 C8 00 00 00 00 00 11
  can0  103   [8]  00 00 00 00 00 00 00 00
  can0  100   [8]  F9 41 64 9C 64 9C 77 33
  can0  102   [8]  00 00 00 00 FF 00 00 00
  can0  110   [8]  00 00 00 00 00 00 00 00
  can0  111   [8]  2F 0C 02 00 00 00 00 00
  can0  112   [8]  03 03 77 77 04 04 04 04
  can0  113   [8]  EB 3C 0A 00 4A 56 0A 00
  can0  114   [8]  00 00 00 00 00 00 80 00
  can0  115   [8]  00 00 00 00 00 00 00 00
  can0  116   [8]  00 08 00 08 00 00 00 00
  can0  101   [8]  D5 C9 00 00 00 00 00 11
  can0  103   [8]  00 00 00 00 00 00 00 00
  can0  100   [8]  1E 42 64 9C 64 9C 77 33
  can0  102   [8]  00 00 00 00 FF 00 00 00
  can0  110   [8]  00 00 00 00 00 00 00 00
  can0  111   [8]  30 0C 02 00 00 00 00 00
  can0  112   [8]  03 03 77 77 04 04 04 04
  can0  113   [8]  F0 3C 0A 00 4F 56 0A 00
  can0  114   [8]  00 00 00 00 00 00 80 00
  can0  115   [8]  00 00 00 00 00 00 00 00
  can0  116   [8]  00 08 00 08 00 00 00 00
  can0  101   [8]  32 CA 00 00 00 00 00 11
  can0  103   [8]  00 00 00 00 00 00 00 00
  can0  100   [8]  43 43 64 9C 64 9C 77 33
  can0  102   [8]  00 00 00 00 FF 00 00 00
  can0  110   [8]  00 00 00 00 00 00 00 00
  can0  111   [8]  31 0C 02 00 00 00 00 00
  can0  112   [8]  03 03 77 77 04 04 04 04
  can0  113   [8]  F5 3C 0A 00 54 56 0A 00
  can0  114   [8]  00 00 00 00 00 00 80 00
  can0  115   [8]  00 00 00 00 00 00 00 00
  can0  116   [8]  00 08 00 08 00 00 00 00
  can0  101   [8]  6F CB 00 00 00 00 00 11
  can0  103   [8]  00 00 00 00 00 00 00 00
  can0  600   [8]  EC FF EF FF FB 00 01 03
  can0  601   [6]  10 00 FC FF 7E 01
  can0  610   [8]  66 66 F6 BE 29 5C 8F BD
  can0  611   [4]  71 3D AA 3E
  can0  630   [1]  F0
  can0  100   [8]  CD 44 64 9C 64 9C 77 33
  can0  102   [8]  00 00 00 00 FF 00 00 00
  can0  110   [8]  00 00 00 00 00 00 00 00
  can0  111   [8]  32 0C 02 00 00 00 00 00
  can0  112   [8]  03 03 77 77 04 04 04 04
  can0  113   [8]  FA 3C 0A 00 59 56 0A 00
  can0  114   [8]  00 00 00 00 00 00 80 00
  can0  115   [8]  00 00 00 00 00 00 00 00
  can0  116   [8]  00 08 00 08 00 00 00 00
  can0  101   [8]  E1 CC 00 00 00 00 00 11
  can0  103   [8]  00 00 00 00 00 00 00 00
  can0  100   [8]  90 45 64 9C 64 9C 77 33
  can0  102   [8]  00 00 00 00 FF 00 00 00
  can0  110   [8]  00 00 00 00 00 00 00 00
  can0  111   [8]  33 0C 02 00 00 00 00 00
  can0  112   [8]  03 03 77 77 04 04 04 04
  can0  113   [8]  FF 3C 0A 00 5E 56 0A 00
  can0  114   [8]  00 00 00 00 00 00 80 00
  can0  115   [8]  00 00 00 00 00 00 00 00
  can0  116   [8]  00 08 00 08 00 00 00 00
  can0  101   [8]  BC CD 00 00 00 00 00 11
  can0  103   [8]  00 00 00 00 00 00 00 00
  can0  402   [8]  02 00 17 15 FF 2C 00 10
  can0  404   [8]  03 00 00 00 00 00 00 00
  can0  405   [8]  03 01 00 00 00 00 00 00
  can0  403   [8]  02 01 2C 12 3C 34 00 00
  can0  100   [8]  77 46 64 9C 64 9C 77 33
  can0  102   [8]  00 00 00 00 FF 00 00 00
  can0  110   [8]  00 00 00 00 00 00 00 00
  can0  111   [8]  34 0C 02 00 00 00 00 00
  can0  112   [8]  03 03 77 77 04 04 04 04
  can0  113   [8]  04 3D 0A 00 63 56 0A 00
  can0  114   [8]  00 00 00 00 00 00 80 00
  can0  115   [8]  00 00 00 00 00 00 00 00
  can0  116   [8]  00 08 00 08 00 00 00 00
  can0  101   [8]  5B CE 00 00 00 00 00 11
  can0  103   [8]  00 00 00 00 00 00 00 00
  can0  100   [8]  2A 47 64 9C 64 9C 77 33
  can0  102   [8]  00 00 00 00 FF 00 00 00
  can0  110   [8]  00 00 00 00 00 00 00 00
  can0  111   [8]  35 0C 02 00 00 00 00 00
  can0  112   [8]  03 03 77 77 04 04 04 04
  can0  113   [8]  09 3D 0A 00 68 56 0A 00
  can0  114   [8]  00 00 00 00 00 00 80 00
  can0  115   [8]  00 00 00 00 00 00 00 00
  can0  116   [8]  00 08 00 08 00 00 00 00
  can0  101   [8]  06 CF 00 00 00 00 00 11
  can0  103   [8]  00 00 00 00 00 00 00 00
  can0  100   [8]  76 48 64 9C 64 9C 77 33
  can0  102   [8]  00 00 00 00 FF 00 00 00
  can0  110   [8]  00 00 00 00 00 00 00 00
  can0  111   [8]  36 0C 02 00 00 00 00 00
  can0  112   [8]  03 03 77 77 04 04 04 04
  can0  113   [8]  0E 3D 0A 00 6D 56 0A 00
  can0  114   [8]  00 00 00 00 00 00 80 00
  can0  115   [8]  00 00 00 00 00 00 00 00
  can0  116   [8]  00 08 00 08 00 00 00 00
  can0  101   [8]  E3 D0 00 00 00 00 00 11
  can0  103   [8]  00 00 00 00 00 00 00 00
  can0  630   [1]  F0
  can0  100   [8]  2B 49 64 9C 64 9C 77 33
  can0  102   [8]  00 00 00 00 FF 00 00 00
  can0  110   [8]  00 00 00 00 00 00 00 00
  can0  111   [8]  37 0C 02 00 00 00 00 00
  can0  112   [8]  03 03 77 77 04 04 04 04
  can0  113   [8]  13 3D 0A 00 72 56 0A 00
  can0  114   [8]  00 00 00 00 00 00 80 00
  can0  115   [8]  00 00 00 00 00 00 00 00
  can0  116   [8]  00 08 00 08 00 00 00 00
  can0  101   [8]  BE D1 00 00 00 00 00 11
  can0  103   [8]  00 00 00 00 00 00 00 00
  can0  100   [8]  CC 4A 64 9C 64 9C 77 33
  can0  102   [8]  00 00 00 00 FF 00 00 00
  can0  110   [8]  00 00 00 00 00 00 00 00
  can0  111   [8]  38 0C 02 00 00 00 00 00
  can0  112   [8]  03 03 77 77 04 04 04 04
  can0  113   [8]  18 3D 0A 00 77 56 0A 00
  can0  114   [8]  00 00 00 00 00 00 80 00
  can0  115   [8]  00 00 00 00 00 00 00 00
  can0  116   [8]  00 08 00 08 00 00 00 00
  can0  101   [8]  59 D2 00 00 00 00 00 11
  can0  103   [8]  00 00 00 00 00 00 00 00
  can0  100   [8]  91 4B 64 9C 64 9C 77 33
  can0  102   [8]  00 00 00 00 FF 00 00 00
  can0  110   [8]  00 00 00 00 00 00 00 00
  can0  111   [8]  39 0C 02 00 00 00 00 00
  can0  112   [8]  03 03 77 77 04 04 04 04
  can0  113   [8]  1D 3D 0A 00 7C 56 0A 00
  can0  114   [8]  00 00 00 00 00 00 80 00
  can0  115   [8]  00 00 00 00 00 00 00 00
  can0  116   [8]  00 08 00 08 00 00 00 00
  can0  101   [8]  04 D3 00 00 00 00 00 11
  can0  103   [8]  00 00 00 00 00 00 00 00
  can0  620   [3]  02 00 01
  can0  621   [8]  00 00 00 00 00 00 00 00
  can0  622   [7]  00 00 00 00 00 00 00
  can0  623   [7]  00 00 00 00 00 00 00
  can0  624   [4]  00 00 00 00
  can0  625   [8]  E1 FA C7 42 E1 FA C7 42
  can0  100   [8]  1F 4C 64 9C 64 9C 77 33
  can0  102   [8]  00 00 00 00 FF 00 00 00
  can0  110   [8]  00 00 00 00 00 00 00 00
  can0  111   [8]  3A 0C 02 00 00 00 00 00
  can0  112   [8]  03 03 77 77 04 04 04 04
  can0  113   [8]  22 3D 0A 00 81 56 0A 00
  can0  114   [8]  00 00 00 00 00 00 80 00
  can0  115   [8]  00 00 00 00 00 00 00 00
  can0  116   [8]  00 08 00 08 00 00 00 00
  can0  101   [8]  8A D4 00 00 00 00 00 11
  can0  626   [4]  E1 FA C7 42
  can0  627   [6]  00 00 00 00 00 00
  can0  103   [8]  00 00 00 00 00 00 00 00
  can0  100   [8]  42 4D 64 9C 64 9C 77 33
  can0  102   [8]  00 00 00 00 FF 00 00 00
  can0  110   [8]  00 00 00 00 00 00 00 00
  can0  111   [8]  3B 0C 02 00 00 00 00 00
  can0  112   [8]  03 03 77 77 04 04 04 04
  can0  113   [8]  27 3D 0A 00 86 56 0A 00
  can0  114   [8]  00 00 00 00 00 00 80 00
  can0  115   [8]  00 00 00 00 00 00 00 00
  can0  116   [8]  00 08 00 08 00 00 00 00
  can0  101   [8]  D7 D5 00 00 00 00 00 11
  can0  103   [8]  00 00 00 00 00 00 00 00
  can0  610   [8]  71 3D 2A BF 8F C2 A5 BE
  can0  611   [4]  EC 51 98 3E
  can0  630   [1]  F0
  can0  100   [8]  A5 4E 64 9C 64 9C 77 33
  can0  102   [8]  00 00 00 00 FF 00 00 00
  can0  110   [8]  00 00 00 00 00 00 00 00
  can0  111   [8]  3C 0C 02 00 00 00 00 00
  can0  112   [8]  03 03 77 77 04 04 04 04
  can0  113   [8]  2C 3D 0A 00 8B 56 0A 00
  can0  114   [8]  00 00 00 00 00 00 80 00
  can0  115   [8]  00 00 00 00 00 00 00 00
  can0  116   [8]  00 08 00 08 00 00 00 00
  can0  101   [8]  30 D6 00 00 00 00 00 11
  can0  103   [8]  00 00 00 00 00 00 00 00
  can0  100   [8]  F8 4F 64 9C 64 9C 77 33
  can0  102   [8]  00 00 00 00 FF 00 00 00
  can0  110   [8]  00 00 00 00 00 00 00 00
  can0  111   [8]  3D 0C 02 00 00 00 00 00
  can0  112   [8]  03 03 77 77 04 04 04 04
  can0  113   [8]  31 3D 0A 00 90 56 0A 00
  can0  114   [8]  00 00 00 00 00 00 80 00
  can0  115   [8]  00 00 00 00 00 00 00 00
  can0  116   [8]  00 08 00 08 00 00 00 00
  can0  101   [8]  6D D7 00 00 00 00 00 11
  can0  103   [8]  00 00 00 00 00 00 00 00
  can0  100   [8]  1D 50 64 9C 64 9C 77 33
  can0  102   [8]  00 00 00 00 FF 00 00 00
  can0  110   [8]  00 00 00 00 00 00 00 00
  can0  111   [8]  3E 0C 02 00 00 00 00 00
  can0  112   [8]  03 03 77 77 04 04 04 04
  can0  113   [8]  36 3D 0A 00 95 56 0A 00
  can0  114   [8]  00 00 00 00 00 00 80 00
  can0  115   [8]  00 00 00 00 00 00 00 00
  can0  116   [8]  00 08 00 08 00 00 00 00
  can0  101   [8]  31 D8 00 00 00 00 00 11
  can0  103   [8]  00 00 00 00 00 00 00 00
  can0  100   [8]  40 51 64 9C 64 9C 77 33
  can0  102   [8]  00 00 00 00 FF 00 00 00
  can0  110   [8]  00 00 00 00 00 00 00 00
  can0  111   [8]  3F 0C 02 00 00 00 00 00
  can0  112   [8]  03 03 77 77 04 04 04 04
  can0  113   [8]  3B 3D 0A 00 9A 56 0A 00
  can0  114   [8]  00 00 00 00 00 00 80 00
  can0  115   [8]  00 00 00 00 00 00 00 00
  can0  116   [8]  00 08 00 08 00 00 00 00
  can0  101   [8]  6C D9 00 00 00 00 00 11
  can0  103   [8]  00 00 00 00 00 00 00 00
  can0  100   [8]  A7 52 64 9C 64 9C 77 33
  can0  102   [8]  00 00 00 00 FF 00 00 00
  can0  110   [8]  00 00 00 00 00 00 00 00
  can0  111   [8]  40 0C 02 00 00 00 00 00
  can0  112   [8]  03 03 77 77 04 04 04 04
  can0  113   [8]  40 3D 0A 00 9F 56 0A 00
  can0  114   [8]  00 00 00 00 00 00 80 00
  can0  115   [8]  00 00 00 00 00 00 00 00
  can0  116   [8]  00 08 00 08 00 00 00 00
  can0  101   [8]  8B DA 00 00 00 00 00 11
  can0  103   [8]  00 00 00 00 00 00 00 00
  can0  600   [8]  ED FF EF FF FB 00 02 03
  can0  601   [6]  10 00 FC FF 7E 01
  can0  630   [1]  F0
  can0  100   [8]  FA 53 64 9C 64 9C 77 33
  can0  102   [8]  00 00 00 00 FF 00 00 00
  can0  110   [8]  00 00 00 00 00 00 00 00
  can0  111   [8]  41 0C 02 00 00 00 00 00
  can0  112   [8]  03 03 77 77 04 04 04 04
  can0  113   [8]  45 3D 0A 00 A4 56 0A 00
  can0  114   [8]  00 00 00 00 00 00 80 00
  can0  115   [8]  00 00 00 00 00 00 00 00
  can0  116   [8]  00 08 00 08 00 00 00 00
  can0  101   [8]  D6 DB 00 00 00 00 00 11
  can0  103   [8]  00 00 00 00 00 00 00 00
  can0  100   [8]  74 54 64 9C 64 9C 77 33
  can0  102   [8]  00 00 00 00 FF 00 00 00
  can0  110   [8]  00 00 00 00 00 00 00 00
  can0  111   [8]  42 0C 02 00 00 00 00 00
  can0  112   [8]  03 03 77 77 04 04 04 04
  can0  113   [8]  4A 3D 0A 00 A9 56 0A 00
  can0  114   [8]  00 00 00 00 00 00 80 00
  can0  115   [8]  00 00 00 00 00 00 00 00
  can0  116   [8]  00 08 00 08 00 00 00 00
  can0  101   [8]  58 DC 00 00 00 00 00 11
  can0  103   [8]  00 00 00 00 00 00 00 00
  can0  100   [8]  29 55 64 9C 64 9C 77 33
  can0  102   [8]  00 00 00 00 FF 00 00 00
  can0  110   [8]  00 00 00 00 00 00 00 00
  can0  111   [8]  43 0C 02 00 00 00 00 00
  can0  112   [8]  03 03 77 77 04 04 04 04
  can0  101   [8]  05 DD 00 00 00 00 00 11
  can0  113   [8]  4F 3D 0A 00 AE 56 0A 00
  can0  114   [8]  00 00 00 00 00 00 80 00
  can0  115   [8]  00 00 00 00 00 00 00 00
  can0  116   [8]  00 08 00 08 00 00 00 00
  can0  103   [8]  00 00 00 00 00 00 00 00
  can0  100   [8]  CE 56 64 9C 64 9C 77 33
  can0  102   [8]  00 00 00 00 FF 00 00 00
  can0  110   [8]  00 00 00 00 00 00 00 00
  can0  111   [8]  44 0C 02 00 00 00 00 00
  can0  112   [8]  03 03 77 77 04 04 04 04
  can0  101   [8]  E2 DE 00 00 00 00 00 11
  can0  103   [8]  00 00 00 00 00 00 00 00
  can0  113   [8]  54 3D 0A 00 B3 56 0A 00
  can0  114   [8]  00 00 00 00 00 00 80 00
  can0  115   [8]  00 00 00 00 00 00 00 00
  can0  116   [8]  00 08 00 08 00 00 00 00
  can0  100   [8]  93 57 64 9C 64 9C 77 33
  can0  102   [8]  00 00 00 00 FF 00 00 00
  can0  110   [8]  00 00 00 00 00 00 00 00
  can0  111   [8]  45 0C 02 00 00 00 00 00
  can0  112   [8]  03 03 77 77 04 04 04 04
  can0  101   [8]  BF DF 00 00 00 00 00 11
  can0  103   [8]  00 00 00 00 00 00 00 00
  can0  113   [8]  59 3D 0A 00 B8 56 0A 00
  can0  114   [8]  00 00 00 00 00 00 80 00
  can0  115   [8]  00 00 00 00 00 00 00 00
  can0  116   [8]  00 08 00 08 00 00 00 00
  can0  610   [8]  71 3D 2A BF 8F C2 A5 BE
  can0  611   [4]  EC 51 98 3E
  can0  630   [1]  F0
  can0  100   [8]  CF 58 64 9C 64 9C 77 33
  can0  102   [8]  00 00 00 00 FF 00 00 00
  can0  110   [8]  00 00 00 00 00 00 00 00
  can0  111   [8]  46 0C 02 00 00 00 00 00
  can0  112   [8]  03 03 77 77 04 04 04 04
  can0  101   [8]  35 E0 00 00 00 00 00 11
  can0  103   [8]  00 00 00 00 00 00 00 00
  can0  113   [8]  5E 3D 0A 00 BD 56 0A 00
  can0  114   [8]  00 00 00 00 00 00 80 00
  can0  115   [8]  00 00 00 00 00 00 00 00
  can0  116   [8]  00 08 00 08 00 00 00 00
  can0  100   [8]  92 59 64 9C 64 9C 77 33
  can0  102   [8]  00 00 00 00 FF 00 00 00
  can0  110   [8]  00 00 00 00 00 00 00 00
  can0  111   [8]  47 0C 02 00 00 00 00 00
  can0  112   [8]  03 03 77 77 04 04 04 04
  can0  101   [8]  68 E1 00 00 00 00 00 11
  can0  113   [8]  63 3D 0A 00 C2 56 0A 00
  can0  114   [8]  00 00 00 00 00 00 80 00
  can0  115   [8]  00 00 00 00 00 00 00 00
  can0  116   [8]  00 08 00 08 00 00 00 00
  can0  103   [8]  00 00 00 00 00 00 00 00
  can0  100   [8]  75 5A 64 9C 64 9C 77 33
  can0  102   [8]  00 00 00 00 FF 00 00 00
  can0  110   [8]  00 00 00 00 00 00 00 00
  can0  111   [8]  48 0C 02 00 00 00 00 00
  can0  112   [8]  03 03 77 77 04 04 04 04
  can0  101   [8]  8F E2 00 00 00 00 00 11
  can0  103   [8]  00 00 00 00 00 00 00 00
  can0  113   [8]  68 3D 0A 00 C7 56 0A 00
  can0  114   [8]  00 00 00 00 00 00 80 00
  can0  115   [8]  00 00 00 00 00 00 00 00
  can0  116   [8]  00 08 00 08 00 00 00 00
  can0  100   [8]  28 5B 64 9C 64 9C 77 33
  can0  102   [8]  00 00 00 00 FF 00 00 00
  can0  110   [8]  00 00 00 00 00 00 00 00
  can0  111   [8]  49 0C 02 00 00 00 00 00
  can0  112   [8]  03 03 77 77 04 04 04 04
  can0  101   [8]  D2 E3 00 00 00 00 00 11
  can0  113   [8]  6D 3D 0A 00 CC 56 0A 00
  can0  114   [8]  00 00 00 00 00 00 80 00
  can0  115   [8]  00 00 00 00 00 00 00 00
  can0  116   [8]  00 08 00 08 00 00 00 00
  can0  103   [8]  00 00 00 00 00 00 00 00
  can0  100   [8]  A6 5C 64 9C 64 9C 77 33
  can0  102   [8]  00 00 00 00 FF 00 00 00
  can0  110   [8]  00 00 00 00 00 00 00 00
  can0  111   [8]  4A 0C 02 00 00 00 00 00
  can0  112   [8]  03 03 77 77 04 04 04 04
  can0  101   [8]  5C E4 00 00 00 00 00 11
  can0  103   [8]  00 00 00 00 00 00 00 00
  can0  113   [8]  72 3D 0A 00 D1 56 0A 00
  can0  114   [8]  00 00 00 00 00 00 80 00
  can0  115   [8]  00 00 00 00 00 00 00 00
  can0  116   [8]  00 08 00 08 00 00 00 00
  can0  630   [1]  F0
  can0  100   [8]  FB 5D 64 9C 64 9C 77 33
  can0  102   [8]  00 00 00 00 FF 00 00 00
  can0  110   [8]  00 00 00 00 00 00 00 00
  can0  111   [8]  4B 0C 02 00 00 00 00 00
  can0  112   [8]  03 03 77 77 04 04 04 04
  can0  101   [8]  01 E5 00 00 00 00 00 11
  can0  103   [8]  00 00 00 00 00 00 00 00
  can0  113   [8]  77 3D 0A 00 D6 56 0A 00
  can0  114   [8]  00 00 00 00 00 00 80 00
  can0  115   [8]  00 00 00 00 00 00 00 00
  can0  116   [8]  00 08 00 08 00 00 00 00
  can0  100   [8]  1C 5E 64 9C 64 9C 77 33
  can0  102   [8]  00 00 00 00 FF 00 00 00
  can0  110   [8]  00 00 00 00 00 00 00 00
  can0  111   [8]  4C 0C 02 00 00 00 00 00
  can0  112   [8]  03 03 77 77 04 04 04 04
  can0  101   [8]  E6 E6 00 00 00 00 00 11
  can0  103   [8]  00 00 00 00 00 00 00 00
  can0  113   [8]  7C 3D 0A 00 DB 56 0A 00
  can0  114   [8]  00 00 00 00 00 00 80 00
  can0  115   [8]  00 00 00 00 00 00 00 00
  can0  116   [8]  00 08 00 08 00 00 00 00
  can0  100   [8]  41 5F 64 9C 64 9C 77 33
  can0  102   [8]  00 00 00 00 FF 00 00 00
  can0  110   [8]  00 00 00 00 00 00 00 00
  can0  111   [8]  4D 0C 02 00 00 00 00 00
  can0  112   [8]  03 03 77 77 04 04 04 04
  can0  101   [8]  BB E7 00 00 00 00 00 11
  can0  103   [8]  00 00 00 00 00 00 00 00
  can0  113   [8]  81 3D 0A 00 E0 56 0A 00
  can0  114   [8]  00 00 00 00 00 00 80 00
  can0  115   [8]  00 00 00 00 00 00 00 00
  can0  116   [8]  00 08 00 08 00 00 00 00
  can0  620   [3]  02 00 01
  can0  621   [8]  00 00 00 00 00 00 00 00
  can0  622   [7]  00 00 00 00 00 00 00
  can0  623   [7]  00 00 00 00 00 00 00
  can0  624   [4]  00 00 00 00
  can0  625   [8]  E1 FA C7 42 E1 FA C7 42
  can0  626   [4]  E1 FA C7 42
  can0  627   [6]  00 00 00 00 00 00
  can0  100   [8]  CB 60 64 9C 64 9C 77 33
  can0  102   [8]  00 00 00 00 FF 00 00 00
  can0  110   [8]  00 00 00 00 00 00 00 00
  can0  111   [8]  4E 0C 02 00 00 00 00 00
  can0  112   [8]  03 03 77 77 04 04 04 04
  can0  101   [8]  E7 E8 00 00 00 00 00 11
  can0  103   [8]  00 00 00 00 00 00 00 00
  can0  113   [8]  86 3D 0A 00 E5 56 0A 00
  can0  114   [8]  00 00 00 00 00 00 80 00
  can0  115   [8]  00 00 00 00 00 00 00 00
  can0  116   [8]  00 08 00 08 00 00 00 00
  can0  100   [8]  96 61 64 9C 64 9C 77 33
  can0  102   [8]  00 00 00 00 FF 00 00 00
  can0  110   [8]  00 00 00 00 00 00 00 00
  can0  111   [8]  4F 0C 02 00 00 00 00 00
  can0  112   [8]  03 03 77 77 04 04 04 04
  can0  101   [8]  BA E9 00 00 00 00 00 11
  can0  103   [8]  00 00 00 00 00 00 00 00
  can0  113   [8]  8B 3D 0A 00 EA 56 0A 00
  can0  114   [8]  00 00 00 00 00 00 80 00
  can0  115   [8]  00 00 00 00 00 00 00 00
  can0  116   [8]  00 08 00 08 00 00 00 00
  can0  600   [8]  ED FF F1 FF FC 00 02 03
  can0  601   [6]  12 00 F9 FF 88 01
  can0  610   [8]  33 33 B3 BE 3E 0A D7 BD
  can0  611   [4]  0A D7 93 3E
  can0  630   [1]  F0
  can0  100   [8]  71 62 64 9C 64 9C 77 33
  can0  102   [8]  00 00 00 00 FF 00 00 00
  can0  110   [8]  00 00 00 00 00 00 00 00
  can0  111   [8]  50 0C 02 00 00 00 00 00
  can0  112   [8]  03 03 77 77 04 04 04 04
  can0  101   [8]  5D EA 00 00 00 00 00 11
  can0  113   [8]  90 3D 0A 00 EF 56 0A 00
  can0  114   [8]  00 00 00 00 00 00 80 00
  can0  115   [8]  00 00 00 00 00 00 00 00
  can0  116   [8]  00 08 00 08 00 00 00 00
  can0  103   [8]  00 00 00 00 00 00 00 00
  can0  100   [8]  2C 63 64 9C 64 9C 77 33
  can0  102   [8]  00 00 00 00 FF 00 00 00
  can0  110   [8]  00 00 00 00 00 00 00 00
  can0  111   [8]  51 0C 02 00 00 00 00 00
  can0  112   [8]  03 03 77 77 04 04 04 04
  can0  101   [8]  00 EB 00 00 00 00 00 11
  can0  103   [8]  00 00 00 00 00 00 00 00
  can0  113   [8]  95 3D 0A 00 F4 56 0A 00
  can0  114   [8]  00 00 00 00 00 00 80 00
  can0  115   [8]  00 00 00 00 00 00 00 00
  can0  116   [8]  00 08 00 08 00 00 00 00
  can0  100   [8]  A2 64 64 9C 64 9C 77 33
  can0  102   [8]  00 00 00 00 FF 00 00 00
  can0  110   [8]  00 00 00 00 00 00 00 00
  can0  111   [8]  52 0C 02 00 00 00 00 00
  can0  112   [8]  03 03 77 77 04 04 04 04
  can0  101   [8]  8E EC 00 00 00 00 00 11
  can0  103   [8]  00 00 00 00 00 00 00 00
  can0  113   [8]  9A 3D 0A 00 F9 56 0A 00
  can0  114   [8]  00 00 00 00 00 00 80 00
  can0  115   [8]  00 00 00 00 00 00 00 00
  can0  116   [8]  00 08 00 08 00 00 00 00
  can0  100   [8]  FF 65 64 9C 64 9C 77 33
  can0  102   [8]  00 00 00 00 FF 00 00 00
  can0  110   [8]  00 00 00 00 00 00 00 00
  can0  111   [8]  53 0C 02 00 00 00 00 00
  can0  112   [8]  03 03 77 77 04 04 04 04
  can0  101   [8]  D3 ED 00 00 00 00 00 11
  can0  113   [8]  9F 3D 0A 00 FE 56 0A 00
  can0  114   [8]  00 00 00 00 00 00 80 00
  can0  115   [8]  00 00 00 00 00 00 00 00
  can0  116   [8]  00 08 00 08 00 00 00 00
  can0  103   [8]  00 00 00 00 00 00 00 00
  can0  100   [8]  18 66 64 9C 64 9C 77 33
  can0  102   [8]  00 00 00 00 FF 00 00 00
  can0  110   [8]  00 00 00 00 00 00 00 00
  can0  111   [8]  54 0C 02 00 00 00 00 00
  can0  112   [8]  03 03 77 77 04 04 04 04
  can0  101   [8]  34 EE 00 00 00 00 00 11
  can0  113   [8]  A4 3D 0A 00 03 57 0A 00
  can0  114   [8]  00 00 00 00 00 00 80 00
  can0  115   [8]  00 00 00 00 00 00 00 00
  can0  116   [8]  00 08 00 08 00 00 00 00
  can0  103   [8]  00 00 00 00 00 00 00 00
  can0  630   [1]  F0
  can0  100   [8]  45 67 64 9C 64 9C 77 33
  can0  102   [8]  00 00 00 00 FF 00 00 00
  can0  110   [8]  00 00 00 00 00 00 00 00
  can0  111   [8]  55 0C 02 00 00 00 00 00
  can0  112   [8]  03 03 77 77 04 04 04 04
  can0  101   [8]  69 EF 00 00 00 00 00 11
  can0  103   [8]  00 00 00 00 00 00 00 00
  can0  113   [8]  A9 3D 0A 00 08 57 0A 00
  can0  114   [8]  00 00 00 00 00 00 80 00
  can0  115   [8]  00 00 00 00 00 00 00 00
  can0  116   [8]  00 08 00 08 00 00 00 00
  can0  100   [8]  19 68 64 9C 64 9C 77 33
  can0  102   [8]  00 00 00 00 FF 00 00 00
  can0  110   [8]  00 00 00 00 00 00 00 00
  can0  111   [8]  56 0C 02 00 00 00 00 00
  can0  112   [8]  03 03 77 77 04 04 04 04
  can0  101   [8]  8C F0 00 00 00 00 00 11
  can0  103   [8]  00 00 00 00 00 00 00 00
  can0  113   [8]  AE 3D 0A 00 0D 57 0A 00
  can0  114   [8]  00 00 00 00 00 00 80 00
  can0  115   [8]  00 00 00 00 00 00 00 00
  can0  116   [8]  00 08 00 08 00 00 00 00
  can0  100   [8]  44 69 64 9C 64 9C 77 33
  can0  102   [8]  00 00 00 00 FF 00 00 00
  can0  110   [8]  00 00 00 00 00 00 00 00
  can0  111   [8]  57 0C 02 00 00 00 00 00
  can0  112   [8]  03 03 77 77 04 04 04 04
  can0  101   [8]  D1 F1 00 00 00 00 00 11
  can0  113   [8]  B3 3D 0A 00 12 57 0A 00
  can0  114   [8]  00 00 00 00 00 00 80 00
  can0  115   [8]  00 00 00 00 00 00 00 00
  can0  116   [8]  00 08 00 08 00 00 00 00
  can0  103   [8]  00 00 00 00 00 00 00 00
  can0  100   [8]  A3 6A 64 9C 64 9C 77 33
  can0  102   [8]  00 00 00 00 FF 00 00 00
  can0  110   [8]  00 00 00 00 00 00 00 00
  can0  111   [8]  58 0C 02 00 00 00 00 00
  can0  112   [8]  03 03 77 77 04 04 04 04
  can0  101   [8]  36 F2 00 00 00 00 00 11
  can0  103   [8]  00 00 00 00 00 00 00 00
  can0  113   [8]  B8 3D 0A 00 17 57 0A 00
  can0  114   [8]  00 00 00 00 00 00 80 00
  can0  115   [8]  00 00 00 00 00 00 00 00
  can0  116   [8]  00 08 00 08 00 00 00 00
  can0  100   [8]  FE 6B 64 9C 64 9C 77 33
  can0  102   [8]  00 00 00 00 FF 00 00 00
  can0  110   [8]  00 00 00 00 00 00 00 00
  can0  111   [8]  59 0C 02 00 00 00 00 00
  can0  112   [8]  03 03 77 77 04 04 04 04
  can0  101   [8]  6B F3 00 00 00 00 00 11
  can0  103   [8]  00 00 00 00 00 00 00 00
  can0  113   [8]  BD 3D 0A 00 1C 57 0A 00
  can0  114   [8]  00 00 00 00 00 00 80 00
  can0  115   [8]  00 00 00 00 00 00 00 00
  can0  116   [8]  00 08 00 08 00 00 00 00
  can0  610   [8]  33 33 B3 BE 3E 0A D7 BD
  can0  611   [4]  0A D7 93 3E
  can0  630   [1]  F0
  can0  100   [8]  70 6C 64 9C 64 9C 77 33
  can0  102   [8]  00 00 00 00 FF 00 00 00
  can0  110   [8]  00 00 00 00 00 00 00 00
  can0  111   [8]  5A 0C 02 00 00 00 00 00
  can0  112   [8]  03 03 77 77 04 04 04 04
  can0  101   [8]  E5 F4 00 00 00 00 00 11
  can0  103   [8]  00 00 00 00 00 00 00 00
  can0  113   [8]  C2 3D 0A 00 21 57 0A 00
  can0  114   [8]  00 00 00 00 00 00 80 00
  can0  115   [8]  00 00 00 00 00 00 00 00
  can0  116   [8]  00 08 00 08 00 00 00 00
  can0  100   [8]  2D 6D 64 9C 64 9C 77 33
  can0  102   [8]  00 00 00 00 FF 00 00 00
  can0  110   [8]  00 00 00 00 00 00 00 00
  can0  111   [8]  5B 0C 02 00 00 00 00 00
  can0  112   [8]  03 03 77 77 04 04 04 04
  can0  113   [8]  C7 3D 0A 00 26 57 0A 00
  can0  114   [8]  00 00 00 00 00 00 80 00
  can0  115   [8]  00 00 00 00 00 00 00 00
  can0  116   [8]  00 08 00 08 00 00 00 00
  can0  101   [8]  B8 F5 00 00 00 00 00 11
  can0  103   [8]  00 00 00 00 00 00 00 00
  can0  402   [8]  02 00 17 15 FF 2C 00 10
  can0  403   [8]  02 01 2C 12 3C 34 00 00
  can0  405   [8]  03 01 00 00 00 00 00 00
  can0  404   [8]  03 00 00 00 00 00 00 00
  can0  100   [8]  CA 6E 64 9C 64 9C 77 33
  can0  102   [8]  00 00 00 00 FF 00 00 00
  can0  110   [8]  00 00 00 00 00 00 00 00
  can0  111   [8]  5C 0C 02 00 00 00 00 00
  can0  112   [8]  03 03 77 77 04 04 04 04
  can0  101   [8]  5F F6 00 00 00 00 00 11
  can0  113   [8]  CC 3D 0A 00 2B 57 0A 00
  can0  114   [8]  00 00 00 00 00 00 80 00
  can0  115   [8]  00 00 00 00 00 00 00 00
  can0  116   [8]  00 08 00 08 00 00 00 00
  can0  103   [8]  00 00 00 00 00 00 00 00
  can0  100   [8]  97 6F 64 9C 64 9C 77 33
  can0  102   [8]  00 00 00 00 FF 00 00 00
  can0  110   [8]  00 00 00 00 00 00 00 00
  can0  111   [8]  5D 0C 02 00 00 00 00 00
  can0  112   [8]  03 03 77 77 04 04 04 04
  can0  101   [8]  02 F7 00 00 00 00 00 11
  can0  103   [8]  00 00 00 00 00 00 00 00
  can0  113   [8]  D1 3D 0A 00 30 57 0A 00
  can0  114   [8]  00 00 00 00 00 00 80 00
  can0  115   [8]  00 00 00 00 00 00 00 00
  can0  116   [8]  00 08 00 08 00 00 00 00
  can0  100   [8]  72 70 64 9C 64 9C 77 33
  can0  102   [8]  00 00 00 00 FF 00 00 00
  can0  110   [8]  00 00 00 00 00 00 00 00
  can0  111   [8]  5E 0C 02 00 00 00 00 00
  can0  112   [8]  03 03 77 77 04 04 04 04
  can0  101   [8]  5E F8 00 00 00 00 00 11
  can0  103   [8]  00 00 00 00 00 00 00 00
  can0  113   [8]  D6 3D 0A 00 35 57 0A 00
  can0  114   [8]  00 00 00 00 00 00 80 00
  can0  115   [8]  00 00 00 00 00 00 00 00
  can0  116   [8]  00 08 00 08 00 00 00 00
  can0  600   [8]  EC FF F1 FF FB 00 01 03
  can0  601   [6]  16 00 F8 FF 83 01
  can0  630   [1]  F0
  can0  100   [8]  2F 71 64 9C 64 9C 77 33
  can0  102   [8]  00 00 00 00 FF 00 00 00
  can0  110   [8]  00 00 00 00 00 00 00 00
  can0  111   [8]  5F 0C 02 00 00 00 00 00
  can0  112   [8]  03 03 77 77 04 04 04 04
  can0  101   [8]  03 F9 00 00 00 00 00 11
  can0  103   [8]  00 00 00 00 00 00 00 00
  can0  113   [8]  DB 3D 0A 00 3A 57 0A 00
  can0  114   [8]  00 00 00 00 00 00 80 00
  can0  115   [8]  00 00 00 00 00 00 00 00
  can0  116   [8]  00 08 00 08 00 00 00 00
  can0  100   [8]  C8 72 64 9C 64 9C 77 33
  can0  102   [8]  00 00 00 00 FF 00 00 00
  can0  110   [8]  00 00 00 00 00 00 00 00
  can0  111   [8]  60 0C 02 00 00 00 00 00
  can0  112   [8]  03 03 77 77 04 04 04 04
  can0  101   [8]  E4 FA 00 00 00 00 00 11
  can0  103   [8]  00 00 00 00 00 00 00 00
  can0  113   [8]  E0 3D 0A 00 3F 57 0A 00
  can0  114   [8]  00 00 00 00 00 00 80 00
  can0  115   [8]  00 00 00 00 00 00 00 00
  can0  116   [8]  00 08 00 08 00 00 00 00
  can0  100   [8]  95 73 64 9C 64 9C 77 33
  can0  102   [8]  00 00 00 00 FF 00 00 00
  can0  110   [8]  00 00 00 00 00 00 00 00
  can0  111   [8]  61 0C 02 00 00 00 00 00
  can0  112   [8]  03 03 77 77 04 04 04 04
  can0  101   [8]  B9 FB 00 00 00 00 00 11
  can0  113   [8]  E5 3D 0A 00 44 57 0A 00
  can0  114   [8]  00 00 00 00 00 00 80 00
  can0  115   [8]  00 00 00 00 00 00 00 00
  can0  116   [8]  00 08 00 08 00 00 00 00
  can0  103   [8]  00 00 00 00 00 00 00 00
  can0  620   [3]  02 00 01
  can0  621   [8]  00 00 00 00 00 00 00 00
  can0  622   [7]  00 00 00 00 00 00 00
  can0  623   [7]  00 00 00 00 00 00 00
  can0  624   [4]  00 00 00 00
  can0  625   [8]  E1 FA C7 42 E1 FA C7 42
  can0  626   [4]  E1 FA C7 42
  can0  627   [6]  00 00 00 00 00 00
  can0  100   [8]  1B 74 64 9C 64 9C 77 33
  can0  102   [8]  00 00 00 00 FF 00 00 00
  can0  110   [8]  00 00 00 00 00 00 00 00
  can0  111   [8]  62 0C 02 00 00 00 00 00
  can0  112   [8]  03 03 77 77 04 04 04 04
  can0  101   [8]  37 FC 00 00 00 00 00 11
  can0  113   [8]  EA 3D 0A 00 49 57 0A 00
  can0  114   [8]  00 00 00 00 00 00 80 00
  can0  115   [8]  00 00 00 00 00 00 00 00
  can0  116   [8]  00 08 00 08 00 00 00 00
  can0  103   [8]  00 00 00 00 00 00 00 00
  can0  100   [8]  46 75 64 9C 64 9C 77 33
  can0  102   [8]  00 00 00 00 FF 00 00 00
  can0  110   [8]  00 00 00 00 00 00 00 00
  can0  111   [8]  63 0C 02 00 00 00 00 00
  can0  112   [8]  03 03 77 77 04 04 04 04
  can0  101   [8]  6A FD 00 00 00 00 00 11
  can0  113   [8]  EF 3D 0A 00 4E 57 0A 00
  can0  114   [8]  00 00 00 00 00 00 80 00
  can0  115   [8]  00 00 00 00 00 00 00 00
  can0  116   [8]  00 08 00 08 00 00 00 00
  can0  103   [8]  00 00 00 00 00 00 00 00
  can0  610   [8]  48 E1 8A BF 48 E1 8A BE
  can0  611   [4]  C3 F5 68 3E
  can0  630   [1]  F0
  can0  100   [8]  A1 76 64 9C 64 9C 77 33
  can0  102   [8]  00 00 00 00 FF 00 00 00
  can0  110   [8]  00 00 00 00 00 00 00 00
  can0  111   [8]  64 0C 02 00 00 00 00 00
  can0  112   [8]  03 03 77 77 04 04 04 04
  can0  101   [8]  8D FE 00 00 00 00 00 11
  can0  103   [8]  00 00 00 00 00 00 00 00
  can0  113   [8]  F4 3D 0A 00 53 57 0A 00
  can0  114   [8]  00 00 00 00 00 00 80 00
  can0  115   [8]  00 00 00 00 00 00 00 00
  can0  116   [8]  00 08 00 08 00 00 00 00
  can0  100   [8]  FC 77 64 9C 64 9C 77 33
  can0  102   [8]  00 00 00 00 FF 00 00 00
  can0  110   [8]  00 00 00 00 00 00 00 00
  can0  111   [8]  65 0C 02 00 00 00 00 00
  can0  112   [8]  03 03 77 77 04 04 04 04
  can0  101   [8]  D0 FF 00 00 00 00 00 11
  can0  103   [8]  00 00 00 00 00 00 00 00
  can0  113   [8]  F9 3D 0A 00 58 57 0A 00
  can0  114   [8]  00 00 00 00 00 00 80 00
  can0  115   [8]  00 00 00 00 00 00 00 00
  can0  116   [8]  00 08 00 08 00 00 00 00
  can0  100   [8]  A0 78 64 9C 64 9C 77 33
  can0  102   [8]  00 00 00 00 FF 00 00 00
  can0  110   [8]  00 00 00 00 00 00 00 00
  can0  111   [8]  66 0C 02 00 00 00 00 00
  can0  112   [8]  03 03 77 77 04 04 04 04
  can0  101   [8]  25 00 00 00 00 00 00 11
  can0  113   [8]  FE 3D 0A 00 5D 57 0A 00
  can0  114   [8]  00 00 00 00 00 00 80 00
  can0  115   [8]  00 00 00 00 00 00 00 00
  can0  116   [8]  00 08 00 08 00 00 00 00
  can0  103   [8]  00 00 00 00 00 00 00 00
  can0  100   [8]  FD 79 64 9C 64 9C 77 33
  can0  102   [8]  00 00 00 00 FF 00 00 00
  can0  110   [8]  01 00 00 00 00 00 00 00
  can0  111   [8]  67 0C 02 00 00 00 00 00
  can0  112   [8]  03 03 77 77 04 04 04 04
  can0  101   [8]  78 01 00 00 00 00 00 11
  can0  103   [8]  00 00 00 00 00 00 00 00
  can0  113   [8]  03 3E 0A 00 62 57 0A 00
  can0  114   [8]  00 00 00 00 00 00 80 00
  can0  115   [8]  00 00 00 00 00 00 00 00
  can0  116   [8]  00 08 00 08 00 00 00 00
  can0  100   [8]  1A 7A 64 9C 64 9C 77 33
  can0  102   [8]  00 00 00 00 FF 00 00 00
  can0  110   [8]  01 00 00 00 00 00 00 00
  can0  111   [8]  68 0C 02 00 00 00 00 00
  can0  112   [8]  03 03 77 77 04 04 04 04
  can0  101   [8]  9F 02 00 00 00 00 00 11
  can0  113   [8]  08 3E 0A 00 67 57 0A 00
  can0  114   [8]  00 00 00 00 00 00 80 00
  can0  115   [8]  00 00 00 00 00 00 00 00
  can0  116   [8]  00 08 00 08 00 00 00 00
  can0  103   [8]  00 00 00 00 00 00 00 00
  can0  630   [1]  F0
  can0  100   [8]  47 7B 64 9C 64 9C 77 33
  can0  102   [8]  00 00 00 00 FF 00 00 00
  can0  110   [8]  01 00 00 00 00 00 00 00
  can0  111   [8]  69 0C 02 00 00 00 00 00
  can0  112   [8]  03 03 77 77 04 04 04 04
  can0  101   [8]  C2 03 00 00 00 00 00 11
  can0  113   [8]  0D 3E 0A 00 6C 57 0A 00
  can0  114   [8]  00 00 00 00 00 00 80 00
  can0  115   [8]  00 00 00 00 00 00 00 00
  can0  116   [8]  00 08 00 08 00 00 00 00
  can0  103   [8]  00 00 00 00 00 00 00 00
  can0  100   [8]  C9 7C 64 9C 64 9C 77 33
  can0  102   [8]  00 00 00 00 FF 00 00 00
  can0  110   [8]  01 00 00 00 00 00 00 00
  can0  111   [8]  6A 0C 02 00 00 00 00 00
  can0  112   [8]  03 03 77 77 04 04 04 04
  can0  101   [8]  4C 04 00 00 00 00 00 11
  can0  103   [8]  00 00 00 00 00 00 00 00
  can0  113   [8]  12 3E 0A 00 71 57 0A 00
  can0  114   [8]  00 00 00 00 00 00 80 00
  can0  115   [8]  00 00 00 00 00 00 00 00
  can0  116   [8]  00 08 00 08 00 00 00 00
  can0  100   [8]  94 7D 64 9C 64 9C 77 33
  can0  102   [8]  00 00 00 00 FF 00 00 00
  can0  110   [8]  01 00 00 00 00 00 00 00
  can0  111   [8]  6B 0C 02 00 00 00 00 00
  can0  112   [8]  03 03 77 77 04 04 04 04
  can0  101   [8]  11 05 00 00 00 00 00 11
  can0  103   [8]  00 00 00 00 00 00 00 00
  can0  113   [8]  17 3E 0A 00 76 57 0A 00
  can0  114   [8]  00 00 00 00 00 00 80 00
  can0  115   [8]  00 00 00 00 00 00 00 00
  can0  116   [8]  00 08 00 08 00 00 00 00
  can0  100   [8]  73 7E 64 9C 64 9C 77 33
  can0  102   [8]  00 00 00 00 FF 00 00 00
  can0  110   [8]  01 00 00 00 00 00 00 00
  can0  111   [8]  6C 0C 02 00 00 00 00 00
  can0  112   [8]  03 03 77 77 04 04 04 04
  can0  101   [8]  F6 06 00 00 00 00 00 11
  can0  103   [8]  00 00 00 00 00 00 00 00
  can0  113   [8]  1C 3E 0A 00 7B 57 0A 00
  can0  114   [8]  00 00 00 00 00 00 80 00
  can0  115   [8]  00 00 00 00 00 00 00 00
  can0  116   [8]  00 08 00 08 00 00 00 00
  can0  100   [8]  2E 7F 64 9C 64 9C 77 33
  can0  102   [8]  00 00 00 00 FF 00 00 00
  can0  110   [8]  01 00 00 00 00 00 00 00
  can0  111   [8]  6D 0C 02 00 00 00 00 00
  can0  112   [8]  03 03 77 77 04 04 04 04
  can0  101   [8]  AB 07 00 00 00 00 00 11
  can0  103   [8]  00 00 00 00 00 00 00 00
  can0  113   [8]  21 3E 0A 00 80 57 0A 00
  can0  114   [8]  00 00 00 00 00 00 80 00
  can0  115   [8]  00 00 00 00 00 00 00 00
  can0  116   [8]  00 08 00 08 00 00 00 00
  can0  600   [8]  ED FF F1 FF FA 00 01 03
  can0  601   [6]  0F 00 FC FF 83 01
  can0  610   [8]  48 E1 8A BF 48 E1 8A BE
  can0  611   [4]  C3 F5 68 3E
  can0  630   [1]  F0
  can0  100   [8]  DB 80 64 9C 64 9C 77 33
  can0  102   [8]  00 00 00 00 FF 00 00 00
  can0  110   [8]  01 00 00 00 00 00 00 00
  can0  111   [8]  6E 0C 02 00 00 00 00 00
  can0  112   [8]  03 03 77 77 04 04 04 04
  can0  101   [8]  F7 08 00 00 00 00 00 11
  can0  103   [8]  00 00 00 00 00 00 00 00
  can0  113   [8]  26 3E 0A 00 85 57 0A 00
  can0  114   [8]  00 00 00 00 00 00 80 00
  can0  115   [8]  00 00 00 00 00 00 00 00
  can0  116   [8]  00 08 00 08 00 00 00 00
  can0  100   [8]  86 81 64 9C 64 9C 77 33
  can0  102   [8]  00 00 00 00 FF 00 00 00
  can0  110   [8]  01 00 00 00 00 00 00 00
  can0  111   [8]  6F 0C 02 00 00 00 00 00
  can0  112   [8]  03 03 77 77 04 04 04 04
  can0  101   [8]  AA 09 00 00 00 00 00 11
  can0  103   [8]  00 00 00 00 00 00 00 00
  can0  113   [8]  2B 3E 0A 00 8A 57 0A 00
  can0  114   [8]  00 00 00 00 00 00 80 00
  can0  115   [8]  00 00 00 00 00 00 00 00
  can0  116   [8]  00 08 00 08 00 00 00 00
  can0  100   [8]  61 82 64 9C 64 9C 77 33
  can0  102   [8]  00 00 00 00 FF 00 00 00
  can0  110   [8]  01 00 00 00 00 00 00 00
  can0  111   [8]  70 0C 02 00 00 00 00 00
  can0  112   [8]  03 03 77 77 04 04 04 04
  can0  101   [8]  4D 0A 00 00 00 00 00 11
  can0  103   [8]  00 00 00 00 00 00 00 00
  can0  113   [8]  30 3E 0A 00 8F 57 0A 00
  can0  114   [8]  00 00 00 00 00 00 80 00
  can0  115   [8]  00 00 00 00 00 00 00 00
  can0  116   [8]  00 08 00 08 00 00 00 00
  can0  100   [8]  3C 83 64 9C 64 9C 77 33
  can0  102   [8]  00 00 00 00 FF 00 00 00
  can0  110   [8]  01 00 00 00 00 00 00 00
  can0  111   [8]  71 0C 02 00 00 00 00 00
  can0  112   [8]  03 03 77 77 04 04 04 04
  can0  101   [8]  10 0B 00 00 00 00 00 11
  can0  103   [8]  00 00 00 00 00 00 00 00
  can0  113   [8]  35 3E 0A 00 94 57 0A 00
  can0  114   [8]  00 00 00 00 00 00 80 00
  can0  115   [8]  00 00 00 00 00 00 00 00
  can0  116   [8]  00 08 00 08 00 00 00 00
  can0  100   [8]  B2 84 64 9C 64 9C 77 33
  can0  102   [8]  00 00 00 00 FF 00 00 00
  can0  110   [8]  01 00 00 00 00 00 00 00
  can0  111   [8]  71 0C 02 00 00 00 00 00
  can0  112   [8]  03 03 77 77 04 04 04 04
  can0  101   [8]  9E 0C 00 00 00 00 00 11
  can0  103   [8]  00 00 00 00 00 00 00 00
  can0  113   [8]  35 3E 0A 00 99 57 0A 00
  can0  114   [8]  00 00 00 00 00 00 80 00
  can0  115   [8]  00 00 00 00 00 00 00 00
  can0  116   [8]  00 08 00 08 00 00 00 00
  can0  630   [1]  F0
  can0  100   [8]  EF 85 64 9C 64 9C 77 33
  can0  102   [8]  00 00 00 00 FF 00 00 00
  can0  110   [8]  01 00 00 00 00 00 00 00
  can0  111   [8]  72 0C 02 00 00 00 00 00
  can0  112   [8]  03 03 77 77 04 04 04 04
  can0  101   [8]  C3 0D 00 00 00 00 00 11
  can0  103   [8]  00 00 00 00 00 00 00 00
  can0  113   [8]  3A 3E 0A 00 9E 57 0A 00
  can0  114   [8]  00 00 00 00 00 00 80 00
  can0  115   [8]  00 00 00 00 00 00 00 00
  can0  116   [8]  00 08 00 08 00 00 00 00
  can0  100   [8]  08 86 64 9C 64 9C 77 33
  can0  102   [8]  00 00 00 00 FF 00 00 00
  can0  110   [8]  01 00 00 00 00 00 00 00
  can0  111   [8]  73 0C 02 00 00 00 00 00
  can0  112   [8]  03 03 77 77 04 04 04 04
  can0  101   [8]  24 0E 00 00 00 00 00 11
  can0  103   [8]  00 00 00 00 00 00 00 00
  can0  113   [8]  3F 3E 0A 00 A3 57 0A 00
  can0  114   [8]  00 00 00 00 00 00 80 00
  can0  115   [8]  00 00 00 00 00 00 00 00
  can0  116   [8]  00 08 00 08 00 00 00 00
  can0  100   [8]  55 87 64 9C 64 9C 77 33
  can0  102   [8]  00 00 00 00 FF 00 00 00
  can0  110   [8]  01 00 00 00 00 00 00 00
  can0  111   [8]  74 0C 02 00 00 00 00 00
  can0  112   [8]  03 03 77 77 04 04 04 04
  can0  101   [8]  79 0F 00 00 00 00 00 11
  can0  103   [8]  00 00 00 00 00 00 00 00
  can0  113   [8]  44 3E 0A 00 A8 57 0A 00
  can0  114   [8]  00 00 00 00 00 00 80 00
  can0  115   [8]  00 00 00 00 00 00 00 00
  can0  116   [8]  00 08 00 08 00 00 00 00
  can0  620   [3]  02 00 01
  can0  621   [8]  00 00 00 00 00 00 00 00
  can0  622   [7]  00 00 00 00 00 00 00
  can0  623   [7]  00 00 00 00 00 00 00
  can0  624   [4]  00 00 00 00
  can0  625   [8]  E1 FA C7 42 E1 FA C7 42
  can0  626   [4]  E1 FA C7 42
  can0  627   [6]  00 00 00 00 00 00
  can0  100   [8]  09 88 64 9C 64 9C 77 33
  can0  102   [8]  00 00 00 00 FF 00 00 00
  can0  110   [8]  01 00 00 00 00 00 00 00
  can0  111   [8]  75 0C 02 00 00 00 00 00
  can0  112   [8]  03 03 77 77 04 04 04 04
  can0  101   [8]  9C 10 00 00 00 00 00 11
  can0  103   [8]  00 00 00 00 00 00 00 00
  can0  113   [8]  49 3E 0A 00 AD 57 0A 00
  can0  114   [8]  00 00 00 00 00 00 80 00
  can0  115   [8]  00 00 00 00 00 00 00 00
  can0  116   [8]  00 08 00 08 00 00 00 00
  can0  640   [8]  30 21 07 06 13 07 19 00
  can0  100   [8]  54 89 64 9C 64 9C 77 33
  can0  102   [8]  00 00 00 00 FF 00 00 00
  can0  110   [8]  01 00 00 00 00 00 00 00
  can0  111   [8]  76 0C 02 00 00 00 00 00
  can0  112   [8]  03 03 77 77 04 04 04 04
  can0  101   [8]  C1 11 00 00 00 00 00 11
  can0  103   [8]  00 00 00 00 00 00 00 00
  can0  113   [8]  4E 3E 0A 00 B2 57 0A 00
  can0  114   [8]  00 00 00 00 00 00 80 00
  can0  115   [8]  00 00 00 00 00 00 00 00
  can0  116   [8]  00 08 00 08 00 00 00 00
  can0  610   [8]  EC 51 50 BF AE 47 21 BE
  can0  611   [4]  AE 47 21 3E
  can0  630   [1]  F0
  can0  100   [8]  B3 8A 64 9C 64 9C 77 33
  can0  102   [8]  00 00 00 00 FF 00 00 00
  can0  110   [8]  01 00 00 00 00 00 00 00
  can0  111   [8]  77 0C 02 00 00 00 00 00
  can0  112   [8]  03 03 77 77 04 04 04 04
  can0  101   [8]  26 12 00 00 00 00 00 11
  can0  103   [8]  00 00 00 00 00 00 00 00
  can0  113   [8]  53 3E 0A 00 B7 57 0A 00
  can0  114   [8]  00 00 00 00 00 00 80 00
  can0  115   [8]  00 00 00 00 00 00 00 00
  can0  116   [8]  00 08 00 08 00 00 00 00
  can0  100   [8]  EE 8B 64 9C 64 9C 77 33
  can0  102   [8]  00 00 00 00 FF 00 00 00
  can0  110   [8]  01 00 00 00 00 00 00 00
  can0  111   [8]  78 0C 02 00 00 00 00 00
  can0  112   [8]  03 03 77 77 04 04 04 04
  can0  101   [8]  7B 13 00 00 00 00 00 11
  can0  103   [8]  00 00 00 00 00 00 00 00
  can0  113   [8]  58 3E 0A 00 BC 57 0A 00
  can0  114   [8]  00 00 00 00 00 00 80 00
  can0  115   [8]  00 00 00 00 00 00 00 00
  can0  116   [8]  00 08 00 08 00 00 00 00
  can0  100   [8]  60 8C 64 9C 64 9C 77 33
  can0  102   [8]  00 00 00 00 FF 00 00 00
  can0  110   [8]  01 00 00 00 00 00 00 00
  can0  111   [8]  79 0C 02 00 00 00 00 00
  can0  112   [8]  03 03 77 77 04 04 04 04
  can0  101   [8]  F5 14 00 00 00 00 00 11
  can0  103   [8]  00 00 00 00 00 00 00 00
  can0  113   [8]  5D 3E 0A 00 C1 57 0A 00
  can0  114   [8]  00 00 00 00 00 00 80 00
  can0  115   [8]  00 00 00 00 00 00 00 00
  can0  116   [8]  00 08 00 08 00 00 00 00
  can0  100   [8]  3D 8D 64 9C 64 9C 77 33
  can0  102   [8]  00 00 00 00 FF 00 00 00
  can0  110   [8]  01 00 00 00 00 00 00 00
  can0  111   [8]  7A 0C 02 00 00 00 00 00
  can0  112   [8]  03 03 77 77 04 04 04 04
  can0  101   [8]  A8 15 00 00 00 00 00 11
  can0  103   [8]  00 00 00 00 00 00 00 00
  can0  113   [8]  62 3E 0A 00 C6 57 0A 00
  can0  114   [8]  00 00 00 00 00 00 80 00
  can0  115   [8]  00 00 00 00 00 00 00 00
  can0  116   [8]  00 08 00 08 00 00 00 00
  can0  100   [8]  DA 8E 64 9C 64 9C 77 33
  can0  102   [8]  00 00 00 00 FF 00 00 00
  can0  110   [8]  01 00 00 00 00 00 00 00
  can0  111   [8]  7B 0C 02 00 00 00 00 00
  can0  112   [8]  03 03 77 77 04 04 04 04
  can0  101   [8]  4F 16 00 00 00 00 00 11
  can0  103   [8]  00 00 00 00 00 00 00 00
  can0  113   [8]  67 3E 0A 00 CB 57 0A 00
  can0  114   [8]  00 00 00 00 00 00 80 00
  can0  115   [8]  00 00 00 00 00 00 00 00
  can0  116   [8]  00 08 00 08 00 00 00 00
  can0  600   [8]  EE FF F1 FF FA 00 01 03
  can0  601   [6]  0F 00 FC FF 83 01
  can0  630   [1]  F0
  can0  100   [8]  87 8F 64 9C 64 9C 77 33
  can0  102   [8]  00 00 00 00 FF 00 00 00
  can0  110   [8]  01 00 00 00 00 00 00 00
  can0  111   [8]  7C 0C 02 00 00 00 00 00
  can0  112   [8]  03 03 77 77 04 04 04 04
  can0  101   [8]  12 17 00 00 00 00 00 11
  can0  103   [8]  00 00 00 00 00 00 00 00
  can0  113   [8]  6C 3E 0A 00 D0 57 0A 00
  can0  114   [8]  00 00 00 00 00 00 80 00
  can0  115   [8]  00 00 00 00 00 00 00 00
  can0  116   [8]  00 08 00 08 00 00 00 00
  can0  100   [8]  62 90 64 9C 64 9C 77 33
  can0  102   [8]  00 00 00 00 FF 00 00 00
  can0  110   [8]  01 00 00 00 00 00 00 00
  can0  111   [8]  7D 0C 02 00 00 00 00 00
  can0  112   [8]  03 03 77 77 04 04 04 04
  can0  101   [8]  4E 18 00 00 00 00 00 11
  can0  103   [8]  00 00 00 00 00 00 00 00
  can0  113   [8]  71 3E 0A 00 D5 57 0A 00
  can0  114   [8]  00 00 00 00 00 00 80 00
  can0  115   [8]  00 00 00 00 00 00 00 00
  can0  116   [8]  00 08 00 08 00 00 00 00
  can0  100   [8]  3F 91 64 9C 64 9C 77 33
  can0  102   [8]  00 00 00 00 FF 00 00 00
  can0  110   [8]  01 00 00 00 00 00 00 00
  can0  111   [8]  7E 0C 02 00 00 00 00 00
  can0  112   [8]  03 03 77 77 04 04 04 04
  can0  101   [8]  13 19 00 00 00 00 00 11
  can0  103   [8]  00 00 00 00 00 00 00 00
  can0  113   [8]  76 3E 0A 00 DA 57 0A 00
  can0  114   [8]  00 00 00 00 00 00 80 00
  can0  115   [8]  00 00 00 00 00 00 00 00
  can0  116   [8]  00 08 00 08 00 00 00 00
  can0  100   [8]  D8 92 64 9C 64 9C 77 33
  can0  102   [8]  00 00 00 00 FF 00 00 00
  can0  110   [8]  01 00 00 00 00 00 00 00
  can0  111   [8]  7F 0C 02 00 00 00 00 00
  can0  112   [8]  03 03 77 77 04 04 04 04
  can0  101   [8]  F4 1A 00 00 00 00 00 11
  can0  103   [8]  00 00 00 00 00 00 00 00
  can0  113   [8]  7B 3E 0A 00 DF 57 0A 00
  can0  114   [8]  00 00 00 00 00 00 80 00
  can0  115   [8]  00 00 00 00 00 00 00 00
  can0  116   [8]  00 08 00 08 00 00 00 00
  can0  100   [8]  85 93 64 9C 64 9C 77 33
  can0  102   [8]  00 00 00 00 FF 00 00 00
  can0  110   [8]  01 00 00 00 00 00 00 00
  can0  111   [8]  80 0C 02 00 00 00 00 00
  can0  112   [8]  03 03 77 77 04 04 04 04
  can0  101   [8]  A9 1B 00 00 00 00 00 11
  can0  103   [8]  00 00 00 00 00 00 00 00
  can0  113   [8]  80 3E 0A 00 E4 57 0A 00
  can0  114   [8]  00 00 00 00 00 00 80 00
  can0  115   [8]  00 00 00 00 00 00 00 00
  can0  116   [8]  00 08 00 08 00 00 00 00
  can0  610   [8]  EC 51 50 BF AE 47 21 BE
  can0  611   [4]  AE 47 21 3E
  can0  630   [1]  F0
  can0  100   [8]  0B 94 64 9C 64 9C 77 33
  can0  102   [8]  00 00 00 00 FF 00 00 00
  can0  110   [8]  01 00 00 00 00 00 00 00
  can0  111   [8]  81 0C 02 00 00 00 00 00
  can0  112   [8]  03 03 77 77 04 04 04 04
  can0  101   [8]  27 1C 00 00 00 00 00 11
  can0  103   [8]  00 00 00 00 00 00 00 00
  can0  113   [8]  85 3E 0A 00 E9 57 0A 00
  can0  114   [8]  00 00 00 00 00 00 80 00
  can0  115   [8]  00 00 00 00 00 00 00 00
  can0  116   [8]  00 08 00 08 00 00 00 00
  can0  100   [8]  56 95 64 9C 64 9C 77 33
  can0  102   [8]  00 00 00 00 FF 00 00 00
  can0  110   [8]  01 00 00 00 00 00 00 00
  can0  111   [8]  82 0C 02 00 00 00 00 00
  can0  112   [8]  03 03 77 77 04 04 04 04
  can0  101   [8]  7A 1D 00 00 00 00 00 11
  can0  103   [8]  00 00 00 00 00 00 00 00
  can0  113   [8]  8A 3E 0A 00 EE 57 0A 00
  can0  114   [8]  00 00 00 00 00 00 80 00
  can0  115   [8]  00 00 00 00 00 00 00 00
  can0  116   [8]  00 08 00 08 00 00 00 00
  can0  402   [8]  02 00 17 15 FF 2C 00 10
  can0  403   [8]  02 01 2C 12 3C 34 00 00
  can0  405   [8]  03 01 00 00 00 00 00 00
  can0  404   [8]  03 00 00 00 00 00 00 00
  can0  100   [8]  B1 96 64 9C 64 9C 77 33
  can0  102   [8]  00 00 00 00 FF 00 00 00
  can0  110   [8]  01 00 00 00 00 00 00 00
  can0  111   [8]  83 0C 02 00 00 00 00 00
  can0  112   [8]  03 03 77 77 04 04 04 04
  can0  101   [8]  9D 1E 00 00 00 00 00 11
  can0  103   [8]  00 00 00 00 00 00 00 00
  can0  113   [8]  8F 3E 0A 00 F3 57 0A 00
  can0  114   [8]  00 00 00 00 00 00 80 00
  can0  115   [8]  00 00 00 00 00 00 00 00
  can0  116   [8]  00 08 00 08 00 00 00 00
  can0  100   [8]  EC 97 64 9C 64 9C 77 33
  can0  102   [8]  00 00 00 00 FF 00 00 00
  can0  110   [8]  01 00 00 00 00 00 00 00
  can0  111   [8]  84 0C 02 00 00 00 00 00
  can0  112   [8]  03 03 77 77 04 04 04 04
  can0  101   [8]  C0 1F 00 00 00 00 00 11
  can0  103   [8]  00 00 00 00 00 00 00 00
  can0  113   [8]  94 3E 0A 00 F8 57 0A 00
  can0  114   [8]  00 00 00 00 00 00 80 00
  can0  115   [8]  00 00 00 00 00 00 00 00
  can0  116   [8]  00 08 00 08 00 00 00 00
  can0  100   [8]  B0 98 64 9C 64 9C 77 33
  can0  102   [8]  00 00 00 00 FF 00 00 00
  can0  110   [8]  01 00 00 00 00 00 00 00
  can0  111   [8]  85 0C 02 00 00 00 00 00
  can0  112   [8]  03 03 77 77 04 04 04 04
  can0  101   [8]  4A 20 00 00 00 00 00 11
  can0  103   [8]  00 00 00 00 00 00 00 00
  can0  113   [8]  99 3E 0A 00 FD 57 0A 00
  can0  114   [8]  00 00 00 00 00 00 80 00
  can0  115   [8]  00 00 00 00 00 00 00 00
  can0  116   [8]  00 08 00 08 00 00 00 00
  can0  630   [1]  F0
  can0  100   [8]  ED 99 64 9C 64 9C 77 33
  can0  102   [8]  00 00 00 00 FF 00 00 00
  can0  110   [8]  01 00 00 00 00 00 00 00
  can0  111   [8]  86 0C 02 00 00 00 00 00
  can0  112   [8]  03 03 77 77 04 04 04 04
  can0  101   [8]  17 21 00 00 00 00 00 11
  can0  103   [8]  00 00 00 00 00 00 00 00
  can0  113   [8]  9E 3E 0A 00 02 58 0A 00
  can0  114   [8]  00 00 00 00 00 00 80 00
  can0  115   [8]  00 00 00 00 00 00 00 00
  can0  116   [8]  00 08 00 08 00 00 00 00
  can0  100   [8]  0A 9A 64 9C 64 9C 77 33
  can0  102   [8]  00 00 00 00 FF 00 00 00
  can0  110   [8]  01 00 00 00 00 00 00 00
  can0  111   [8]  87 0C 02 00 00 00 00 00
  can0  112   [8]  03 03 77 77 04 04 04 04
  can0  101   [8]  F0 22 00 00 00 00 00 11
  can0  103   [8]  00 00 00 00 00 00 00 00
  can0  113   [8]  A3 3E 0A 00 07 58 0A 00
  can0  114   [8]  00 00 00 00 00 00 80 00
  can0  115   [8]  00 00 00 00 00 00 00 00
  can0  116   [8]  00 08 00 08 00 00 00 00
  can0  100   [8]  57 9B 64 9C 64 9C 77 33
  can0  102   [8]  00 00 00 00 FF 00 00 00
  can0  110   [8]  01 00 00 00 00 00 00 00
  can0  111   [8]  88 0C 02 00 00 00 00 00
  can0  112   [8]  03 03 77 77 04 04 04 04
  can0  101   [8]  AD 23 00 00 00 00 00 11
  can0  103   [8]  00 00 00 00 00 00 00 00
  can0  113   [8]  A8 3E 0A 00 0C 58 0A 00
  can0  114   [8]  00 00 00 00 00 00 80 00
  can0  115   [8]  00 00 00 00 00 00 00 00
  can0  116   [8]  00 08 00 08 00 00 00 00
  can0  620   [3]  02 00 01
  can0  621   [8]  00 00 00 00 00 00 00 00
  can0  622   [7]  00 00 00 00 00 00 00
  can0  623   [7]  00 00 00 00 00 00 00
  can0  624   [4]  00 00 00 00
  can0  625   [8]  E1 FA C7 42 E1 FA C7 42
  can0  626   [4]  E1 FA C7 42
  can0  627   [6]  00 00 00 00 00 00
  can0  100   [8]  D9 9C 64 9C 64 9C 77 33
  can0  102   [8]  00 00 00 00 FF 00 00 00
  can0  110   [8]  01 00 00 00 00 00 00 00
  can0  111   [8]  89 0C 02 00 00 00 00 00
  can0  112   [8]  03 03 77 77 04 04 04 04
  can0  101   [8]  23 24 00 00 00 00 00 11
  can0  103   [8]  00 00 00 00 00 00 00 00
  can0  113   [8]  AD 3E 0A 00 11 58 0A 00
  can0  114   [8]  00 00 00 00 00 00 80 00
  can0  115   [8]  00 00 00 00 00 00 00 00
  can0  116   [8]  00 08 00 08 00 00 00 00
  can0  100   [8]  84 9D 64 9C 64 9C 77 33
  can0  102   [8]  00 00 00 00 FF 00 00 00
  can0  110   [8]  01 00 00 00 00 00 00 00
  can0  111   [8]  8A 0C 02 00 00 00 00 00
  can0  112   [8]  03 03 77 77 04 04 04 04
  can0  101   [8]  7E 25 00 00 00 00 00 11
  can0  103   [8]  00 00 00 00 00 00 00 00
  can0  113   [8]  B2 3E 0A 00 16 58 0A 00
  can0  114   [8]  00 00 00 00 00 00 80 00
  can0  115   [8]  00 00 00 00 00 00 00 00
  can0  116   [8]  00 08 00 08 00 00 00 00
  can0  600   [8]  EE FF F1 FF FA 00 02 03
  can0  601   [6]  0D 00 FC FF 83 01
  can0  610   [8]  B8 1E C5 BE 71 3D 2A BE
  can0  611   [4]  85 EB F1 3E
  can0  630   [1]  F0
  can0  100   [8]  63 9E 64 9C 64 9C 77 33
  can0  102   [8]  00 00 00 00 FF 00 00 00
  can0  110   [8]  01 00 00 00 00 00 00 00
  can0  111   [8]  8B 0C 02 00 00 00 00 00
  can0  112   [8]  03 03 77 77 04 04 04 04
  can0  101   [8]  99 26 00 00 00 00 00 11
  can0  103   [8]  00 00 00 00 00 00 00 00
  can0  113   [8]  B7 3E 0A 00 1B 58 0A 00
  can0  114   [8]  00 00 00 00 00 00 80 00
  can0  115   [8]  00 00 00 00 00 00 00 00
  can0  116   [8]  00 08 00 08 00 00 00 00
  can0  100   [8]  3E 9F 64 9C 64 9C 77 33
  can0  102   [8]  00 00 00 00 FF 00 00 00
  can0  110   [8]  01 00 00 00 00 00 00 00
  can0  111   [8]  8C 0C 02 00 00 00 00 00
  can0  112   [8]  03 03 77 77 04 04 04 04
  can0  101   [8]  C4 27 00 00 00 00 00 11
  can0  103   [8]  00 00 00 00 00 00 00 00
  can0  113   [8]  BC 3E 0A 00 20 58 0A 00
  can0  114   [8]  00 00 00 00 00 00 80 00
  can0  115   [8]  00 00 00 00 00 00 00 00
  can0  116   [8]  00 08 00 08 00 00 00 00
  can0  100   [8]  B4 A0 64 9C 64 9C 77 33
  can0  102   [8]  00 00 00 00 FF 00 00 00
  can0  110   [8]  01 00 00 00 00 00 00 00
  can0  111   [8]  8D 0C 02 00 00 00 00 00
  can0  112   [8]  03 03 77 77 04 04 04 04
  can0  101   [8]  98 28 00 00 00 00 00 11
  can0  103   [8]  00 00 00 00 00 00 00 00
  can0  113   [8]  C1 3E 0A 00 25 58 0A 00
  can0  114   [8]  00 00 00 00 00 00 80 00
  can0  115   [8]  00 00 00 00 00 00 00 00
  can0  116   [8]  00 08 00 08 00 00 00 00
  can0  100   [8]  E9 A1 64 9C 64 9C 77 33
  can0  102   [8]  00 00 00 00 FF 00 00 00
  can0  110   [8]  01 00 00 00 00 00 00 00
  can0  111   [8]  8E 0C 02 00 00 00 00 00
  can0  112   [8]  03 03 77 77 04 04 04 04
  can0  101   [8]  C5 29 00 00 00 00 00 11
  can0  103   [8]  00 00 00 00 00 00 00 00
  can0  113   [8]  C6 3E 0A 00 2A 58 0A 00
  can0  114   [8]  00 00 00 00 00 00 80 00
  can0  115   [8]  00 00 00 00 00 00 00 00
  can0  116   [8]  00 08 00 08 00 00 00 00
  can0  100   [8]  0E A2 64 9C 64 9C 77 33
  can0  102   [8]  00 00 00 00 FF 00 00 00
  can0  110   [8]  01 00 00 00 00 00 00 00
  can0  111   [8]  8F 0C 02 00 00 00 00 00
  can0  112   [8]  03 03 77 77 04 04 04 04
  can0  101   [8]  22 2A 00 00 00 00 00 11
  can0  103   [8]  00 00 00 00 00 00 00 00
  can0  113   [8]  CB 3E 0A 00 2F 58 0A 00
  can0  114   [8]  00 00 00 00 00 00 80 00
  can0  115   [8]  00 00 00 00 00 00 00 00
  can0  116   [8]  00 08 00 08 00 00 00 00
  can0  630   [1]  F0
  can0  100   [8]  53 A3 64 9C 64 9C 77 33
  can0  102   [8]  00 00 00 00 FF 00 00 00
  can0  110   [8]  01 00 00 00 00 00 00 00
  can0  111   [8]  90 0C 02 00 00 00 00 00
  can0  112   [8]  03 03 77 77 04 04 04 04
  can0  101   [8]  7F 2B 00 00 00 00 00 11
  can0  103   [8]  00 00 00 00 00 00 00 00
  can0  113   [8]  D0 3E 0A 00 34 58 0A 00
  can0  114   [8]  00 00 00 00 00 00 80 00
  can0  115   [8]  00 00 00 00 00 00 00 00
  can0  116   [8]  00 08 00 08 00 00 00 00
  can0  101   [8]  F1 2C 00 00 00 00 00 11
  can0  103   [8]  00 00 00 00 00 00 00 00
  can0  100   [8]  DD A4 64 9C 64 9C 77 33
  can0  102   [8]  00 00 00 00 FF 00 00 00
  can0  110   [8]  01 00 00 00 00 00 00 00
  can0  111   [8]  91 0C 02 00 00 00 00 00
  can0  112   [8]  03 03 77 77 04 04 04 04
  can0  113   [8]  D5 3E 0A 00 39 58 0A 00
  can0  114   [8]  00 00 00 00 00 00 80 00
  can0  115   [8]  00 00 00 00 00 00 00 00
  can0  116   [8]  00 08 00 08 00 00 00 00
  can0  101   [8]  AC 2D 00 00 00 00 00 11
  can0  103   [8]  00 00 00 00 00 00 00 00
  can0  100   [8]  80 A5 64 9C 64 9C 77 33
  can0  102   [8]  00 00 00 00 FF 00 00 00
  can0  110   [8]  01 00 00 00 00 00 00 00
  can0  111   [8]  92 0C 02 00 00 00 00 00
  can0  112   [8]  03 03 77 77 04 04 04 04
  can0  113   [8]  DA 3E 0A 00 3E 58 0A 00
  can0  114   [8]  00 00 00 00 00 00 80 00
  can0  115   [8]  00 00 00 00 00 00 00 00
  can0  116   [8]  00 08 00 08 00 00 00 00
  can0  101   [8]  4B 2E 00 00 00 00 00 11
  can0  103   [8]  00 00 00 00 00 00 00 00
  can0  100   [8]  67 A6 64 9C 64 9C 77 33
  can0  102   [8]  00 00 00 00 FF 00 00 00
  can0  110   [8]  01 00 00 00 00 00 00 00
  can0  111   [8]  93 0C 02 00 00 00 00 00
  can0  112   [8]  03 03 77 77 04 04 04 04
  can0  113   [8]  DF 3E 0A 00 43 58 0A 00
  can0  114   [8]  00 00 00 00 00 00 80 00
  can0  115   [8]  00 00 00 00 00 00 00 00
  can0  116   [8]  00 08 00 08 00 00 00 00
  can0  101   [8]  16 2F 00 00 00 00 00 11
  can0  103   [8]  00 00 00 00 00 00 00 00
  can0  100   [8]  3A A7 64 9C 64 9C 77 33
  can0  102   [8]  00 00 00 00 FF 00 00 00
  can0  110   [8]  01 00 00 00 00 00 00 00
  can0  111   [8]  94 0C 02 00 00 00 00 00
  can0  112   [8]  03 03 77 77 04 04 04 04
  can0  113   [8]  E4 3E 0A 00 48 58 0A 00
  can0  114   [8]  00 00 00 00 00 00 80 00
  can0  115   [8]  00 00 00 00 00 00 00 00
  can0  116   [8]  00 08 00 08 00 00 00 00
  can0  610   [8]  B8 1E C5 BE 71 3D 2A BE
  can0  611   [4]  85 EB F1 3E
  can0  630   [1]  F0
  can0  101   [8]  F3 30 00 00 00 00 00 11
  can0  103   [8]  00 00 00 00 00 00 00 00
  can0  100   [8]  66 A8 64 9C 64 9C 77 33
  can0  102   [8]  00 00 00 00 FF 00 00 00
  can0  110   [8]  01 00 00 00 00 00 00 00
  can0  111   [8]  95 0C 02 00 00 00 00 00
  can0  112   [8]  03 03 77 77 04 04 04 04
  can0  113   [8]  E9 3E 0A 00 4D 58 0A 00
  can0  114   [8]  00 00 00 00 00 00 80 00
  can0  115   [8]  00 00 00 00 00 00 00 00
  can0  116   [8]  00 08 00 08 00 00 00 00
  can0  101   [8]  AE 31 00 00 00 00 00 11
  can0  103   [8]  00 00 00 00 00 00 00 00
  can0  100   [8]  3B A9 64 9C 64 9C 77 33
  can0  102   [8]  00 00 00 00 FF 00 00 00
  can0  110   [8]  01 00 00 00 00 00 00 00
  can0  111   [8]  96 0C 02 00 00 00 00 00
  can0  112   [8]  03 03 77 77 04 04 04 04
  can0  113   [8]  EE 3E 0A 00 52 58 0A 00
  can0  114   [8]  00 00 00 00 00 00 80 00
  can0  115   [8]  00 00 00 00 00 00 00 00
  can0  116   [8]  00 08 00 08 00 00 00 00
  can0  101   [8]  49 32 00 00 00 00 00 11
  can0  103   [8]  00 00 00 00 00 00 00 00
  can0  100   [8]  DC AA 64 9C 64 9C 77 33
  can0  102   [8]  00 00 00 00 FF 00 00 00
  can0  110   [8]  01 00 00 00 00 00 00 00
  can0  111   [8]  97 0C 02 00 00 00 00 00
  can0  112   [8]  03 03 77 77 04 04 04 04
  can0  113   [8]  F3 3E 0A 00 57 58 0A 00
  can0  114   [8]  00 00 00 00 00 00 80 00
  can0  115   [8]  00 00 00 00 00 00 00 00
  can0  116   [8]  00 08 00 08 00 00 00 00
  can0  101   [8]  14 33 00 00 00 00 00 11
  can0  103   [8]  00 00 00 00 00 00 00 00
  can0  100   [8]  81 AB 64 9C 64 9C 77 33
  can0  102   [8]  00 00 00 00 FF 00 00 00
  can0  110   [8]  01 00 00 00 00 00 00 00
  can0  111   [8]  98 0C 02 00 00 00 00 00
  can0  112   [8]  03 03 77 77 04 04 04 04
  can0  113   [8]  F8 3E 0A 00 5C 58 0A 00
  can0  114   [8]  00 00 00 00 00 00 80 00
  can0  115   [8]  00 00 00 00 00 00 00 00
  can0  116   [8]  00 08 00 08 00 00 00 00
  can0  101   [8]  9A 34 00 00 00 00 00 11
  can0  103   [8]  00 00 00 00 00 00 00 00
  can0  100   [8]  0F AC 64 9C 64 9C 77 33
  can0  102   [8]  00 00 00 00 FF 00 00 00
  can0  110   [8]  01 00 00 00 00 00 00 00
  can0  111   [8]  99 0C 02 00 00 00 00 00
  can0  112   [8]  03 03 77 77 04 04 04 04
  can0  113   [8]  FD 3E 0A 00 61 58 0A 00
  can0  114   [8]  00 00 00 00 00 00 80 00
  can0  115   [8]  00 00 00 00 00 00 00 00
  can0  116   [8]  00 08 00 08 00 00 00 00
  can0  600   [8]  EC FF F1 FF FC 00 02 03
  can0  601   [6]  10 00 FA FF 86 01
  can0  630   [1]  F0
  can0  101   [8]  C7 35 00 00 00 00 00 11
  can0  103   [8]  00 00 00 00 00 00 00 00
  can0  100   [8]  52 AD 64 9C 64 9C 77 33
  can0  102   [8]  00 00 00 00 FF 00 00 00
  can0  110   [8]  01 00 00 00 00 00 00 00
  can0  111   [8]  9A 0C 02 00 00 00 00 00
  can0  112   [8]  03 03 77 77 04 04 04 04
  can0  113   [8]  02 3F 0A 00 66 58 0A 00
  can0  114   [8]  00 00 00 00 00 00 80 00
  can0  115   [8]  00 00 00 00 00 00 00 00
  can0  116   [8]  00 08 00 08 00 00 00 00
  can0  101   [8]  20 36 00 00 00 00 00 11
  can0  103   [8]  00 00 00 00 00 00 00 00
  can0  100   [8]  B5 AE 64 9C 64 9C 77 33
  can0  102   [8]  00 00 00 00 FF 00 00 00
  can0  110   [8]  01 00 00 00 00 00 00 00
  can0  111   [8]  9B 0C 02 00 00 00 00 00
  can0  112   [8]  03 03 77 77 04 04 04 04
  can0  113   [8]  07 3F 0A 00 6B 58 0A 00
  can0  114   [8]  00 00 00 00 00 00 80 00
  can0  115   [8]  00 00 00 00 00 00 00 00
  can0  116   [8]  00 08 00 08 00 00 00 00
  can0  101   [8]  7D 37 00 00 00 00 00 11
  can0  103   [8]  00 00 00 00 00 00 00 00
  can0  100   [8]  E8 AF 64 9C 64 9C 77 33
  can0  102   [8]  00 00 00 00 FF 00 00 00
  can0  110   [8]  00 00 00 00 00 00 00 00
  can0  111   [8]  9C 0C 02 00 00 00 00 00
  can0  112   [8]  03 03 77 77 04 04 04 04
  can0  113   [8]  0C 3F 0A 00 70 58 0A 00
  can0  114   [8]  00 00 00 00 00 00 80 00
  can0  115   [8]  00 00 00 00 00 00 00 00
  can0  116   [8]  00 08 00 08 00 00 00 00
  can0  620   [3]  02 00 01
  can0  621   [8]  00 00 00 00 00 00 00 00
  can0  622   [7]  00 00 00 00 00 00 00
  can0  623   [7]  00 00 00 00 00 00 00
  can0  624   [4]  00 00 00 00
  can0  625   [8]  E1 FA C7 42 E1 FA C7 42
  can0  626   [4]  E1 FA C7 42
  can0  627   [6]  00 00 00 00 00 00
  can0  101   [8]  21 38 00 00 00 00 00 11
  can0  103   [8]  00 00 00 00 00 00 00 00
  can0  100   [8]  0D B0 64 9C 64 9C 77 33
  can0  102   [8]  00 00 00 00 FF 00 00 00
  can0  110   [8]  00 00 00 00 00 00 00 00
  can0  111   [8]  9D 0C 02 00 00 00 00 00
  can0  112   [8]  03 03 77 77 04 04 04 04
  can0  113   [8]  11 3F 0A 00 75 58 0A 00
  can0  114   [8]  00 00 00 00 00 00 80 00
  can0  115   [8]  00 00 00 00 00 00 00 00
  can0  116   [8]  00 08 00 08 00 00 00 00
  can0  101   [8]  7C 39 00 00 00 00 00 11
  can0  103   [8]  00 00 00 00 00 00 00 00
  can0  100   [8]  50 B1 64 9C 64 9C 77 33
  can0  102   [8]  00 00 00 00 FF 00 00 00
  can0  110   [8]  00 00 00 00 00 00 00 00
  can0  111   [8]  9E 0C 02 00 00 00 00 00
  can0  112   [8]  03 03 77 77 04 04 04 04
  can0  113   [8]  16 3F 0A 00 7A 58 0A 00
  can0  114   [8]  00 00 00 00 00 00 80 00
  can0  115   [8]  00 00 00 00 00 00 00 00
  can0  116   [8]  00 08 00 08 00 00 00 00
  can0  610   [8]  EC 51 50 BF 7B 14 CE BE
  can0  611   [4]  F6 28 3C 3F
  can0  630   [1]  F0
  can0  101   [8]  9B 3A 00 00 00 00 00 11
  can0  103   [8]  00 00 00 00 00 00 00 00
  can0  100   [8]  B7 B2 64 9C 64 9C 77 33
  can0  102   [8]  00 00 00 00 FF 00 00 00
  can0  110   [8]  00 00 00 00 00 00 00 00
  can0  111   [8]  9F 0C 02 00 00 00 00 00
  can0  112   [8]  03 03 77 77 04 04 04 04
  can0  113   [8]  1B 3F 0A 00 7F 58 0A 00
  can0  114   [8]  00 00 00 00 00 00 80 00
  can0  115   [8]  00 00 00 00 00 00 00 00
  can0  116   [8]  00 08 00 08 00 00 00 00
  can0  101   [8]  C6 3B 00 00 00 00 00 11
  can0  103   [8]  00 00 00 00 00 00 00 00
  can0  100   [8]  EA B3 64 9C 64 9C 77 33
  can0  102   [8]  00 00 00 00 FF 00 00 00
  can0  110   [8]  00 00 00 00 00 00 00 00
  can0  111   [8]  A0 0C 02 00 00 00 00 00
  can0  112   [8]  03 03 77 77 04 04 04 04
  can0  113   [8]  20 3F 0A 00 84 58 0A 00
  can0  114   [8]  00 00 00 00 00 00 80 00
  can0  115   [8]  00 00 00 00 00 00 00 00
  can0  116   [8]  00 08 00 08 00 00 00 00
  can0  101   [8]  48 3C 00 00 00 00 00 11
  can0  103   [8]  00 00 00 00 00 00 00 00
  can0  100   [8]  64 B4 64 9C 64 9C 77 33
  can0  102   [8]  00 00 00 00 FF 00 00 00
  can0  110   [8]  00 00 00 00 00 00 00 00
  can0  111   [8]  A1 0C 02 00 00 00 00 00
  can0  112   [8]  03 03 77 77 04 04 04 04
  can0  113   [8]  25 3F 0A 00 89 58 0A 00
  can0  114   [8]  00 00 00 00 00 00 80 00
  can0  115   [8]  00 00 00 00 00 00 00 00
  can0  116   [8]  00 08 00 08 00 00 00 00
  can0  101   [8]  15 3D 00 00 00 00 00 11
  can0  103   [8]  00 00 00 00 00 00 00 00
  can0  100   [8]  39 B5 64 9C 64 9C 77 33
  can0  102   [8]  00 00 00 00 FF 00 00 00
  can0  110   [8]  00 00 00 00 00 00 00 00
  can0  111   [8]  A2 0C 02 00 00 00 00 00
  can0  112   [8]  03 03 77 77 04 04 04 04
  can0  113   [8]  2A 3F 0A 00 8E 58 0A 00
  can0  114   [8]  00 00 00 00 00 00 80 00
  can0  115   [8]  00 00 00 00 00 00 00 00
  can0  116   [8]  00 08 00 08 00 00 00 00
  can0  101   [8]  F2 3E 00 00 00 00 00 11
  can0  103   [8]  00 00 00 00 00 00 00 00
  can0  100   [8]  DE B6 64 9C 64 9C 77 33
  can0  102   [8]  00 00 00 00 FF 00 00 00
  can0  110   [8]  00 00 00 00 00 00 00 00
  can0  111   [8]  A3 0C 02 00 00 00 00 00
  can0  112   [8]  03 03 77 77 04 04 04 04
  can0  113   [8]  2F 3F 0A 00 93 58 0A 00
  can0  114   [8]  00 00 00 00 00 00 80 00
  can0  115   [8]  00 00 00 00 00 00 00 00
  can0  116   [8]  00 08 00 08 00 00 00 00
  can0  630   [1]  F0
  can0  101   [8]  AF 3F 00 00 00 00 00 11
  can0  103   [8]  00 00 00 00 00 00 00 00
  can0  100   [8]  83 B7 64 9C 64 9C 77 33
  can0  102   [8]  00 00 00 00 FF 00 00 00
  can0  110   [8]  00 00 00 00 00 00 00 00
  can0  111   [8]  A4 0C 02 00 00 00 00 00
  can0  112   [8]  03 03 77 77 04 04 04 04
  can0  113   [8]  34 3F 0A 00 98 58 0A 00
  can0  114   [8]  00 00 00 00 00 00 80 00
  can0  115   [8]  00 00 00 00 00 00 00 00
  can0  116   [8]  00 08 00 08 00 00 00 00
  can0  101   [8]  FB 40 00 00 00 00 00 11
  can0  103   [8]  00 00 00 00 00 00 00 00
  can0  100   [8]  DF B8 64 9C 64 9C 77 33
  can0  102   [8]  00 00 00 00 FF 00 00 00
  can0  110   [8]  00 00 00 00 00 00 00 00
  can0  111   [8]  A5 0C 02 00 00 00 00 00
  can0  112   [8]  03 03 77 77 04 04 04 04
  can0  113   [8]  39 3F 0A 00 9D 58 0A 00
  can0  114   [8]  00 00 00 00 00 00 80 00
  can0  115   [8]  00 00 00 00 00 00 00 00
  can0  116   [8]  00 08 00 08 00 00 00 00
  can0  101   [8]  A6 41 00 00 00 00 00 11
  can0  103   [8]  00 00 00 00 00 00 00 00
  can0  100   [8]  82 B9 64 9C 64 9C 77 33
  can0  102   [8]  00 00 00 00 FF 00 00 00
  can0  110   [8]  00 00 00 00 00 00 00 00
  can0  111   [8]  A6 0C 02 00 00 00 00 00
  can0  112   [8]  03 03 77 77 04 04 04 04
  can0  113   [8]  3E 3F 0A 00 A2 58 0A 00
  can0  114   [8]  00 00 00 00 00 00 80 00
  can0  115   [8]  00 00 00 00 00 00 00 00
  can0  116   [8]  00 08 00 08 00 00 00 00
  can0  101   [8]  41 42 00 00 00 00 00 11
  can0  103   [8]  00 00 00 00 00 00 00 00
  can0  100   [8]  65 BA 64 9C 64 9C 77 33
  can0  102   [8]  00 00 00 00 FF 00 00 00
  can0  110   [8]  00 00 00 00 00 00 00 00
  can0  111   [8]  A7 0C 02 00 00 00 00 00
  can0  112   [8]  03 03 77 77 04 04 04 04
  can0  113   [8]  43 3F 0A 00 A7 58 0A 00
  can0  114   [8]  00 00 00 00 00 00 80 00
  can0  115   [8]  00 00 00 00 00 00 00 00
  can0  116   [8]  00 08 00 08 00 00 00 00
  can0  101   [8]  1C 43 00 00 00 00 00 11
  can0  103   [8]  00 00 00 00 00 00 00 00
  can0  100   [8]  38 BB 64 9C 64 9C 77 33
  can0  102   [8]  00 00 00 00 FF 00 00 00
  can0  110   [8]  00 00 00 00 00 00 00 00
  can0  111   [8]  A8 0C 02 00 00 00 00 00
  can0  112   [8]  03 03 77 77 04 04 04 04
  can0  113   [8]  48 3F 0A 00 AC 58 0A 00
  can0  114   [8]  00 00 00 00 00 00 80 00
  can0  115   [8]  00 00 00 00 00 00 00 00
  can0  116   [8]  00 08 00 08 00 00 00 00
  can0  600   [8]  ED FF F1 FF FA 00 01 03
  can0  601   [6]  13 00 FA FF 82 01
  can0  610   [8]  EC 51 50 BF 7B 14 CE BE
  can0  611   [4]  F6 28 3C 3F
  can0  630   [1]  F0
  can0  101   [8]  92 44 00 00 00 00 00 11
  can0  103   [8]  00 00 00 00 00 00 00 00
  can0  100   [8]  B6 BC 64 9C 64 9C 77 33
  can0  102   [8]  00 00 00 00 FF 00 00 00
  can0  110   [8]  00 00 00 00 00 00 00 00
  can0  111   [8]  A9 0C 02 00 00 00 00 00
  can0  112   [8]  03 03 77 77 04 04 04 04
  can0  113   [8]  4D 3F 0A 00 B1 58 0A 00
  can0  114   [8]  00 00 00 00 00 00 80 00
  can0  115   [8]  00 00 00 00 00 00 00 00
  can0  116   [8]  00 08 00 08 00 00 00 00
  can0  101   [8]  CF 45 00 00 00 00 00 11
  can0  103   [8]  00 00 00 00 00 00 00 00
  can0  100   [8]  EB BD 64 9C 64 9C 77 33
  can0  102   [8]  00 00 00 00 FF 00 00 00
  can0  110   [8]  00 00 00 00 00 00 00 00
  can0  111   [8]  AA 0C 02 00 00 00 00 00
  can0  112   [8]  03 03 77 77 04 04 04 04
  can0  113   [8]  52 3F 0A 00 B6 58 0A 00
  can0  114   [8]  00 00 00 00 00 00 80 00
  can0  115   [8]  00 00 00 00 00 00 00 00
  can0  116   [8]  00 08 00 08 00 00 00 00
  can0  402   [8]  02 00 17 15 FF 2C 00 10
  can0  404   [8]  03 00 00 00 00 00 00 00
  can0  403   [8]  02 01 2C 12 3C 34 00 00
  can0  405   [8]  03 01 00 00 00 00 00 00
  can0  101   [8]  28 46 00 00 00 00 00 11
  can0  103   [8]  00 00 00 00 00 00 00 00
  can0  100   [8]  0C BE 64 9C 64 9C 77 33
  can0  102   [8]  00 00 00 00 FF 00 00 00
  can0  110   [8]  00 00 00 00 00 00 00 00
  can0  111   [8]  AB 0C 02 00 00 00 00 00
  can0  112   [8]  03 03 77 77 04 04 04 04
  can0  113   [8]  57 3F 0A 00 BB 58 0A 00
  can0  114   [8]  00 00 00 00 00 00 80 00
  can0  115   [8]  00 00 00 00 00 00 00 00
  can0  116   [8]  00 08 00 08 00 00 00 00
  can0  101   [8]  75 47 00 00 00 00 00 11
  can0  103   [8]  00 00 00 00 00 00 00 00
  can0  100   [8]  51 BF 64 9C 64 9C 77 33
  can0  102   [8]  00 00 00 00 FF 00 00 00
  can0  110   [8]  00 00 00 00 00 00 00 00
  can0  111   [8]  AC 0C 02 00 00 00 00 00
  can0  112   [8]  03 03 77 77 04 04 04 04
  can0  113   [8]  5C 3F 0A 00 C0 58 0A 00
  can0  114   [8]  00 00 00 00 00 00 80 00
  can0  115   [8]  00 00 00 00 00 00 00 00
  can0  116   [8]  00 08 00 08 00 00 00 00
  can0  101   [8]  29 48 00 00 00 00 00 11
  can0  103   [8]  00 00 00 00 00 00 00 00
  can0  100   [8]  05 C0 64 9C 64 9C 77 33
  can0  102   [8]  00 00 00 00 FF 00 00 00
  can0  110   [8]  00 00 00 00 00 00 00 00
  can0  111   [8]  AC 0C 02 00 00 00 00 00
  can0  112   [8]  03 03 77 77 04 04 04 04
  can0  113   [8]  5C 3F 0A 00 C5 58 0A 00
  can0  114   [8]  00 00 00 00 00 00 80 00
  can0  115   [8]  00 00 00 00 00 00 00 00
  can0  116   [8]  00 08 00 08 00 00 00 00
  can0  630   [1]  F0
  can0  101   [8]  74 49 00 00 00 00 00 11
  can0  103   [8]  00 00 00 00 00 00 00 00
  can0  100   [8]  58 C1 64 9C 64 9C 77 33
  can0  102   [8]  00 00 00 00 FF 00 00 00
  can0  110   [8]  00 00 00 00 00 00 00 00
  can0  111   [8]  AD 0C 02 00 00 00 00 00
  can0  112   [8]  03 03 77 77 04 04 04 04
  can0  113   [8]  61 3F 0A 00 CA 58 0A 00
  can0  114   [8]  00 00 00 00 00 00 80 00
  can0  115   [8]  00 00 00 00 00 00 00 00
  can0  116   [8]  00 08 00 08 00 00 00 00
  can0  101   [8]  93 4A 00 00 00 00 00 11
  can0  103   [8]  00 00 00 00 00 00 00 00
  can0  100   [8]  BF C2 64 9C 64 9C 77 33
  can0  102   [8]  00 00 00 00 FF 00 00 00
  can0  110   [8]  00 00 00 00 00 00 00 00
  can0  111   [8]  AE 0C 02 00 00 00 00 00
  can0  112   [8]  03 03 77 77 04 04 04 04
  can0  113   [8]  66 3F 0A 00 CF 58 0A 00
  can0  114   [8]  00 00 00 00 00 00 80 00
  can0  115   [8]  00 00 00 00 00 00 00 00
  can0  116   [8]  00 08 00 08 00 00 00 00
  can0  101   [8]  CE 4B 00 00 00 00 00 11
  can0  103   [8]  00 00 00 00 00 00 00 00
  can0  100   [8]  E2 C3 64 9C 64 9C 77 33
  can0  102   [8]  00 00 00 00 FF 00 00 00
  can0  110   [8]  00 00 00 00 00 00 00 00
  can0  111   [8]  AF 0C 02 00 00 00 00 00
  can0  112   [8]  03 03 77 77 04 04 04 04
  can0  113   [8]  6B 3F 0A 00 D4 58 0A 00
  can0  114   [8]  00 00 00 00 00 00 80 00
  can0  115   [8]  00 00 00 00 00 00 00 00
  can0  116   [8]  00 08 00 08 00 00 00 00
  can0  620   [3]  02 00 01
  can0  621   [8]  00 00 00 00 00 00 00 00
  can0  622   [7]  00 00 00 00 00 00 00
  can0  623   [7]  00 00 00 00 00 00 00
  can0  624   [4]  00 00 00 00
  can0  625   [8]  E1 FA C7 42 E1 FA C7 42
  can0  626   [4]  E1 FA C7 42
  can0  627   [6]  00 00 00 00 00 00
  can0  101   [8]  40 4C 00 00 00 00 00 11
  can0  103   [8]  00 00 00 00 00 00 00 00
  can0  100   [8]  6C C4 64 9C 64 9C 77 33
  can0  102   [8]  00 00 00 00 FF 00 00 00
  can0  110   [8]  00 00 00 00 00 00 00 00
  can0  111   [8]  B0 0C 02 00 00 00 00 00
  can0  112   [8]  03 03 77 77 04 04 04 04
  can0  113   [8]  70 3F 0A 00 D9 58 0A 00
  can0  114   [8]  00 00 00 00 00 00 80 00
  can0  115   [8]  00 00 00 00 00 00 00 00
  can0  116   [8]  00 08 00 08 00 00 00 00
  can0  101   [8]  1D 4D 00 00 00 00 00 11
  can0  103   [8]  00 00 00 00 00 00 00 00
  can0  100   [8]  31 C5 64 9C 64 9C 77 33
  can0  102   [8]  00 00 00 00 FF 00 00 00
  can0  110   [8]  00 00 00 00 00 00 00 00
  can0  111   [8]  B1 0C 02 00 00 00 00 00
  can0  112   [8]  03 03 77 77 04 04 04 04
  can0  113   [8]  75 3F 0A 00 DE 58 0A 00
  can0  114   [8]  00 00 00 00 00 00 80 00
  can0  115   [8]  00 00 00 00 00 00 00 00
  can0  116   [8]  00 08 00 08 00 00 00 00
  can0  610   [8]  A4 70 ED BE 3E 0A D7 3C
  can0  611   [4]  B8 1E 45 3F
  can0  630   [1]  F0
  can0  101   [8]  FA 4E 00 00 00 00 00 11
  can0  103   [8]  00 00 00 00 00 00 00 00
  can0  100   [8]  D6 C6 64 9C 64 9C 77 33
  can0  102   [8]  00 00 00 00 FF 00 00 00
  can0  110   [8]  00 00 00 00 00 00 00 00
  can0  111   [8]  B2 0C 02 00 00 00 00 00
  can0  112   [8]  03 03 77 77 04 04 04 04
  can0  113   [8]  7A 3F 0A 00 E3 58 0A 00
  can0  114   [8]  00 00 00 00 00 00 80 00
  can0  115   [8]  00 00 00 00 00 00 00 00
  can0  116   [8]  00 08 00 08 00 00 00 00
  can0  101   [8]  A7 4F 00 00 00 00 00 11
  can0  103   [8]  00 00 00 00 00 00 00 00
  can0  100   [8]  8B C7 64 9C 64 9C 77 33
  can0  102   [8]  00 00 00 00 FF 00 00 00
  can0  110   [8]  00 00 00 00 00 00 00 00
  can0  111   [8]  B3 0C 02 00 00 00 00 00
  can0  112   [8]  03 03 77 77 04 04 04 04
  can0  113   [8]  7F 3F 0A 00 E8 58 0A 00
  can0  114   [8]  00 00 00 00 00 00 80 00
  can0  115   [8]  00 00 00 00 00 00 00 00
  can0  116   [8]  00 08 00 08 00 00 00 00
  can0  101   [8]  42 50 00 00 00 00 00 11
  can0  103   [8]  00 00 00 00 00 00 00 00
  can0  100   [8]  D7 C8 64 9C 64 9C 77 33
  can0  102   [8]  00 00 00 00 FF 00 00 00
  can0  110   [8]  00 00 00 00 00 00 00 00
  can0  111   [8]  B4 0C 02 00 00 00 00 00
  can0  112   [8]  03 03 77 77 04 04 04 04
  can0  113   [8]  84 3F 0A 00 ED 58 0A 00
  can0  114   [8]  00 00 00 00 00 00 80 00
  can0  115   [8]  00 00 00 00 00 00 00 00
  can0  116   [8]  00 08 00 08 00 00 00 00
  can0  101   [8]  1F 51 00 00 00 00 00 11
  can0  103   [8]  00 00 00 00 00 00 00 00
  can0  100   [8]  8A C9 64 9C 64 9C 77 33
  can0  102   [8]  00 00 00 00 FF 00 00 00
  can0  110   [8]  00 00 00 00 00 00 00 00
  can0  111   [8]  B5 0C 02 00 00 00 00 00
  can0  112   [8]  03 03 77 77 04 04 04 04
  can0  113   [8]  89 3F 0A 00 F2 58 0A 00
  can0  114   [8]  00 00 00 00 00 00 80 00
  can0  115   [8]  00 00 00 00 00 00 00 00
  can0  116   [8]  00 08 00 08 00 00 00 00
  can0  101   [8]  F8 52 00 00 00 00 00 11
  can0  103   [8]  00 00 00 00 00 00 00 00
  can0  100   [8]  6D CA 64 9C 64 9C 77 33
  can0  102   [8]  00 00 00 00 FF 00 00 00
  can0  110   [8]  00 00 00 00 00 00 00 00
  can0  111   [8]  B6 0C 02 00 00 00 00 00
  can0  112   [8]  03 03 77 77 04 04 04 04
  can0  113   [8]  8E 3F 0A 00 F7 58 0A 00
  can0  114   [8]  00 00 00 00 00 00 80 00
  can0  115   [8]  00 00 00 00 00 00 00 00
  can0  116   [8]  00 08 00 08 00 00 00 00
  can0  600   [8]  EC FF F1 FF FB 00 01 03
  can0  601   [6]  13 00 FA FF 82 01
  can0  630   [1]  F0
  can0  101   [8]  A5 53 00 00 00 00 00 11
  can0  103   [8]  00 00 00 00 00 00 00 00
  can0  100   [8]  30 CB 64 9C 64 9C 77 33
  can0  102   [8]  00 00 00 00 FF 00 00 00
  can0  110   [8]  00 00 00 00 00 00 00 00
  can0  111   [8]  B7 0C 02 00 00 00 00 00
  can0  112   [8]  03 03 77 77 04 04 04 04
  can0  113   [8]  93 3F 0A 00 FC 58 0A 00
  can0  114   [8]  00 00 00 00 00 00 80 00
  can0  115   [8]  00 00 00 00 00 00 00 00
  can0  116   [8]  00 08 00 08 00 00 00 00
  can0  101   [8]  2B 54 00 00 00 00 00 11
  can0  103   [8]  00 00 00 00 00 00 00 00
  can0  100   [8]  BE CC 64 9C 64 9C 77 33
  can0  102   [8]  00 00 00 00 FF 00 00 00
  can0  110   [8]  00 00 00 00 00 00 00 00
  can0  111   [8]  B8 0C 02 00 00 00 00 00
  can0  112   [8]  03 03 77 77 04 04 04 04
  can0  113   [8]  98 3F 0A 00 01 59 0A 00
  can0  114   [8]  00 00 00 00 00 00 80 00
  can0  115   [8]  00 00 00 00 00 00 00 00
  can0  116   [8]  00 08 00 08 00 00 00 00
  can0  101   [8]  76 55 00 00 00 00 00 11
  can0  103   [8]  00 00 00 00 00 00 00 00
  can0  100   [8]  E3 CD 64 9C 64 9C 77 33
  can0  102   [8]  00 00 00 00 FF 00 00 00
  can0  110   [8]  00 00 00 00 00 00 00 00
  can0  111   [8]  BA 0C 02 00 00 00 00 00
  can0  112   [8]  03 03 77 77 04 04 04 04
  can0  113   [8]  A2 3F 0A 00 06 59 0A 00
  can0  114   [8]  00 00 00 00 00 00 80 00
  can0  115   [8]  00 00 00 00 00 00 00 00
  can0  116   [8]  00 08 00 08 00 00 00 00
  can0  101   [8]  91 56 00 00 00 00 00 11
  can0  103   [8]  00 00 00 00 00 00 00 00
  can0  100   [8]  04 CE 64 9C 64 9C 77 33
  can0  102   [8]  00 00 00 00 FF 00 00 00
  can0  110   [8]  00 00 00 00 00 00 00 00
  can0  111   [8]  BB 0C 02 00 00 00 00 00
  can0  112   [8]  03 03 77 77 04 04 04 04
  can0  113   [8]  A7 3F 0A 00 0B 59 0A 00
  can0  114   [8]  00 00 00 00 00 00 80 00
  can0  115   [8]  00 00 00 00 00 00 00 00
  can0  116   [8]  00 08 00 08 00 00 00 00
  can0  101   [8]  CC 57 00 00 00 00 00 11
  can0  103   [8]  00 00 00 00 00 00 00 00
  can0  610   [8]  A4 70 ED BE 3E 0A D7 3C
  can0  100   [8]  59 CF 64 9C 64 9C 77 33
  can0  102   [8]  00 00 00 00 FF 00 00 00
  can0  110   [8]  00 00 00 00 00 00 00 00
  can0  111   [8]  BC 0C 02 00 00 00 00 00
  can0  112   [8]  03 03 77 77 04 04 04 04
  can0  113   [8]  AC 3F 0A 00 10 59 0A 00
  can0  114   [8]  00 00 00 00 00 00 80 00
  can0  115   [8]  00 00 00 00 00 00 00 00
  can0  116   [8]  00 08 00 08 00 00 00 00
  can0  611   [4]  B8 1E 45 3F
  can0  630   [1]  F0
  can0  101   [8]  90 58 00 00 00 00 00 11
  can0  103   [8]  00 00 00 00 00 00 00 00
  can0  100   [8]  BC D0 64 9C 64 9C 77 33
  can0  102   [8]  00 00 00 00 FF 00 00 00
  can0  110   [8]  00 00 00 00 00 00 00 00
  can0  111   [8]  BD 0C 02 00 00 00 00 00
  can0  112   [8]  03 03 77 77 04 04 04 04
  can0  113   [8]  B1 3F 0A 00 15 59 0A 00
  can0  114   [8]  00 00 00 00 00 00 80 00
  can0  115   [8]  00 00 00 00 00 00 00 00
  can0  116   [8]  00 08 00 08 00 00 00 00
  can0  101   [8]  CD 59 00 00 00 00 00 11
  can0  103   [8]  00 00 00 00 00 00 00 00
  can0  100   [8]  E1 D1 64 9C 64 9C 77 33
  can0  102   [8]  00 00 00 00 FF 00 00 00
  can0  110   [8]  00 00 00 00 00 00 00 00
  can0  111   [8]  BE 0C 02 00 00 00 00 00
  can0  112   [8]  03 03 77 77 04 04 04 04
  can0  113   [8]  B6 3F 0A 00 1A 59 0A 00
  can0  114   [8]  00 00 00 00 00 00 80 00
  can0  115   [8]  00 00 00 00 00 00 00 00
  can0  116   [8]  00 08 00 08 00 00 00 00
  can0  101   [8]  2A 5A 00 00 00 00 00 11
  can0  103   [8]  00 00 00 00 00 00 00 00
  can0  100   [8]  06 D2 64 9C 64 9C 77 33
  can0  102   [8]  00 00 00 00 FF 00 00 00
  can0  110   [8]  00 00 00 00 00 00 00 00
  can0  111   [8]  BF 0C 02 00 00 00 00 00
  can0  112   [8]  03 03 77 77 04 04 04 04
  can0  113   [8]  BB 3F 0A 00 1F 59 0A 00
  can0  114   [8]  00 00 00 00 00 00 80 00
  can0  115   [8]  00 00 00 00 00 00 00 00
  can0  116   [8]  00 08 00 08 00 00 00 00
  can0  101   [8]  77 5B 00 00 00 00 00 11
  can0  103   [8]  00 00 00 00 00 00 00 00
  can0  100   [8]  5B D3 64 9C 64 9C 77 33
  can0  102   [8]  00 00 00 00 FF 00 00 00
  can0  110   [8]  00 00 00 00 00 00 00 00
  can0  111   [8]  C0 0C 02 00 00 00 00 00
  can0  112   [8]  03 03 77 77 04 04 04 04
  can0  113   [8]  C0 3F 0A 00 24 59 0A 00
  can0  114   [8]  00 00 00 00 00 00 80 00
  can0  115   [8]  00 00 00 00 00 00 00 00
  can0  116   [8]  00 08 00 08 00 00 00 00
  can0  101   [8]  F9 5C 00 00 00 00 00 11
  can0  103   [8]  00 00 00 00 00 00 00 00
  can0  630   [1]  F0
  can0  100   [8]  D5 D4 64 9C 64 9C 77 33
  can0  102   [8]  00 00 00 00 FF 00 00 00
  can0  110   [8]  00 00 00 00 00 00 00 00
  can0  111   [8]  C0 0C 02 00 00 00 00 00
  can0  112   [8]  03 03 77 77 04 04 04 04
  can0  113   [8]  C0 3F 0A 00 29 59 0A 00
  can0  114   [8]  00 00 00 00 00 00 80 00
  can0  115   [8]  00 00 00 00 00 00 00 00
  can0  116   [8]  00 08 00 08 00 00 00 00
  can0  101   [8]  A4 5D 00 00 00 00 00 11
  can0  103   [8]  00 00 00 00 00 00 00 00
  can0  100   [8]  88 D5 64 9C 64 9C 77 33
  can0  102   [8]  00 00 00 00 FF 00 00 00
  can0  110   [8]  00 00 00 00 00 00 00 00
  can0  111   [8]  C1 0C 02 00 00 00 00 00
  can0  112   [8]  03 03 77 77 04 04 04 04
  can0  113   [8]  C5 3F 0A 00 2E 59 0A 00
  can0  114   [8]  00 00 00 00 00 00 80 00
  can0  115   [8]  00 00 00 00 00 00 00 00
  can0  116   [8]  00 08 00 08 00 00 00 00
  can0  101   [8]  43 5E 00 00 00 00 00 11
  can0  103   [8]  00 00 00 00 00 00 00 00
  can0  100   [8]  6F D6 64 9C 64 9C 77 33
  can0  102   [8]  00 00 00 00 FF 00 00 00
  can0  110   [8]  00 00 00 00 00 00 00 00
  can0  111   [8]  C2 0C 02 00 00 00 00 00
  can0  112   [8]  03 03 77 77 04 04 04 04
  can0  113   [8]  CA 3F 0A 00 33 59 0A 00
  can0  114   [8]  00 00 00 00 00 00 80 00
  can0  115   [8]  00 00 00 00 00 00 00 00
  can0  116   [8]  00 08 00 08 00 00 00 00
  can0  101   [8]  1E 5F 00 00 00 00 00 11
  can0  103   [8]  00 00 00 00 00 00 00 00
  can0  620   [3]  02 00 01
  can0  100   [8]  32 D7 64 9C 64 9C 77 33
  can0  102   [8]  00 00 00 00 FF 00 00 00
  can0  110   [8]  00 00 00 00 00 00 00 00
  can0  111   [8]  C3 0C 02 00 00 00 00 00
  can0  112   [8]  03 03 77 77 04 04 04 04
  can0  113   [8]  CF 3F 0A 00 38 59 0A 00
  can0  114   [8]  00 00 00 00 00 00 80 00
  can0  115   [8]  00 00 00 00 00 00 00 00
  can0  116   [8]  00 08 00 08 00 00 00 00
  can0  621   [8]  00 00 00 00 00 00 00 00
  can0  622   [7]  00 00 00 00 00 00 00
  can0  623   [7]  00 00 00 00 00 00 00
  can0  624   [4]  00 00 00 00
  can0  101   [8]  94 60 00 00 00 00 00 11
  can0  103   [8]  00 00 00 00 00 00 00 00
  can0  625   [8]  E1 FA C7 42 E1 FA C7 42
  can0  626   [4]  E1 FA C7 42
  can0  627   [6]  00 00 00 00 00 00
  can0  100   [8]  6E D8 64 9C 64 9C 77 33
  can0  102   [8]  00 00 00 00 FF 00 00 00
  can0  110   [8]  00 00 00 00 00 00 00 00
  can0  111   [8]  C4 0C 02 00 00 00 00 00
  can0  112   [8]  03 03 77 77 04 04 04 04
  can0  113   [8]  D4 3F 0A 00 3D 59 0A 00
  can0  114   [8]  00 00 00 00 00 00 80 00
  can0  115   [8]  00 00 00 00 00 00 00 00
  can0  116   [8]  00 08 00 08 00 00 00 00
  can0  101   [8]  C9 61 00 00 00 00 00 11
  can0  103   [8]  00 00 00 00 00 00 00 00
  can0  600   [8]  EE FF F2 FF FB 00 02 03
  can0  601   [6]  10 00 FD FF 80 01
  can0  100   [8]  33 D9 64 9C 64 9C 77 33
  can0  102   [8]  00 00 00 00 FF 00 00 00
  can0  110   [8]  00 00 00 00 00 00 00 00
  can0  111   [8]  C5 0C 02 00 00 00 00 00
  can0  112   [8]  03 03 77 77 04 04 04 04
  can0  113   [8]  D9 3F 0A 00 42 59 0A 00
  can0  114   [8]  00 00 00 00 00 00 80 00
  can0  115   [8]  00 00 00 00 00 00 00 00
  can0  116   [8]  00 08 00 08 00 00 00 00
  can0  610   [8]  7B 14 16 BF 48 E1 FA BD
  can0  611   [4]  71 3D 2A 3F
  can0  630   [1]  F0
  can0  101   [8]  2E 62 00 00 00 00 00 11
  can0  103   [8]  00 00 00 00 00 00 00 00
  can0  100   [8]  D4 DA 64 9C 64 9C 77 33
  can0  102   [8]  00 00 00 00 FF 00 00 00
  can0  110   [8]  00 00 00 00 00 00 00 00
  can0  111   [8]  C6 0C 02 00 00 00 00 00
  can0  112   [8]  03 03 77 77 04 04 04 04
  can0  113   [8]  DE 3F 0A 00 47 59 0A 00
  can0  114   [8]  00 00 00 00 00 00 80 00
  can0  115   [8]  00 00 00 00 00 00 00 00
  can0  116   [8]  00 08 00 08 00 00 00 00
  can0  101   [8]  73 63 00 00 00 00 00 11
  can0  103   [8]  00 00 00 00 00 00 00 00
  can0  100   [8]  89 DB 64 9C 64 9C 77 33
  can0  102   [8]  00 00 00 00 FF 00 00 00
  can0  110   [8]  00 00 00 00 00 00 00 00
  can0  111   [8]  C7 0C 02 00 00 00 00 00
  can0  112   [8]  03 03 77 77 04 04 04 04
  can0  113   [8]  E3 3F 0A 00 4C 59 0A 00
  can0  114   [8]  00 00 00 00 00 00 80 00
  can0  115   [8]  00 00 00 00 00 00 00 00
  can0  116   [8]  00 08 00 08 00 00 00 00
  can0  101   [8]  FD 64 00 00 00 00 00 11
  can0  103   [8]  00 00 00 00 00 00 00 00
  can0  100   [8]  07 DC 64 9C 64 9C 77 33
  can0  102   [8]  00 00 00 00 FF 00 00 00
  can0  110   [8]  00 00 00 00 00 00 00 00
  can0  111   [8]  C8 0C 02 00 00 00 00 00
  can0  112   [8]  03 03 77 77 04 04 04 04
  can0  113   [8]  E8 3F 0A 00 51 59 0A 00
  can0  114   [8]  00 00 00 00 00 00 80 00
  can0  115   [8]  00 00 00 00 00 00 00 00
  can0  116   [8]  00 08 00 08 00 00 00 00
  can0  101   [8]  A0 65 00 00 00 00 00 11
  can0  103   [8]  00 00 00 00 00 00 00 00
  can0  100   [8]  5A DD 64 9C 64 9C 77 33
  can0  102   [8]  00 00 00 00 FF 00 00 00
  can0  110   [8]  00 00 00 00 00 00 00 00
  can0  111   [8]  C9 0C 02 00 00 00 00 00
  can0  112   [8]  03 03 77 77 04 04 04 04
  can0  113   [8]  ED 3F 0A 00 56 59 0A 00
  can0  114   [8]  00 00 00 00 00 00 80 00
  can0  115   [8]  00 00 00 00 00 00 00 00
  can0  116   [8]  00 08 00 08 00 00 00 00
  can0  101   [8]  47 66 00 00 00 00 00 11
  can0  103   [8]  00 00 00 00 00 00 00 00
  can0  630   [1]  F0
  can0  100   [8]  BD DE 64 9C 64 9C 77 33
  can0  102   [8]  00 00 00 00 FF 00 00 00
  can0  110   [8]  00 00 00 00 00 00 00 00
  can0  111   [8]  CA 0C 02 00 00 00 00 00
  can0  112   [8]  03 03 77 77 04 04 04 04
  can0  113   [8]  F2 3F 0A 00 5B 59 0A 00
  can0  114   [8]  00 00 00 00 00 00 80 00
  can0  115   [8]  00 00 00 00 00 00 00 00
  can0  116   [8]  00 08 00 08 00 00 00 00
  can0  101   [8]  1A 67 00 00 00 00 00 11
  can0  103   [8]  00 00 00 00 00 00 00 00
  can0  100   [8]  E0 DF 64 9C 64 9C 77 33
  can0  102   [8]  00 00 00 00 FF 00 00 00
  can0  110   [8]  00 00 00 00 00 00 00 00
  can0  111   [8]  CB 0C 02 00 00 00 00 00
  can0  112   [8]  03 03 77 77 04 04 04 04
  can0  113   [8]  F7 3F 0A 00 60 59 0A 00
  can0  114   [8]  00 00 00 00 00 00 80 00
  can0  115   [8]  00 00 00 00 00 00 00 00
  can0  116   [8]  00 08 00 08 00 00 00 00
  can0  101   [8]  46 68 00 00 00 00 00 11
  can0  103   [8]  00 00 00 00 00 00 00 00
  can0  100   [8]  6A E0 64 9C 64 9C 77 33
  can0  102   [8]  00 00 00 00 FF 00 00 00
  can0  110   [8]  00 00 00 00 00 00 00 00
  can0  111   [8]  CC 0C 02 00 00 00 00 00
  can0  112   [8]  03 03 77 77 04 04 04 04
  can0  113   [8]  FC 3F 0A 00 65 59 0A 00
  can0  114   [8]  00 00 00 00 00 00 80 00
  can0  115   [8]  00 00 00 00 00 00 00 00
  can0  116   [8]  00 08 00 08 00 00 00 00
  can0  101   [8]  1B 69 00 00 00 00 00 11
  can0  103   [8]  00 00 00 00 00 00 00 00
  can0  100   [8]  37 E1 64 9C 64 9C 77 33
  can0  102   [8]  00 00 00 00 FF 00 00 00
  can0  110   [8]  00 00 00 00 00 00 00 00
  can0  111   [8]  CD 0C 02 00 00 00 00 00
  can0  112   [8]  03 03 77 77 04 04 04 04
  can0  113   [8]  01 40 0A 00 6A 59 0A 00
  can0  114   [8]  00 00 00 00 00 00 80 00
  can0  115   [8]  00 00 00 00 00 00 00 00
  can0  116   [8]  00 08 00 08 00 00 00 00
  can0  101   [8]  FC 6A 00 00 00 00 00 11
  can0  103   [8]  00 00 00 00 00 00 00 00
  can0  100   [8]  D0 E2 64 9C 64 9C 77 33
  can0  102   [8]  00 00 00 00 FF 00 00 00
  can0  110   [8]  00 00 00 00 00 00 00 00
  can0  111   [8]  CE 0C 02 00 00 00 00 00
  can0  112   [8]  03 03 77 77 04 04 04 04
  can0  113   [8]  06 40 0A 00 6F 59 0A 00
  can0  114   [8]  00 00 00 00 00 00 80 00
  can0  115   [8]  00 00 00 00 00 00 00 00
  can0  116   [8]  00 08 00 08 00 00 00 00
  can0  101   [8]  A1 6B 00 00 00 00 00 11
  can0  103   [8]  00 00 00 00 00 00 00 00
  can0  610   [8]  7B 14 16 BF 48 E1 FA BD
  can0  100   [8]  8D E3 64 9C 64 9C 77 33
  can0  102   [8]  00 00 00 00 FF 00 00 00
  can0  110   [8]  00 00 00 00 00 00 00 00
  can0  111   [8]  CF 0C 02 00 00 00 00 00
  can0  112   [8]  03 03 77 77 04 04 04 04
  can0  113   [8]  0B 40 0A 00 74 59 0A 00
  can0  114   [8]  00 00 00 00 00 00 80 00
  can0  115   [8]  00 00 00 00 00 00 00 00
  can0  116   [8]  00 08 00 08 00 00 00 00
  can0  611   [4]  71 3D 2A 3F
  can0  630   [1]  F0
  can0  101   [8]  2F 6C 00 00 00 00 00 11
  can0  103   [8]  00 00 00 00 00 00 00 00
  can0  100   [8]  03 E4 64 9C 64 9C 77 33
  can0  102   [8]  00 00 00 00 FF 00 00 00
  can0  110   [8]  00 00 00 00 00 00 00 00
  can0  111   [8]  D0 0C 02 00 00 00 00 00
  can0  112   [8]  03 03 77 77 04 04 04 04
  can0  113   [8]  10 40 0A 00 79 59 0A 00
  can0  114   [8]  00 00 00 00 00 00 80 00
  can0  115   [8]  00 00 00 00 00 00 00 00
  can0  116   [8]  00 08 00 08 00 00 00 00
  can0  101   [8]  72 6D 00 00 00 00 00 11
  can0  103   [8]  00 00 00 00 00 00 00 00
  can0  100   [8]  5E E5 64 9C 64 9C 77 33
  can0  102   [8]  00 00 00 00 FF 00 00 00
  can0  110   [8]  00 00 00 00 00 00 00 00
  can0  111   [8]  D1 0C 02 00 00 00 00 00
  can0  112   [8]  03 03 77 77 04 04 04 04
  can0  113   [8]  15 40 0A 00 7E 59 0A 00
  can0  114   [8]  00 00 00 00 00 00 80 00
  can0  115   [8]  00 00 00 00 00 00 00 00
  can0  116   [8]  00 08 00 08 00 00 00 00
  can0  405   [8]  03 01 00 00 00 00 00 00
  can0  402   [8]  02 00 17 15 FF 2C 00 10
  can0  404   [8]  03 00 00 00 00 00 00 00
  can0  403   [8]  02 01 2C 12 3C 34 00 00
  can0  101   [8]  95 6E 00 00 00 00 00 11
  can0  103   [8]  00 00 00 00 00 00 00 00
  can0  100   [8]  B9 E6 64 9C 64 9C 77 33
  can0  102   [8]  00 00 00 00 FF 00 00 00
  can0  110   [8]  00 00 00 00 00 00 00 00
  can0  111   [8]  D2 0C 02 00 00 00 00 00
  can0  112   [8]  03 03 77 77 04 04 04 04
  can0  113   [8]  1A 40 0A 00 83 59 0A 00
  can0  114   [8]  00 00 00 00 00 00 80 00
  can0  115   [8]  00 00 00 00 00 00 00 00
  can0  116   [8]  00 08 00 08 00 00 00 00
  can0  101   [8]  C8 6F 00 00 00 00 00 11
  can0  103   [8]  00 00 00 00 00 00 00 00
  can0  100   [8]  E4 E7 64 9C 64 9C 77 33
  can0  102   [8]  00 00 00 00 FF 00 00 00
  can0  110   [8]  00 00 00 00 00 00 00 00
  can0  111   [8]  D3 0C 02 00 00 00 00 00
  can0  112   [8]  03 03 77 77 04 04 04 04
  can0  113   [8]  1F 40 0A 00 88 59 0A 00
  can0  114   [8]  00 00 00 00 00 00 80 00
  can0  115   [8]  00 00 00 00 00 00 00 00
  can0  116   [8]  00 08 00 08 00 00 00 00
  can0  101   [8]  2D 70 00 00 00 00 00 11
  can0  103   [8]  00 00 00 00 00 00 00 00
  can0  600   [8]  EE FF F0 FF FA 00 01 03
  can0  100   [8]  B8 E8 64 9C 64 9C 77 33
  can0  102   [8]  00 00 00 00 FF 00 00 00
  can0  110   [8]  00 00 00 00 00 00 00 00
  can0  111   [8]  D4 0C 02 00 00 00 00 00
  can0  112   [8]  03 03 77 77 04 04 04 04
  can0  113   [8]  24 40 0A 00 8D 59 0A 00
  can0  114   [8]  00 00 00 00 00 00 80 00
  can0  115   [8]  00 00 00 00 00 00 00 00
  can0  116   [8]  00 08 00 08 00 00 00 00
  can0  601   [6]  10 00 FA FF 85 01
  can0  630   [1]  F0
  can0  101   [8]  70 71 00 00 00 00 00 11
  can0  103   [8]  00 00 00 00 00 00 00 00
  can0  100   [8]  E5 E9 64 9C 64 9C 77 33
  can0  102   [8]  00 00 00 00 FF 00 00 00
  can0  110   [8]  00 00 00 00 00 00 00 00
  can0  111   [8]  D5 0C 02 00 00 00 00 00
  can0  112   [8]  03 03 77 77 04 04 04 04
  can0  113   [8]  29 40 0A 00 92 59 0A 00
  can0  114   [8]  00 00 00 00 00 00 80 00
  can0  115   [8]  00 00 00 00 00 00 00 00
  can0  116   [8]  00 08 00 08 00 00 00 00
  can0  101   [8]  97 72 00 00 00 00 00 11
  can0  103   [8]  00 00 00 00 00 00 00 00
  can0  100   [8]  02 EA 64 9C 64 9C 77 33
  can0  102   [8]  00 00 00 00 FF 00 00 00
  can0  110   [8]  00 00 00 00 00 00 00 00
  can0  111   [8]  D6 0C 02 00 00 00 00 00
  can0  112   [8]  03 03 77 77 04 04 04 04
  can0  113   [8]  2E 40 0A 00 97 59 0A 00
  can0  114   [8]  00 00 00 00 00 00 80 00
  can0  115   [8]  00 00 00 00 00 00 00 00
  can0  116   [8]  00 08 00 08 00 00 00 00
  can0  101   [8]  CA 73 00 00 00 00 00 11
  can0  103   [8]  00 00 00 00 00 00 00 00
  can0  620   [3]  02 00 01
  can0  100   [8]  5F EB 64 9C 64 9C 77 33
  can0  102   [8]  00 00 00 00 FF 00 00 00
  can0  110   [8]  00 00 00 00 00 00 00 00
  can0  111   [8]  D7 0C 02 00 00 00 00 00
  can0  112   [8]  03 03 77 77 04 04 04 04
  can0  113   [8]  33 40 0A 00 9C 59 0A 00
  can0  114   [8]  00 00 00 00 00 00 80 00
  can0  115   [8]  00 00 00 00 00 00 00 00
  can0  116   [8]  00 08 00 08 00 00 00 00
  can0  621   [8]  00 00 00 00 00 00 00 00
  can0  622   [7]  00 00 00 00 00 00 00
  can0  623   [7]  00 00 00 00 00 00 00
  can0  624   [4]  00 00 00 00
  can0  101   [8]  44 74 00 00 00 00 00 11
  can0  103   [8]  00 00 00 00 00 00 00 00
  can0  625   [8]  E1 FA C7 42 E1 FA C7 42
  can0  626   [4]  E1 FA C7 42
  can0  627   [6]  00 00 00 00 00 00
  can0  640   [8]  31 21 07 06 13 07 19 00
  can0  100   [8]  D1 EC 64 9C 64 9C 77 33
  can0  102   [8]  00 00 00 00 FF 00 00 00
  can0  110   [8]  00 00 00 00 00 00 00 00
  can0  111   [8]  D8 0C 02 00 00 00 00 00
  can0  112   [8]  03 03 77 77 04 04 04 04
  can0  113   [8]  38 40 0A 00 A1 59 0A 00
  can0  114   [8]  00 00 00 00 00 00 80 00
  can0  115   [8]  00 00 00 00 00 00 00 00
  can0  116   [8]  00 08 00 08 00 00 00 00
  can0  101   [8]  19 75 00 00 00 00 00 11
  can0  103   [8]  00 00 00 00 00 00 00 00
  can0  610   [8]  5C 8F 1A BF C3 F5 E8 BD
  can0  100   [8]  8C ED 64 9C 64 9C 77 33
  can0  102   [8]  00 00 00 00 FF 00 00 00
  can0  110   [8]  00 00 00 00 00 00 00 00
  can0  111   [8]  D9 0C 02 00 00 00 00 00
  can0  112   [8]  03 03 77 77 04 04 04 04
  can0  113   [8]  3D 40 0A 00 A6 59 0A 00
  can0  114   [8]  00 00 00 00 00 00 80 00
  can0  115   [8]  00 00 00 00 00 00 00 00
  can0  116   [8]  00 08 00 08 00 00 00 00
  can0  611   [4]  71 3D 2A 3E
  can0  630   [1]  F0
  can0  101   [8]  FE 76 00 00 00 00 00 11
  can0  103   [8]  00 00 00 00 00 00 00 00
  can0  100   [8]  6B EE 64 9C 64 9C 77 33
  can0  102   [8]  00 00 00 00 FF 00 00 00
  can0  110   [8]  00 00 00 00 00 00 00 00
  can0  111   [8]  DA 0C 02 00 00 00 00 00
  can0  112   [8]  03 03 77 77 04 04 04 04
  can0  113   [8]  42 40 0A 00 AB 59 0A 00
  can0  114   [8]  00 00 00 00 00 00 80 00
  can0  115   [8]  00 00 00 00 00 00 00 00
  can0  116   [8]  00 08 00 08 00 00 00 00
  can0  101   [8]  A3 77 00 00 00 00 00 11
  can0  103   [8]  00 00 00 00 00 00 00 00
  can0  100   [8]  36 EF 64 9C 64 9C 77 33
  can0  102   [8]  00 00 00 00 FF 00 00 00
  can0  110   [8]  00 00 00 00 00 00 00 00
  can0  111   [8]  DB 0C 02 00 00 00 00 00
  can0  112   [8]  03 03 77 77 04 04 04 04
  can0  113   [8]  47 40 0A 00 B0 59 0A 00
  can0  114   [8]  00 00 00 00 00 00 80 00
  can0  115   [8]  00 00 00 00 00 00 00 00
  can0  116   [8]  00 08 00 08 00 00 00 00
  can0  101   [8]  FF 78 00 00 00 00 00 11
  can0  103   [8]  00 00 00 00 00 00 00 00
  can0  100   [8]  D3 F0 64 9C 64 9C 77 33
  can0  102   [8]  00 00 00 00 FF 00 00 00
  can0  110   [8]  00 00 00 00 00 00 00 00
  can0  111   [8]  DC 0C 02 00 00 00 00 00
  can0  112   [8]  03 03 77 77 04 04 04 04
  can0  113   [8]  4C 40 0A 00 B5 59 0A 00
  can0  114   [8]  00 00 00 00 00 00 80 00
  can0  115   [8]  00 00 00 00 00 00 00 00
  can0  116   [8]  00 08 00 08 00 00 00 00
  can0  101   [8]  A2 79 00 00 00 00 00 11
  can0  103   [8]  00 00 00 00 00 00 00 00
  can0  100   [8]  8E F1 64 9C 64 9C 77 33
  can0  102   [8]  00 00 00 00 FF 00 00 00
  can0  110   [8]  00 00 00 00 00 00 00 00
  can0  111   [8]  DD 0C 02 00 00 00 00 00
  can0  112   [8]  03 03 77 77 04 04 04 04
  can0  113   [8]  51 40 0A 00 BA 59 0A 00
  can0  114   [8]  00 00 00 00 00 00 80 00
  can0  115   [8]  00 00 00 00 00 00 00 00
  can0  116   [8]  00 08 00 08 00 00 00 00
  can0  101   [8]  45 7A 00 00 00 00 00 11
  can0  103   [8]  00 00 00 00 00 00 00 00
  can0  630   [1]  F0
  can0  100   [8]  69 F2 64 9C 64 9C 77 33
  can0  102   [8]  00 00 00 00 FF 00 00 00
  can0  110   [8]  00 00 00 00 00 00 00 00
  can0  111   [8]  DE 0C 02 00 00 00 00 00
  can0  112   [8]  03 03 77 77 04 04 04 04
  can0  113   [8]  56 40 0A 00 BF 59 0A 00
  can0  114   [8]  00 00 00 00 00 00 80 00
  can0  115   [8]  00 00 00 00 00 00 00 00
  can0  116   [8]  00 08 00 08 00 00 00 00
  can0  101   [8]  18 7B 00 00 00 00 00 11
  can0  103   [8]  00 00 00 00 00 00 00 00
  can0  100   [8]  34 F3 64 9C 64 9C 77 33
  can0  102   [8]  00 00 00 00 FF 00 00 00
  can0  110   [8]  00 00 00 00 00 00 00 00
  can0  111   [8]  DF 0C 02 00 00 00 00 00
  can0  112   [8]  03 03 77 77 04 04 04 04
  can0  113   [8]  5B 40 0A 00 C4 59 0A 00
  can0  114   [8]  00 00 00 00 00 00 80 00
  can0  115   [8]  00 00 00 00 00 00 00 00
  can0  116   [8]  00 08 00 08 00 00 00 00
  can0  101   [8]  96 7C 00 00 00 00 00 11
  can0  103   [8]  00 00 00 00 00 00 00 00
  can0  100   [8]  BA F4 64 9C 64 9C 77 33
  can0  102   [8]  00 00 00 00 FF 00 00 00
  can0  110   [8]  00 00 00 00 00 00 00 00
  can0  111   [8]  E0 0C 02 00 00 00 00 00
  can0  112   [8]  03 03 77 77 04 04 04 04
  can0  113   [8]  60 40 0A 00 C9 59 0A 00
  can0  114   [8]  00 00 00 00 00 00 80 00
  can0  115   [8]  00 00 00 00 00 00 00 00
  can0  116   [8]  00 08 00 08 00 00 00 00
  can0  101   [8]  CB 7D 00 00 00 00 00 11
  can0  103   [8]  00 00 00 00 00 00 00 00
  can0  100   [8]  E7 F5 64 9C 64 9C 77 33
  can0  102   [8]  00 00 00 00 FF 00 00 00
  can0  110   [8]  00 00 00 00 00 00 00 00
  can0  111   [8]  E1 0C 02 00 00 00 00 00
  can0  112   [8]  03 03 77 77 04 04 04 04
  can0  113   [8]  65 40 0A 00 CE 59 0A 00
  can0  114   [8]  00 00 00 00 00 00 80 00
  can0  115   [8]  00 00 00 00 00 00 00 00
  can0  116   [8]  00 08 00 08 00 00 00 00
  can0  101   [8]  2C 7E 00 00 00 00 00 11
  can0  103   [8]  00 00 00 00 00 00 00 00
  can0  100   [8]  00 F6 64 9C 64 9C 77 33
  can0  102   [8]  00 00 00 00 FF 00 00 00
  can0  110   [8]  00 00 00 00 00 00 00 00
  can0  111   [8]  E2 0C 02 00 00 00 00 00
  can0  112   [8]  03 03 77 77 04 04 04 04
  can0  113   [8]  6A 40 0A 00 D3 59 0A 00
  can0  114   [8]  00 00 00 00 00 00 80 00
  can0  115   [8]  00 00 00 00 00 00 00 00
  can0  116   [8]  00 08 00 08 00 00 00 00
  can0  101   [8]  71 7F 00 00 00 00 00 11
  can0  103   [8]  00 00 00 00 00 00 00 00
  can0  600   [8]  ED FF F1 FF FC 00 02 03
  can0  100   [8]  5D F7 64 9C 64 9C 77 33
  can0  102   [8]  00 00 00 00 FF 00 00 00
  can0  110   [8]  00 00 00 00 00 00 00 00
  can0  111   [8]  E3 0C 02 00 00 00 00 00
  can0  112   [8]  03 03 77 77 04 04 04 04
  can0  113   [8]  6F 40 0A 00 D8 59 0A 00
  can0  114   [8]  00 00 00 00 00 00 80 00
  can0  115   [8]  00 00 00 00 00 00 00 00
  can0  116   [8]  00 08 00 08 00 00 00 00
  can0  601   [6]  16 00 FB FF 87 01
  can0  610   [8]  5C 8F 1A BF C3 F5 E8 BD
  can0  611   [4]  71 3D 2A 3E
  can0  630   [1]  F0
  can0  101   [8]  84 80 00 00 00 00 00 11
  can0  103   [8]  00 00 00 00 00 00 00 00
  can0  100   [8]  01 F8 64 9C 64 9C 77 33
  can0  102   [8]  00 00 00 00 FF 00 00 00
  can0  110   [8]  00 00 00 00 00 00 00 00
  can0  111   [8]  E4 0C 02 00 00 00 00 00
  can0  112   [8]  03 03 77 77 04 04 04 04
  can0  113   [8]  74 40 0A 00 DD 59 0A 00
  can0  114   [8]  00 00 00 00 00 00 80 00
  can0  115   [8]  00 00 00 00 00 00 00 00
  can0  116   [8]  00 08 00 08 00 00 00 00
  can0  101   [8]  D9 81 00 00 00 00 00 11
  can0  103   [8]  00 00 00 00 00 00 00 00
  can0  100   [8]  5C F9 64 9C 64 9C 77 33
  can0  102   [8]  00 00 00 00 FF 00 00 00
  can0  110   [8]  00 00 00 00 00 00 00 00
  can0  111   [8]  E5 0C 02 00 00 00 00 00
  can0  112   [8]  03 03 77 77 04 04 04 04
  can0  113   [8]  79 40 0A 00 E2 59 0A 00
  can0  114   [8]  00 00 00 00 00 00 80 00
  can0  115   [8]  00 00 00 00 00 00 00 00
  can0  116   [8]  00 08 00 08 00 00 00 00
  can0  101   [8]  3E 82 00 00 00 00 00 11
  can0  103   [8]  00 00 00 00 00 00 00 00
  can0  100   [8]  BB FA 64 9C 64 9C 77 33
  can0  102   [8]  00 00 00 00 FF 00 00 00
  can0  110   [8]  00 00 00 00 00 00 00 00
  can0  111   [8]  E6 0C 02 00 00 00 00 00
  can0  112   [8]  03 03 77 77 04 04 04 04
  can0  113   [8]  7E 40 0A 00 E7 59 0A 00
  can0  114   [8]  00 00 00 00 00 00 80 00
  can0  115   [8]  00 00 00 00 00 00 00 00
  can0  116   [8]  00 08 00 08 00 00 00 00
  can0  101   [8]  63 83 00 00 00 00 00 11
  can0  103   [8]  00 00 00 00 00 00 00 00
  can0  100   [8]  E6 FB 64 9C 64 9C 77 33
  can0  102   [8]  00 00 00 00 FF 00 00 00
  can0  110   [8]  00 00 00 00 00 00 00 00
  can0  111   [8]  E7 0C 02 00 00 00 00 00
  can0  112   [8]  03 03 77 77 04 04 04 04
  can0  113   [8]  83 40 0A 00 EC 59 0A 00
  can0  114   [8]  00 00 00 00 00 00 80 00
  can0  115   [8]  00 00 00 00 00 00 00 00
  can0  116   [8]  00 08 00 08 00 00 00 00
  can0  101   [8]  ED 84 00 00 00 00 00 11
  can0  103   [8]  00 00 00 00 00 00 00 00
  can0  630   [1]  F0
  can0  100   [8]  68 FC 64 9C 64 9C 77 33
  can0  102   [8]  00 00 00 00 FF 00 00 00
  can0  110   [8]  00 00 00 00 00 00 00 00
  can0  111   [8]  E8 0C 02 00 00 00 00 00
  can0  112   [8]  03 03 77 77 04 04 04 04
  can0  113   [8]  88 40 0A 00 F1 59 0A 00
  can0  114   [8]  00 00 00 00 00 00 80 00
  can0  115   [8]  00 00 00 00 00 00 00 00
  can0  116   [8]  00 08 00 08 00 00 00 00
  can0  101   [8]  B0 85 00 00 00 00 00 11
  can0  103   [8]  00 00 00 00 00 00 00 00
  can0  100   [8]  35 FD 64 9C 64 9C 77 33
  can0  102   [8]  00 00 00 00 FF 00 00 00
  can0  110   [8]  00 00 00 00 00 00 00 00
  can0  111   [8]  E9 0C 02 00 00 00 00 00
  can0  112   [8]  03 03 77 77 04 04 04 04
  can0  113   [8]  8D 40 0A 00 F6 59 0A 00
  can0  114   [8]  00 00 00 00 00 00 80 00
  can0  115   [8]  00 00 00 00 00 00 00 00
  can0  116   [8]  00 08 00 08 00 00 00 00
  can0  101   [8]  57 86 00 00 00 00 00 11
  can0  103   [8]  00 00 00 00 00 00 00 00
  can0  100   [8]  D2 FE 64 9C 64 9C 77 33
  can0  102   [8]  00 00 00 00 FF 00 00 00
  can0  110   [8]  00 00 00 00 00 00 00 00
  can0  111   [8]  EA 0C 02 00 00 00 00 00
  can0  112   [8]  03 03 77 77 04 04 04 04
  can0  113   [8]  92 40 0A 00 FB 59 0A 00
  can0  114   [8]  00 00 00 00 00 00 80 00
  can0  115   [8]  00 00 00 00 00 00 00 00
  can0  116   [8]  00 08 00 08 00 00 00 00
  can0  101   [8]  0A 87 00 00 00 00 00 11
  can0  103   [8]  00 00 00 00 00 00 00 00
  can0  620   [3]  02 00 01
  can0  100   [8]  8F FF 64 9C 64 9C 77 33
  can0  102   [8]  00 00 00 00 FF 00 00 00
  can0  110   [8]  00 00 00 00 00 00 00 00
  can0  111   [8]  EB 0C 02 00 00 00 00 00
  can0  112   [8]  03 03 77 77 04 04 04 04
  can0  113   [8]  97 40 0A 00 00 5A 0A 00
  can0  114   [8]  00 00 00 00 00 00 80 00
  can0  115   [8]  00 00 00 00 00 00 00 00
  can0  116   [8]  00 08 00 08 00 00 00 00
  can0  621   [8]  00 00 00 00 00 00 00 00
  can0  622   [7]  00 00 00 00 00 00 00
  can0  623   [7]  00 00 00 00 00 00 00
  can0  624   [4]  00 00 00 00
  can0  101   [8]  56 88 00 00 00 00 00 11
  can0  625   [8]  E1 FA C7 42 E1 FA C7 42
  can0  626   [4]  E1 FA C7 42
  can0  627   [6]  00 00 00 00 00 00
  can0  103   [8]  00 00 00 00 00 00 00 00
  can0  100   [8]  7A 00 64 9C 64 9C 77 33
  can0  102   [8]  00 00 00 00 FF 00 00 00
  can0  110   [8]  00 00 00 00 00 00 00 00
  can0  111   [8]  EC 0C 02 00 00 00 00 00
  can0  112   [8]  03 03 77 77 04 04 04 04
  can0  113   [8]  9C 40 0A 00 05 5A 0A 00
  can0  114   [8]  00 00 00 00 00 00 80 00
  can0  115   [8]  00 00 00 00 00 00 00 00
  can0  116   [8]  00 08 00 08 00 00 00 00
  can0  101   [8]  0B 89 00 00 00 00 00 11
  can0  103   [8]  00 00 00 00 00 00 00 00
  can0  610   [8]  EC 51 98 BE 29 5C 0F BD
  can0  100   [8]  27 01 64 9C 64 9C 77 33
  can0  102   [8]  00 00 00 00 FF 00 00 00
  can0  110   [8]  00 00 00 00 00 00 00 00
  can0  111   [8]  ED 0C 02 00 00 00 00 00
  can0  112   [8]  03 03 77 77 04 04 04 04
  can0  113   [8]  A1 40 0A 00 0A 5A 0A 00
  can0  114   [8]  00 00 00 00 00 00 80 00
  can0  115   [8]  00 00 00 00 00 00 00 00
  can0  116   [8]  00 08 00 08 00 00 00 00
  can0  611   [4]  C3 F5 E8 3D
  can0  630   [1]  F0
  can0  101   [8]  EC 8A 00 00 00 00 00 11
  can0  103   [8]  00 00 00 00 00 00 00 00
  can0  100   [8]  C0 02 64 9C 64 9C 77 33
  can0  102   [8]  00 00 00 00 FF 00 00 00
  can0  110   [8]  00 00 00 00 00 00 00 00
  can0  111   [8]  ED 0C 02 00 00 00 00 00
  can0  112   [8]  03 03 77 77 04 04 04 04
  can0  113   [8]  A1 40 0A 00 0F 5A 0A 00
  can0  114   [8]  00 00 00 00 00 00 80 00
  can0  115   [8]  00 00 00 00 00 00 00 00
  can0  116   [8]  00 08 00 08 00 00 00 00
  can0  101   [8]  B1 8B 00 00 00 00 00 11
  can0  103   [8]  00 00 00 00 00 00 00 00
  can0  100   [8]  9D 03 64 9C 64 9C 77 33
  can0  102   [8]  00 00 00 00 FF 00 00 00
  can0  110   [8]  00 00 00 00 00 00 00 00
  can0  111   [8]  EF 0C 02 00 00 00 00 00
  can0  112   [8]  03 03 77 77 04 04 04 04
  can0  113   [8]  AB 40 0A 00 14 5A 0A 00
  can0  114   [8]  00 00 00 00 00 00 80 00
  can0  115   [8]  00 00 00 00 00 00 00 00
  can0  116   [8]  00 08 00 08 00 00 00 00
  can0  101   [8]  3F 8C 00 00 00 00 00 11
  can0  103   [8]  00 00 00 00 00 00 00 00
  can0  100   [8]  13 04 64 9C 64 9C 77 33
  can0  102   [8]  00 00 00 00 FF 00 00 00
  can0  110   [8]  00 00 00 00 00 00 00 00
  can0  111   [8]  F0 0C 02 00 00 00 00 00
  can0  112   [8]  03 03 77 77 04 04 04 04
  can0  113   [8]  B0 40 0A 00 19 5A 0A 00
  can0  114   [8]  00 00 00 00 00 00 80 00
  can0  115   [8]  00 00 00 00 00 00 00 00
  can0  116   [8]  00 08 00 08 00 00 00 00
  can0  101   [8]  62 8D 00 00 00 00 00 11
  can0  103   [8]  00 00 00 00 00 00 00 00
  can0  100   [8]  4E 05 64 9C 64 9C 77 33
  can0  102   [8]  00 00 00 00 FF 00 00 00
  can0  110   [8]  00 00 00 00 00 00 00 00
  can0  111   [8]  F1 0C 02 00 00 00 00 00
  can0  112   [8]  03 03 77 77 04 04 04 04
  can0  113   [8]  B5 40 0A 00 1E 5A 0A 00
  can0  114   [8]  00 00 00 00 00 00 80 00
  can0  115   [8]  00 00 00 00 00 00 00 00
  can0  116   [8]  00 08 00 08 00 00 00 00
  can0  101   [8]  85 8E 00 00 00 00 00 11
  can0  103   [8]  00 00 00 00 00 00 00 00
  can0  600   [8]  EE FF F2 FF F9 00 02 03
  can0  100   [8]  A9 06 64 9C 64 9C 77 33
  can0  102   [8]  00 00 00 00 FF 00 00 00
  can0  110   [8]  00 00 00 00 00 00 00 00
  can0  111   [8]  F2 0C 02 00 00 00 00 00
  can0  112   [8]  03 03 77 77 04 04 04 04
  can0  113   [8]  BA 40 0A 00 23 5A 0A 00
  can0  114   [8]  00 00 00 00 00 00 80 00
  can0  115   [8]  00 00 00 00 00 00 00 00
  can0  116   [8]  00 08 00 08 00 00 00 00
  can0  601   [6]  16 00 FB FF 87 01
  can0  630   [1]  F0
  can0  101   [8]  D8 8F 00 00 00 00 00 11
  can0  103   [8]  00 00 00 00 00 00 00 00
  can0  100   [8]  F4 07 64 9C 64 9C 77 33
  can0  102   [8]  00 00 00 00 FF 00 00 00
  can0  110   [8]  00 00 00 00 00 00 00 00
  can0  111   [8]  F2 0C 02 00 00 00 00 00
  can0  112   [8]  03 03 77 77 04 04 04 04
  can0  113   [8]  BA 40 0A 00 28 5A 0A 00
  can0  114   [8]  00 00 00 00 00 00 80 00
  can0  115   [8]  00 00 00 00 00 00 00 00
  can0  116   [8]  00 08 00 08 00 00 00 00
  can0  101   [8]  3D 90 00 00 00 00 00 11
  can0  103   [8]  00 00 00 00 00 00 00 00
  can0  100   [8]  A8 08 64 9C 64 9C 77 33
  can0  102   [8]  00 00 00 00 FF 00 00 00
  can0  110   [8]  00 00 00 00 00 00 00 00
  can0  111   [8]  F4 0C 02 00 00 00 00 00
  can0  112   [8]  03 03 77 77 04 04 04 04
  can0  113   [8]  C4 40 0A 00 2D 5A 0A 00
  can0  114   [8]  00 00 00 00 00 00 80 00
  can0  115   [8]  00 00 00 00 00 00 00 00
  can0  116   [8]  00 08 00 08 00 00 00 00
  can0  101   [8]  60 91 00 00 00 00 00 11
  can0  103   [8]  00 00 00 00 00 00 00 00
  can0  100   [8]  F5 09 64 9C 64 9C 77 33
  can0  102   [8]  00 00 00 00 FF 00 00 00
  can0  110   [8]  00 00 00 00 00 00 00 00
  can0  111   [8]  F5 0C 02 00 00 00 00 00
  can0  112   [8]  03 03 77 77 04 04 04 04
  can0  113   [8]  C9 40 0A 00 32 5A 0A 00
  can0  114   [8]  00 00 00 00 00 00 80 00
  can0  115   [8]  00 00 00 00 00 00 00 00
  can0  116   [8]  00 08 00 08 00 00 00 00
  can0  101   [8]  87 92 00 00 00 00 00 11
  can0  103   [8]  00 00 00 00 00 00 00 00
  can0  100   [8]  12 0A 64 9C 64 9C 77 33
  can0  102   [8]  00 00 00 00 FF 00 00 00
  can0  110   [8]  00 00 00 00 00 00 00 00
  can0  111   [8]  F5 0C 02 00 00 00 00 00
  can0  112   [8]  03 03 77 77 04 04 04 04
  can0  113   [8]  C9 40 0A 00 37 5A 0A 00
  can0  114   [8]  00 00 00 00 00 00 80 00
  can0  115   [8]  00 00 00 00 00 00 00 00
  can0  116   [8]  00 08 00 08 00 00 00 00
  can0  101   [8]  DA 93 00 00 00 00 00 11
  can0  103   [8]  00 00 00 00 00 00 00 00
  can0  610   [8]  EC 51 98 BE 29 5C 0F BD
  can0  100   [8]  4F 0B 64 9C 64 9C 77 33
  can0  102   [8]  00 00 00 00 FF 00 00 00
  can0  110   [8]  00 00 00 00 00 00 00 00
  can0  111   [8]  F7 0C 02 00 00 00 00 00
  can0  112   [8]  03 03 77 77 04 04 04 04
  can0  113   [8]  D3 40 0A 00 3C 5A 0A 00
  can0  114   [8]  00 00 00 00 00 00 80 00
  can0  115   [8]  00 00 00 00 00 00 00 00
  can0  116   [8]  00 08 00 08 00 00 00 00
  can0  611   [4]  C3 F5 E8 3D
  can0  630   [1]  F0
  can0  101   [8]  54 94 00 00 00 00 00 11
  can0  103   [8]  00 00 00 00 00 00 00 00
  can0  100   [8]  C1 0C 64 9C 64 9C 77 33
  can0  102   [8]  00 00 00 00 FF 00 00 00
  can0  110   [8]  00 00 00 00 00 00 00 00
  can0  111   [8]  F8 0C 02 00 00 00 00 00
  can0  112   [8]  03 03 77 77 04 04 04 04
  can0  113   [8]  D8 40 0A 00 41 5A 0A 00
  can0  114   [8]  00 00 00 00 00 00 80 00
  can0  115   [8]  00 00 00 00 00 00 00 00
  can0  116   [8]  00 08 00 08 00 00 00 00
  can0  101   [8]  09 95 00 00 00 00 00 11
  can0  103   [8]  00 00 00 00 00 00 00 00
  can0  100   [8]  9C 0D 64 9C 64 9C 77 33
  can0  102   [8]  00 00 00 00 FF 00 00 00
  can0  110   [8]  00 00 00 00 00 00 00 00
  can0  111   [8]  F9 0C 02 00 00 00 00 00
  can0  112   [8]  03 03 77 77 04 04 04 04
  can0  113   [8]  DD 40 0A 00 46 5A 0A 00
  can0  114   [8]  00 00 00 00 00 00 80 00
  can0  115   [8]  00 00 00 00 00 00 00 00
  can0  116   [8]  00 08 00 08 00 00 00 00
  can0  402   [8]  02 00 17 15 FF 2C 00 10
  can0  403   [8]  02 01 2C 12 3C 34 00 00
  can0  405   [8]  03 01 00 00 00 00 00 00
  can0  404   [8]  03 00 00 00 00 00 00 00
  can0  101   [8]  EE 96 00 00 00 00 00 11
  can0  103   [8]  00 00 00 00 00 00 00 00
  can0  100   [8]  7B 0E 64 9C 64 9C 77 33
  can0  102   [8]  00 00 00 00 FF 00 00 00
  can0  110   [8]  00 00 00 00 00 00 00 00
  can0  111   [8]  FA 0C 02 00 00 00 00 00
  can0  112   [8]  03 03 77 77 04 04 04 04
  can0  113   [8]  E2 40 0A 00 4B 5A 0A 00
  can0  114   [8]  00 00 00 00 00 00 80 00
  can0  115   [8]  00 00 00 00 00 00 00 00
  can0  116   [8]  00 08 00 08 00 00 00 00
  can0  101   [8]  B3 97 00 00 00 00 00 11
  can0  103   [8]  00 00 00 00 00 00 00 00
  can0  100   [8]  26 0F 64 9C 64 9C 77 33
  can0  102   [8]  00 00 00 00 FF 00 00 00
  can0  110   [8]  00 00 00 00 00 00 00 00
  can0  111   [8]  FA 0C 02 00 00 00 00 00
  can0  112   [8]  03 03 77 77 04 04 04 04
  can0  113   [8]  E2 40 0A 00 50 5A 0A 00
  can0  114   [8]  00 00 00 00 00 00 80 00
  can0  115   [8]  00 00 00 00 00 00 00 00
  can0  116   [8]  00 08 00 08 00 00 00 00
  can0  101   [8]  EF 98 00 00 00 00 00 11
  can0  103   [8]  00 00 00 00 00 00 00 00
  can0  630   [1]  F0
  can0  100   [8]  C3 10 64 9C 64 9C 77 33
  can0  102   [8]  00 00 00 00 FF 00 00 00
  can0  110   [8]  00 00 00 00 00 00 00 00
  can0  111   [8]  FB 0C 02 00 00 00 00 00
  can0  112   [8]  03 03 77 77 04 04 04 04
  can0  113   [8]  E7 40 0A 00 55 5A 0A 00
  can0  114   [8]  00 00 00 00 00 00 80 00
  can0  115   [8]  00 00 00 00 00 00 00 00
  can0  116   [8]  00 08 00 08 00 00 00 00
  can0  101   [8]  B2 99 00 00 00 00 00 11
  can0  103   [8]  00 00 00 00 00 00 00 00
  can0  100   [8]  9E 11 64 9C 64 9C 77 33
  can0  102   [8]  00 00 00 00 FF 00 00 00
  can0  110   [8]  00 00 00 00 00 00 00 00
  can0  111   [8]  FC 0C 02 00 00 00 00 00
  can0  112   [8]  03 03 77 77 04 04 04 04
  can0  113   [8]  EC 40 0A 00 5A 5A 0A 00
  can0  114   [8]  00 00 00 00 00 00 80 00
  can0  115   [8]  00 00 00 00 00 00 00 00
  can0  116   [8]  00 08 00 08 00 00 00 00
  can0  101   [8]  55 9A 00 00 00 00 00 11
  can0  103   [8]  00 00 00 00 00 00 00 00
  can0  100   [8]  79 12 64 9C 64 9C 77 33
  can0  102   [8]  00 00 00 00 FF 00 00 00
  can0  110   [8]  00 00 00 00 00 00 00 00
  can0  111   [8]  FD 0C 02 00 00 00 00 00
  can0  112   [8]  03 03 77 77 04 04 04 04
  can0  113   [8]  F1 40 0A 00 5F 5A 0A 00
  can0  114   [8]  00 00 00 00 00 00 80 00
  can0  115   [8]  00 00 00 00 00 00 00 00
  can0  116   [8]  00 08 00 08 00 00 00 00
  can0  101   [8]  08 9B 00 00 00 00 00 11
  can0  103   [8]  00 00 00 00 00 00 00 00
  can0  620   [3]  02 00 01
  can0  100   [8]  24 13 64 9C 64 9C 77 33
  can0  102   [8]  00 00 00 00 FF 00 00 00
  can0  110   [8]  00 00 00 00 00 00 00 00
  can0  111   [8]  FE 0C 02 00 00 00 00 00
  can0  112   [8]  03 03 77 77 04 04 04 04
  can0  113   [8]  F6 40 0A 00 64 5A 0A 00
  can0  114   [8]  00 00 00 00 00 00 80 00
  can0  115   [8]  00 00 00 00 00 00 00 00
  can0  116   [8]  00 08 00 08 00 00 00 00
  can0  621   [8]  00 00 00 00 00 00 00 00
  can0  622   [7]  00 00 00 00 00 00 00
  can0  623   [7]  00 00 00 00 00 00 00
  can0  624   [4]  00 00 00 00
  can0  101   [8]  86 9C 00 00 00 00 00 11
  can0  103   [8]  00 00 00 00 00 00 00 00
  can0  625   [8]  E1 FA C7 42 E1 FA C7 42
  can0  626   [4]  E1 FA C7 42
  can0  627   [6]  00 00 00 00 00 00
  can0  100   [8]  AA 14 64 9C 64 9C 77 33
  can0  102   [8]  00 00 00 00 FF 00 00 00
  can0  110   [8]  00 00 00 00 00 00 00 00
  can0  111   [8]  FF 0C 02 00 00 00 00 00
  can0  112   [8]  03 03 77 77 04 04 04 04
  can0  113   [8]  FB 40 0A 00 69 5A 0A 00
  can0  114   [8]  00 00 00 00 00 00 80 00
  can0  115   [8]  00 00 00 00 00 00 00 00
  can0  116   [8]  00 08 00 08 00 00 00 00
  can0  101   [8]  DB 9D 00 00 00 00 00 11
  can0  103   [8]  00 00 00 00 00 00 00 00
  can0  600   [8]  EC FF F1 FF FC 00 02 03
  can0  100   [8]  F7 15 64 9C 64 9C 77 33
  can0  102   [8]  00 00 00 00 FF 00 00 00
  can0  110   [8]  00 00 00 00 00 00 00 00
  can0  111   [8]  00 0D 02 00 00 00 00 00
  can0  112   [8]  03 03 77 77 04 04 04 04
  can0  113   [8]  00 41 0A 00 6E 5A 0A 00
  can0  114   [8]  00 00 00 00 00 00 80 00
  can0  115   [8]  00 00 00 00 00 00 00 00
  can0  116   [8]  00 08 00 08 00 00 00 00
  can0  601   [6]  11 00 FA FF 81 01
  can0  610   [8]  48 E1 FA BE 48 E1 FA BD
  can0  611   [4]  EC 51 98 3E
  can0  630   [1]  F0
  can0  101   [8]  3C 9E 00 00 00 00 00 11
  can0  103   [8]  00 00 00 00 00 00 00 00
  can0  100   [8]  10 16 64 9C 64 9C 77 33
  can0  102   [8]  00 00 00 00 FF 00 00 00
  can0  110   [8]  00 00 00 00 00 00 00 00
  can0  111   [8]  01 0D 02 00 00 00 00 00
  can0  112   [8]  03 03 77 77 04 04 04 04
  can0  113   [8]  05 41 0A 00 73 5A 0A 00
  can0  114   [8]  00 00 00 00 00 00 80 00
  can0  115   [8]  00 00 00 00 00 00 00 00
  can0  116   [8]  00 08 00 08 00 00 00 00
  can0  101   [8]  61 9F 00 00 00 00 00 11
  can0  103   [8]  00 00 00 00 00 00 00 00
  can0  100   [8]  4D 17 64 9C 64 9C 77 33
  can0  102   [8]  00 00 00 00 FF 00 00 00
  can0  110   [8]  00 00 00 00 00 00 00 00
  can0  111   [8]  02 0D 02 00 00 00 00 00
  can0  112   [8]  03 03 77 77 04 04 04 04
  can0  113   [8]  0A 41 0A 00 78 5A 0A 00
  can0  114   [8]  00 00 00 00 00 00 80 00
  can0  115   [8]  00 00 00 00 00 00 00 00
  can0  116   [8]  00 08 00 08 00 00 00 00
  can0  101   [8]  EB A0 00 00 00 00 00 11
  can0  103   [8]  00 00 00 00 00 00 00 00
  can0  100   [8]  11 18 64 9C 64 9C 77 33
  can0  102   [8]  00 00 00 00 FF 00 00 00
  can0  110   [8]  00 00 00 00 00 00 00 00
  can0  111   [8]  03 0D 02 00 00 00 00 00
  can0  112   [8]  03 03 77 77 04 04 04 04
  can0  113   [8]  0F 41 0A 00 7D 5A 0A 00
  can0  114   [8]  00 00 00 00 00 00 80 00
  can0  115   [8]  00 00 00 00 00 00 00 00
  can0  116   [8]  00 08 00 08 00 00 00 00
  can0  101   [8]  B6 A1 00 00 00 00 00 11
  can0  103   [8]  00 00 00 00 00 00 00 00
  can0  100   [8]  4C 19 64 9C 64 9C 77 33
  can0  102   [8]  00 00 00 00 FF 00 00 00
  can0  110   [8]  00 00 00 00 00 00 00 00
  can0  111   [8]  04 0D 02 00 00 00 00 00
  can0  112   [8]  03 03 77 77 04 04 04 04
  can0  113   [8]  14 41 0A 00 82 5A 0A 00
  can0  114   [8]  00 00 00 00 00 00 80 00
  can0  115   [8]  00 00 00 00 00 00 00 00
  can0  116   [8]  00 08 00 08 00 00 00 00
  can0  101   [8]  51 A2 00 00 00 00 00 11
  can0  103   [8]  00 00 00 00 00 00 00 00
  can0  630   [1]  F0
  can0  100   [8]  AB 1A 64 9C 64 9C 77 33
  can0  102   [8]  00 00 00 00 FF 00 00 00
  can0  110   [8]  00 00 00 00 00 00 00 00
  can0  111   [8]  05 0D 02 00 00 00 00 00
  can0  112   [8]  03 03 77 77 04 04 04 04
  can0  113   [8]  19 41 0A 00 87 5A 0A 00
  can0  114   [8]  00 00 00 00 00 00 80 00
  can0  115   [8]  00 00 00 00 00 00 00 00
  can0  116   [8]  00 08 00 08 00 00 00 00
  can0  101   [8]  0C A3 00 00 00 00 00 11
  can0  103   [8]  00 00 00 00 00 00 00 00
  can0  100   [8]  F6 1B 64 9C 64 9C 77 33
  can0  102   [8]  00 00 00 00 FF 00 00 00
  can0  110   [8]  00 00 00 00 00 00 00 00
  can0  111   [8]  06 0D 02 00 00 00 00 00
  can0  112   [8]  03 03 77 77 04 04 04 04
  can0  113   [8]  1E 41 0A 00 8C 5A 0A 00
  can0  114   [8]  00 00 00 00 00 00 80 00
  can0  115   [8]  00 00 00 00 00 00 00 00
  can0  116   [8]  00 08 00 08 00 00 00 00
  can0  101   [8]  82 A4 00 00 00 00 00 11
  can0  103   [8]  00 00 00 00 00 00 00 00
  can0  100   [8]  78 1C 64 9C 64 9C 77 33
  can0  102   [8]  00 00 00 00 FF 00 00 00
  can0  110   [8]  00 00 00 00 00 00 00 00
  can0  111   [8]  07 0D 02 00 00 00 00 00
  can0  112   [8]  03 03 77 77 04 04 04 04
  can0  113   [8]  23 41 0A 00 91 5A 0A 00
  can0  114   [8]  00 00 00 00 00 00 80 00
  can0  115   [8]  00 00 00 00 00 00 00 00
  can0  116   [8]  00 08 00 08 00 00 00 00
  can0  101   [8]  DF A5 00 00 00 00 00 11
  can0  103   [8]  00 00 00 00 00 00 00 00
  can0  100   [8]  25 1D 64 9C 64 9C 77 33
  can0  102   [8]  00 00 00 00 FF 00 00 00
  can0  110   [8]  00 00 00 00 00 00 00 00
  can0  111   [8]  08 0D 02 00 00 00 00 00
  can0  112   [8]  03 03 77 77 04 04 04 04
  can0  113   [8]  28 41 0A 00 96 5A 0A 00
  can0  114   [8]  00 00 00 00 00 00 80 00
  can0  115   [8]  00 00 00 00 00 00 00 00
  can0  116   [8]  00 08 00 08 00 00 00 00
  can0  101   [8]  38 A6 00 00 00 00 00 11
  can0  103   [8]  00 00 00 00 00 00 00 00
  can0  100   [8]  C2 1E 64 9C 64 9C 77 33
  can0  102   [8]  00 00 00 00 FF 00 00 00
  can0  110   [8]  00 00 00 00 00 00 00 00
  can0  111   [8]  09 0D 02 00 00 00 00 00
  can0  112   [8]  03 03 77 77 04 04 04 04
  can0  113   [8]  2D 41 0A 00 9B 5A 0A 00
  can0  114   [8]  00 00 00 00 00 00 80 00
  can0  115   [8]  00 00 00 00 00 00 00 00
  can0  116   [8]  00 08 00 08 00 00 00 00
  can0  101   [8]  65 A7 00 00 00 00 00 11
  can0  103   [8]  00 00 00 00 00 00 00 00
  can0  610   [8]  48 E1 FA BE 48 E1 FA BD
  can0  611   [4]  EC 51 98 3E
  can0  630   [1]  F0
  can0  100   [8]  9F 1F 64 9C 64 9C 77 33
  can0  102   [8]  00 00 00 00 FF 00 00 00
  can0  110   [8]  00 00 00 00 00 00 00 00
  can0  111   [8]  0A 0D 02 00 00 00 00 00
  can0  112   [8]  03 03 77 77 04 04 04 04
  can0  113   [8]  32 41 0A 00 A0 5A 0A 00
  can0  114   [8]  00 00 00 00 00 00 80 00
  can0  115   [8]  00 00 00 00 00 00 00 00
  can0  116   [8]  00 08 00 08 00 00 00 00
  can0  101   [8]  39 A8 00 00 00 00 00 11
  can0  103   [8]  00 00 00 00 00 00 00 00
  can0  100   [8]  15 20 64 9C 64 9C 77 33
  can0  102   [8]  00 00 00 00 FF 00 00 00
  can0  110   [8]  00 00 00 00 00 00 00 00
  can0  111   [8]  0B 0D 02 00 00 00 00 00
  can0  112   [8]  03 03 77 77 04 04 04 04
  can0  113   [8]  37 41 0A 00 A5 5A 0A 00
  can0  114   [8]  00 00 00 00 00 00 80 00
  can0  115   [8]  00 00 00 00 00 00 00 00
  can0  116   [8]  00 08 00 08 00 00 00 00
  can0  101   [8]  64 A9 00 00 00 00 00 11
  can0  103   [8]  00 00 00 00 00 00 00 00
  can0  100   [8]  48 21 64 9C 64 9C 77 33
  can0  102   [8]  00 00 00 00 FF 00 00 00
  can0  110   [8]  00 00 00 00 00 00 00 00
  can0  111   [8]  0C 0D 02 00 00 00 00 00
  can0  112   [8]  03 03 77 77 04 04 04 04
  can0  113   [8]  3C 41 0A 00 AA 5A 0A 00
  can0  114   [8]  00 00 00 00 00 00 80 00
  can0  115   [8]  00 00 00 00 00 00 00 00
  can0  116   [8]  00 08 00 08 00 00 00 00
  can0  101   [8]  83 AA 00 00 00 00 00 11
  can0  103   [8]  00 00 00 00 00 00 00 00
  can0  100   [8]  AF 22 64 9C 64 9C 77 33
  can0  102   [8]  00 00 00 00 FF 00 00 00
  can0  110   [8]  00 00 00 00 00 00 00 00
  can0  111   [8]  0D 0D 02 00 00 00 00 00
  can0  112   [8]  03 03 77 77 04 04 04 04
  can0  113   [8]  41 41 0A 00 AF 5A 0A 00
  can0  114   [8]  00 00 00 00 00 00 80 00
  can0  115   [8]  00 00 00 00 00 00 00 00
  can0  116   [8]  00 08 00 08 00 00 00 00
  can0  101   [8]  DE AB 00 00 00 00 00 11
  can0  103   [8]  00 00 00 00 00 00 00 00
  can0  100   [8]  F2 23 64 9C 64 9C 77 33
  can0  102   [8]  00 00 00 00 FF 00 00 00
  can0  110   [8]  00 00 00 00 00 00 00 00
  can0  111   [8]  0E 0D 02 00 00 00 00 00
  can0  112   [8]  03 03 77 77 04 04 04 04
  can0  113   [8]  46 41 0A 00 B4 5A 0A 00
  can0  114   [8]  00 00 00 00 00 00 80 00
  can0  115   [8]  00 00 00 00 00 00 00 00
  can0  116   [8]  00 08 00 08 00 00 00 00
  can0  101   [8]  50 AC 00 00 00 00 00 11
  can0  103   [8]  00 00 00 00 00 00 00 00
  can0  600   [8]  EC FF F1 FF FA 00 01 03
  can0  601   [6]  0A 00 FA FF 87 01
  can0  630   [1]  F0
  can0  100   [8]  7C 24 64 9C 64 9C 77 33
  can0  102   [8]  00 00 00 00 FF 00 00 00
  can0  110   [8]  00 00 00 00 00 00 00 00
  can0  111   [8]  0F 0D 02 00 00 00 00 00
  can0  112   [8]  03 03 77 77 04 04 04 04
  can0  113   [8]  4B 41 0A 00 B9 5A 0A 00
  can0  114   [8]  00 00 00 00 00 00 80 00
  can0  115   [8]  00 00 00 00 00 00 00 00
  can0  116   [8]  00 08 00 08 00 00 00 00
  can0  101   [8]  0D AD 00 00 00 00 00 11
  can0  103   [8]  00 00 00 00 00 00 00 00
  can0  100   [8]  21 25 64 9C 64 9C 77 33
  can0  102   [8]  00 00 00 00 FF 00 00 00
  can0  110   [8]  00 00 00 00 00 00 00 00
  can0  111   [8]  10 0D 02 00 00 00 00 00
  can0  112   [8]  03 03 77 77 04 04 04 04
  can0  113   [8]  50 41 0A 00 BE 5A 0A 00
  can0  114   [8]  00 00 00 00 00 00 80 00
  can0  115   [8]  00 00 00 00 00 00 00 00
  can0  116   [8]  00 08 00 08 00 00 00 00
  can0  101   [8]  EA AE 00 00 00 00 00 11
  can0  103   [8]  00 00 00 00 00 00 00 00
  can0  100   [8]  C6 26 64 9C 64 9C 77 33
  can0  102   [8]  00 00 00 00 FF 00 00 00
  can0  110   [8]  00 00 00 00 00 00 00 00
  can0  111   [8]  11 0D 02 00 00 00 00 00
  can0  112   [8]  03 03 77 77 04 04 04 04
  can0  113   [8]  55 41 0A 00 C3 5A 0A 00
  can0  114   [8]  00 00 00 00 00 00 80 00
  can0  115   [8]  00 00 00 00 00 00 00 00
  can0  116   [8]  00 08 00 08 00 00 00 00
  can0  101   [8]  B7 AF 00 00 00 00 00 11
  can0  103   [8]  00 00 00 00 00 00 00 00
  can0  620   [3]  02 00 01
  can0  621   [8]  00 00 00 00 00 00 00 00
  can0  622   [7]  00 00 00 00 00 00 00
  can0  623   [7]  00 00 00 00 00 00 00
  can0  624   [4]  00 00 00 00
  can0  625   [8]  E1 FA C7 42 E1 FA C7 42
  can0  626   [4]  E1 FA C7 42
  can0  100   [8]  9B 27 64 9C 64 9C 77 33
  can0  102   [8]  00 00 00 00 FF 00 00 00
  can0  110   [8]  00 00 00 00 00 00 00 00
  can0  111   [8]  12 0D 02 00 00 00 00 00
  can0  112   [8]  03 03 77 77 04 04 04 04
  can0  113   [8]  5A 41 0A 00 C8 5A 0A 00
  can0  114   [8]  00 00 00 00 00 00 80 00
  can0  115   [8]  00 00 00 00 00 00 00 00
  can0  101   [8]  52 B0 00 00 00 00 00 11
  can0  116   [8]  00 08 00 08 00 00 00 00
  can0  627   [6]  00 00 00 00 00 00
  can0  103   [8]  00 00 00 00 00 00 00 00
  can0  100   [8]  C7 28 64 9C 64 9C 77 33
  can0  102   [8]  00 00 00 00 FF 00 00 00
  can0  110   [8]  00 00 00 00 00 00 00 00
  can0  111   [8]  13 0D 02 00 00 00 00 00
  can0  112   [8]  03 03 77 77 04 04 04 04
  can0  113   [8]  5F 41 0A 00 CD 5A 0A 00
  can0  114   [8]  00 00 00 00 00 00 80 00
  can0  115   [8]  00 00 00 00 00 00 00 00
  can0  116   [8]  00 08 00 08 00 00 00 00
  can0  101   [8]  0F B1 00 00 00 00 00 11
  can0  103   [8]  00 00 00 00 00 00 00 00
  can0  610   [8]  00 00 E0 BE B8 1E C5 3D
  can0  611   [4]  AE 47 21 3E
  can0  630   [1]  F0
  can0  100   [8]  9A 29 64 9C 64 9C 77 33
  can0  102   [8]  00 00 00 00 FF 00 00 00
  can0  110   [8]  00 00 00 00 00 00 00 00
  can0  111   [8]  14 0D 02 00 00 00 00 00
  can0  112   [8]  03 03 77 77 04 04 04 04
  can0  113   [8]  64 41 0A 00 D2 5A 0A 00
  can0  114   [8]  00 00 00 00 00 00 80 00
  can0  115   [8]  00 00 00 00 00 00 00 00
  can0  116   [8]  00 08 00 08 00 00 00 00
  can0  101   [8]  E8 B2 00 00 00 00 00 11
  can0  103   [8]  00 00 00 00 00 00 00 00
  can0  100   [8]  7D 2A 64 9C 64 9C 77 33
  can0  102   [8]  00 00 00 00 FF 00 00 00
  can0  110   [8]  00 00 00 00 00 00 00 00
  can0  111   [8]  15 0D 02 00 00 00 00 00
  can0  112   [8]  03 03 77 77 04 04 04 04
  can0  113   [8]  69 41 0A 00 D7 5A 0A 00
  can0  114   [8]  00 00 00 00 00 00 80 00
  can0  115   [8]  00 00 00 00 00 00 00 00
  can0  116   [8]  00 08 00 08 00 00 00 00
  can0  101   [8]  B5 B3 00 00 00 00 00 11
  can0  103   [8]  00 00 00 00 00 00 00 00
  can0  100   [8]  20 2B 64 9C 64 9C 77 33
  can0  102   [8]  00 00 00 00 FF 00 00 00
  can0  110   [8]  00 00 00 00 00 00 00 00
  can0  111   [8]  16 0D 02 00 00 00 00 00
  can0  112   [8]  03 03 77 77 04 04 04 04
  can0  113   [8]  6E 41 0A 00 DC 5A 0A 00
  can0  114   [8]  00 00 00 00 00 00 80 00
  can0  115   [8]  00 00 00 00 00 00 00 00
  can0  116   [8]  00 08 00 08 00 00 00 00
  can0  101   [8]  3B B4 00 00 00 00 00 11
  can0  103   [8]  00 00 00 00 00 00 00 00
  can0  100   [8]  AE 2C 64 9C 64 9C 77 33
  can0  102   [8]  00 00 00 00 FF 00 00 00
  can0  110   [8]  00 00 00 00 00 00 00 00
  can0  111   [8]  17 0D 02 00 00 00 00 00
  can0  112   [8]  03 03 77 77 04 04 04 04
  can0  113   [8]  73 41 0A 00 E1 5A 0A 00
  can0  114   [8]  00 00 00 00 00 00 80 00
  can0  115   [8]  00 00 00 00 00 00 00 00
  can0  116   [8]  00 08 00 08 00 00 00 00
  can0  101   [8]  66 B5 00 00 00 00 00 11
  can0  103   [8]  00 00 00 00 00 00 00 00
  can0  100   [8]  F3 2D 64 9C 64 9C 77 33
  can0  102   [8]  00 00 00 00 FF 00 00 00
  can0  110   [8]  00 00 00 00 00 00 00 00
  can0  111   [8]  18 0D 02 00 00 00 00 00
  can0  112   [8]  03 03 77 77 04 04 04 04
  can0  113   [8]  78 41 0A 00 E6 5A 0A 00
  can0  114   [8]  00 00 00 00 00 00 80 00
  can0  115   [8]  00 00 00 00 00 00 00 00
  can0  116   [8]  00 08 00 08 00 00 00 00
  can0  101   [8]  81 B6 00 00 00 00 00 11
  can0  103   [8]  00 00 00 00 00 00 00 00
  can0  630   [1]  F0
  can0  100   [8]  14 2E 64 9C 64 9C 77 33
  can0  102   [8]  00 00 00 00 FF 00 00 00
  can0  110   [8]  00 00 00 00 00 00 00 00
  can0  111   [8]  19 0D 02 00 00 00 00 00
  can0  112   [8]  03 03 77 77 04 04 04 04
  can0  113   [8]  7D 41 0A 00 EB 5A 0A 00
  can0  114   [8]  00 00 00 00 00 00 80 00
  can0  115   [8]  00 00 00 00 00 00 00 00
  can0  116   [8]  00 08 00 08 00 00 00 00
  can0  101   [8]  DC B7 00 00 00 00 00 11
  can0  103   [8]  00 00 00 00 00 00 00 00
  can0  100   [8]  49 2F 64 9C 64 9C 77 33
  can0  102   [8]  00 00 00 00 FF 00 00 00
  can0  110   [8]  00 00 00 00 00 00 00 00
  can0  111   [8]  1A 0D 02 00 00 00 00 00
  can0  112   [8]  03 03 77 77 04 04 04 04
  can0  113   [8]  82 41 0A 00 F0 5A 0A 00
  can0  114   [8]  00 00 00 00 00 00 80 00
  can0  115   [8]  00 00 00 00 00 00 00 00
  can0  116   [8]  00 08 00 08 00 00 00 00
  can0  101   [8]  80 B8 00 00 00 00 00 11
  can0  103   [8]  00 00 00 00 00 00 00 00
  can0  100   [8]  AC 30 64 9C 64 9C 77 33
  can0  102   [8]  00 00 00 00 FF 00 00 00
  can0  110   [8]  00 00 00 00 00 00 00 00
  can0  111   [8]  1B 0D 02 00 00 00 00 00
  can0  112   [8]  03 03 77 77 04 04 04 04
  can0  113   [8]  87 41 0A 00 F5 5A 0A 00
  can0  114   [8]  00 00 00 00 00 00 80 00
  can0  115   [8]  00 00 00 00 00 00 00 00
  can0  116   [8]  00 08 00 08 00 00 00 00
  can0  101   [8]  DD B9 00 00 00 00 00 11
  can0  103   [8]  00 00 00 00 00 00 00 00
  can0  100   [8]  F1 31 64 9C 64 9C 77 33
  can0  102   [8]  00 00 00 00 FF 00 00 00
  can0  110   [8]  00 00 00 00 00 00 00 00
  can0  111   [8]  1C 0D 02 00 00 00 00 00
  can0  112   [8]  03 03 77 77 04 04 04 04
  can0  113   [8]  8C 41 0A 00 FA 5A 0A 00
  can0  114   [8]  00 00 00 00 00 00 80 00
  can0  115   [8]  00 00 00 00 00 00 00 00
  can0  116   [8]  00 08 00 08 00 00 00 00
  can0  101   [8]  3A BA 00 00 00 00 00 11
  can0  103   [8]  00 00 00 00 00 00 00 00
  can0  100   [8]  16 32 64 9C 64 9C 77 33
  can0  102   [8]  00 00 00 00 FF 00 00 00
  can0  110   [8]  00 00 00 00 00 00 00 00
  can0  111   [8]  1D 0D 02 00 00 00 00 00
  can0  112   [8]  03 03 77 77 04 04 04 04
  can0  113   [8]  91 41 0A 00 FF 5A 0A 00
  can0  114   [8]  00 00 00 00 00 00 80 00
  can0  115   [8]  00 00 00 00 00 00 00 00
  can0  116   [8]  00 08 00 08 00 00 00 00
  can0  101   [8]  67 BB 00 00 00 00 00 11
  can0  103   [8]  00 00 00 00 00 00 00 00
  can0  600   [8]  ED FF F1 FF FC 00 01 03
  can0  601   [6]  17 00 FA FF 82 01
  can0  610   [8]  00 00 E0 BE B8 1E C5 3D
  can0  611   [4]  AE 47 21 3E
  can0  630   [1]  F0
  can0  100   [8]  4B 33 64 9C 64 9C 77 33
  can0  102   [8]  00 00 00 00 FF 00 00 00
  can0  110   [8]  00 00 00 00 00 00 00 00
  can0  111   [8]  1E 0D 02 00 00 00 00 00
  can0  112   [8]  03 03 77 77 04 04 04 04
  can0  113   [8]  96 41 0A 00 04 5B 0A 00
  can0  114   [8]  00 00 00 00 00 00 80 00
  can0  115   [8]  00 00 00 00 00 00 00 00
  can0  116   [8]  00 08 00 08 00 00 00 00
  can0  101   [8]  E9 BC 00 00 00 00 00 11
  can0  103   [8]  00 00 00 00 00 00 00 00
  can0  100   [8]  C5 34 64 9C 64 9C 77 33
  can0  102   [8]  00 00 00 00 FF 00 00 00
  can0  110   [8]  00 00 00 00 00 00 00 00
  can0  111   [8]  1F 0D 02 00 00 00 00 00
  can0  112   [8]  03 03 77 77 04 04 04 04
  can0  113   [8]  9B 41 0A 00 09 5B 0A 00
  can0  114   [8]  00 00 00 00 00 00 80 00
  can0  115   [8]  00 00 00 00 00 00 00 00
  can0  116   [8]  00 08 00 08 00 00 00 00
  can0  101   [8]  B4 BD 00 00 00 00 00 11
  can0  103   [8]  00 00 00 00 00 00 00 00
  can0  100   [8]  98 35 64 9C 64 9C 77 33
  can0  102   [8]  00 00 00 00 FF 00 00 00
  can0  110   [8]  00 00 00 00 00 00 00 00
  can0  111   [8]  20 0D 02 00 00 00 00 00
  can0  112   [8]  03 03 77 77 04 04 04 04
  can0  113   [8]  A0 41 0A 00 0E 5B 0A 00
  can0  114   [8]  00 00 00 00 00 00 80 00
  can0  115   [8]  00 00 00 00 00 00 00 00
  can0  116   [8]  00 08 00 08 00 00 00 00
  can0  404   [8]  03 00 00 00 00 00 00 00
  can0  101   [8]  53 BE 00 00 00 00 00 11
  can0  103   [8]  00 00 00 00 00 00 00 00
  can0  402   [8]  02 00 17 15 FF 2C 00 10
  can0  405   [8]  03 01 00 00 00 00 00 00
  can0  403   [8]  02 01 2D 12 3C 34 00 00
  can0  100   [8]  7F 36 64 9C 64 9C 77 33
  can0  102   [8]  00 00 00 00 FF 00 00 00
  can0  110   [8]  00 00 00 00 00 00 00 00
  can0  111   [8]  21 0D 02 00 00 00 00 00
  can0  112   [8]  03 03 77 77 04 04 04 04
  can0  113   [8]  A5 41 0A 00 13 5B 0A 00
  can0  114   [8]  00 00 00 00 00 00 80 00
  can0  115   [8]  00 00 00 00 00 00 00 00
  can0  116   [8]  00 08 00 08 00 00 00 00
  can0  101   [8]  0E BF 00 00 00 00 00 11
  can0  103   [8]  00 00 00 00 00 00 00 00
  can0  100   [8]  22 37 64 9C 64 9C 77 33
  can0  102   [8]  00 00 00 00 FF 00 00 00
  can0  110   [8]  00 00 00 00 00 00 00 00
  can0  111   [8]  22 0D 02 00 00 00 00 00
  can0  112   [8]  03 03 77 77 04 04 04 04
  can0  113   [8]  AA 41 0A 00 18 5B 0A 00
  can0  114   [8]  00 00 00 00 00 00 80 00
  can0  115   [8]  00 00 00 00 00 00 00 00
  can0  116   [8]  00 08 00 08 00 00 00 00
  can0  101   [8]  5A C0 00 00 00 00 00 11
  can0  103   [8]  00 00 00 00 00 00 00 00
  can0  630   [1]  F0
  can0  100   [8]  7E 38 64 9C 64 9C 77 33
  can0  102   [8]  00 00 00 00 FF 00 00 00
  can0  110   [8]  00 00 00 00 00 00 00 00
  can0  111   [8]  23 0D 02 00 00 00 00 00
  can0  112   [8]  03 03 77 77 04 04 04 04
  can0  113   [8]  AF 41 0A 00 1D 5B 0A 00
  can0  114   [8]  00 00 00 00 00 00 80 00
  can0  115   [8]  00 00 00 00 00 00 00 00
  can0  116   [8]  00 08 00 08 00 00 00 00
  can0  101   [8]  07 C1 00 00 00 00 00 11
  can0  103   [8]  00 00 00 00 00 00 00 00
  can0  100   [8]  23 39 64 9C 64 9C 77 33
  can0  102   [8]  00 00 00 00 FF 00 00 00
  can0  110   [8]  00 00 00 00 00 00 00 00
  can0  111   [8]  23 0D 02 00 00 00 00 00
  can0  112   [8]  03 03 77 77 04 04 04 04
  can0  113   [8]  AF 41 0A 00 22 5B 0A 00
  can0  114   [8]  00 00 00 00 00 00 80 00
  can0  115   [8]  00 00 00 00 00 00 00 00
  can0  116   [8]  00 08 00 08 00 00 00 00
  can0  101   [8]  E0 C2 00 00 00 00 00 11
  can0  103   [8]  00 00 00 00 00 00 00 00
  can0  100   [8]  C4 3A 64 9C 64 9C 77 33
  can0  102   [8]  00 00 00 00 FF 00 00 00
  can0  110   [8]  00 00 00 00 00 00 00 00
  can0  111   [8]  24 0D 02 00 00 00 00 00
  can0  112   [8]  03 03 77 77 04 04 04 04
  can0  113   [8]  B4 41 0A 00 27 5B 0A 00
  can0  114   [8]  00 00 00 00 00 00 80 00
  can0  115   [8]  00 00 00 00 00 00 00 00
  can0  116   [8]  00 08 00 08 00 00 00 00
  can0  101   [8]  BD C3 00 00 00 00 00 11
  can0  103   [8]  00 00 00 00 00 00 00 00
  can0  620   [3]  02 00 01
  can0  621   [8]  00 00 00 00 00 00 00 00
  can0  622   [7]  00 00 00 00 00 00 00
  can0  623   [7]  00 00 00 00 00 00 00
  can0  624   [4]  00 00 00 00
  can0  625   [8]  E1 FA C7 42 E1 FA C7 42
  can0  626   [4]  E1 FA C7 42
  can0  100   [8]  99 3B 64 9C 64 9C 77 33
  can0  102   [8]  00 00 00 00 FF 00 00 00
  can0  110   [8]  00 00 00 00 00 00 00 00
  can0  111   [8]  25 0D 02 00 00 00 00 00
  can0  112   [8]  03 03 77 77 04 04 04 04
  can0  113   [8]  B9 41 0A 00 2C 5B 0A 00
  can0  114   [8]  00 00 00 00 00 00 80 00
  can0  115   [8]  00 00 00 00 00 00 00 00
  can0  101   [8]  33 C4 00 00 00 00 00 11
  can0  116   [8]  00 08 00 08 00 00 00 00
  can0  627   [6]  00 00 00 00 00 00
  can0  103   [8]  00 00 00 00 00 00 00 00
  can0  100   [8]  17 3C 64 9C 64 9C 77 33
  can0  102   [8]  00 00 00 00 FF 00 00 00
  can0  110   [8]  00 00 00 00 00 00 00 00
  can0  111   [8]  26 0D 02 00 00 00 00 00
  can0  112   [8]  03 03 77 77 04 04 04 04
  can0  113   [8]  BE 41 0A 00 31 5B 0A 00
  can0  114   [8]  00 00 00 00 00 00 80 00
  can0  115   [8]  00 00 00 00 00 00 00 00
  can0  116   [8]  00 08 00 08 00 00 00 00
  can0  101   [8]  6E C5 00 00 00 00 00 11
  can0  103   [8]  00 00 00 00 00 00 00 00
  can0  610   [8]  F6 28 04 BF 29 5C 0F BD
  can0  611   [4]  F6 28 BC 3E
  can0  630   [1]  F0
  can0  100   [8]  4A 3D 64 9C 64 9C 77 33
  can0  102   [8]  00 00 00 00 FF 00 00 00
  can0  110   [8]  00 00 00 00 00 00 00 00
  can0  111   [8]  27 0D 02 00 00 00 00 00
  can0  112   [8]  03 03 77 77 04 04 04 04
  can0  113   [8]  C3 41 0A 00 36 5B 0A 00
  can0  114   [8]  00 00 00 00 00 00 80 00
  can0  115   [8]  00 00 00 00 00 00 00 00
  can0  116   [8]  00 08 00 08 00 00 00 00
  can0  101   [8]  89 C6 00 00 00 00 00 11
  can0  103   [8]  00 00 00 00 00 00 00 00
  can0  100   [8]  AD 3E 64 9C 64 9C 77 33
  can0  102   [8]  00 00 00 00 FF 00 00 00
  can0  110   [8]  00 00 00 00 00 00 00 00
  can0  111   [8]  28 0D 02 00 00 00 00 00
  can0  112   [8]  03 03 77 77 04 04 04 04
  can0  113   [8]  C8 41 0A 00 3B 5B 0A 00
  can0  114   [8]  00 00 00 00 00 00 80 00
  can0  115   [8]  00 00 00 00 00 00 00 00
  can0  116   [8]  00 08 00 08 00 00 00 00
  can0  101   [8]  D4 C7 00 00 00 00 00 11
  can0  103   [8]  00 00 00 00 00 00 00 00
  can0  100   [8]  F0 3F 64 9C 64 9C 77 33
  can0  102   [8]  00 00 00 00 FF 00 00 00
  can0  110   [8]  00 00 00 00 00 00 00 00
  can0  111   [8]  29 0D 02 00 00 00 00 00
  can0  112   [8]  03 03 77 77 04 04 04 04
  can0  113   [8]  CD 41 0A 00 40 5B 0A 00
  can0  114   [8]  00 00 00 00 00 00 80 00
  can0  115   [8]  00 00 00 00 00 00 00 00
  can0  116   [8]  00 08 00 08 00 00 00 00
  can0  101   [8]  88 C8 00 00 00 00 00 11
  can0  103   [8]  00 00 00 00 00 00 00 00
  can0  100   [8]  A4 40 64 9C 64 9C 77 33
  can0  102   [8]  00 00 00 00 FF 00 00 00
  can0  110   [8]  00 00 00 00 00 00 00 00
  can0  111   [8]  2A 0D 02 00 00 00 00 00
  can0  112   [8]  03 03 77 77 04 04 04 04
  can0  113   [8]  D2 41 0A 00 45 5B 0A 00
  can0  114   [8]  00 00 00 00 00 00 80 00
  can0  115   [8]  00 00 00 00 00 00 00 00
  can0  116   [8]  00 08 00 08 00 00 00 00
  can0  101   [8]  D5 C9 00 00 00 00 00 11
  can0  103   [8]  00 00 00 00 00 00 00 00
  can0  100   [8]  F9 41 64 9C 64 9C 77 33
  can0  102   [8]  00 00 00 00 FF 00 00 00
  can0  110   [8]  00 00 00 00 00 00 00 00
  can0  111   [8]  2B 0D 02 00 00 00 00 00
  can0  112   [8]  03 03 77 77 04 04 04 04
  can0  113   [8]  D7 41 0A 00 4A 5B 0A 00
  can0  114   [8]  00 00 00 00 00 00 80 00
  can0  115   [8]  00 00 00 00 00 00 00 00
  can0  116   [8]  00 08 00 08 00 00 00 00
  can0  101   [8]  32 CA 00 00 00 00 00 11
  can0  103   [8]  00 00 00 00 00 00 00 00
  can0  600   [8]  ED FF F0 FF FC 00 02 03
  can0  601   [6]  17 00 FA FF 82 01
  can0  630   [1]  F0
  can0  100   [8]  1E 42 64 9C 64 9C 77 33
  can0  102   [8]  00 00 00 00 FF 00 00 00
  can0  110   [8]  00 00 00 00 00 00 00 00
  can0  111   [8]  2C 0D 02 00 00 00 00 00
  can0  112   [8]  03 03 77 77 04 04 04 04
  can0  113   [8]  DC 41 0A 00 4F 5B 0A 00
  can0  114   [8]  00 00 00 00 00 00 80 00
  can0  115   [8]  00 00 00 00 00 00 00 00
  can0  116   [8]  00 08 00 08 00 00 00 00
  can0  101   [8]  6F CB 00 00 00 00 00 11
  can0  103   [8]  00 00 00 00 00 00 00 00
  can0  100   [8]  43 43 64 9C 64 9C 77 33
  can0  102   [8]  00 00 00 00 FF 00 00 00
  can0  110   [8]  00 00 00 00 00 00 00 00
  can0  111   [8]  2D 0D 02 00 00 00 00 00
  can0  112   [8]  03 03 77 77 04 04 04 04
  can0  113   [8]  E1 41 0A 00 54 5B 0A 00
  can0  114   [8]  00 00 00 00 00 00 80 00
  can0  115   [8]  00 00 00 00 00 00 00 00
  can0  116   [8]  00 08 00 08 00 00 00 00
  can0  101   [8]  E1 CC 00 00 00 00 00 11
  can0  103   [8]  00 00 00 00 00 00 00 00
  can0  100   [8]  CD 44 64 9C 64 9C 77 33
  can0  102   [8]  00 00 00 00 FF 00 00 00
  can0  110   [8]  00 00 00 00 00 00 00 00
  can0  111   [8]  2E 0D 02 00 00 00 00 00
  can0  112   [8]  03 03 77 77 04 04 04 04
  can0  113   [8]  E6 41 0A 00 59 5B 0A 00
  can0  114   [8]  00 00 00 00 00 00 80 00
  can0  115   [8]  00 00 00 00 00 00 00 00
  can0  116   [8]  00 08 00 08 00 00 00 00
  can0  101   [8]  BC CD 00 00 00 00 00 11
  can0  103   [8]  00 00 00 00 00 00 00 00
  can0  100   [8]  90 45 64 9C 64 9C 77 33
  can0  102   [8]  00 00 00 00 FF 00 00 00
  can0  110   [8]  00 00 00 00 00 00 00 00
  can0  111   [8]  2F 0D 02 00 00 00 00 00
  can0  112   [8]  03 03 77 77 04 04 04 04
  can0  113   [8]  EB 41 0A 00 5E 5B 0A 00
  can0  114   [8]  00 00 00 00 00 00 80 00
  can0  115   [8]  00 00 00 00 00 00 00 00
  can0  116   [8]  00 08 00 08 00 00 00 00
  can0  101   [8]  5B CE 00 00 00 00 00 11
  can0  103   [8]  00 00 00 00 00 00 00 00
  can0  100   [8]  77 46 64 9C 64 9C 77 33
  can0  102   [8]  00 00 00 00 FF 00 00 00
  can0  110   [8]  00 00 00 00 00 00 00 00
  can0  111   [8]  30 0D 02 00 00 00 00 00
  can0  112   [8]  03 03 77 77 04 04 04 04
  can0  113   [8]  F0 41 0A 00 63 5B 0A 00
  can0  114   [8]  00 00 00 00 00 00 80 00
  can0  115   [8]  00 00 00 00 00 00 00 00
  can0  116   [8]  00 08 00 08 00 00 00 00
  can0  101   [8]  06 CF 00 00 00 00 00 11
  can0  103   [8]  00 00 00 00 00 00 00 00
  can0  610   [8]  F6 28 04 BF 29 5C 0F BD
  can0  611   [4]  F6 28 BC 3E
  can0  630   [1]  F0
  can0  100   [8]  2A 47 64 9C 64 9C 77 33
  can0  102   [8]  00 00 00 00 FF 00 00 00
  can0  110   [8]  00 00 00 00 00 00 00 00
  can0  111   [8]  31 0D 02 00 00 00 00 00
  can0  112   [8]  03 03 77 77 04 04 04 04
  can0  113   [8]  F5 41 0A 00 68 5B 0A 00
  can0  114   [8]  00 00 00 00 00 00 80 00
  can0  115   [8]  00 00 00 00 00 00 00 00
  can0  116   [8]  00 08 00 08 00 00 00 00
  can0  101   [8]  E3 D0 00 00 00 00 00 11
  can0  103   [8]  00 00 00 00 00 00 00 00
  can0  100   [8]  76 48 64 9C 64 9C 77 33
  can0  102   [8]  00 00 00 00 FF 00 00 00
  can0  110   [8]  00 00 00 00 00 00 00 00
  can0  111   [8]  32 0D 02 00 00 00 00 00
  can0  112   [8]  03 03 77 77 04 04 04 04
  can0  113   [8]  FA 41 0A 00 6D 5B 0A 00
  can0  114   [8]  00 00 00 00 00 00 80 00
  can0  115   [8]  00 00 00 00 00 00 00 00
  can0  116   [8]  00 08 00 08 00 00 00 00
  can0  101   [8]  BE D1 00 00 00 00 00 11
  can0  103   [8]  00 00 00 00 00 00 00 00
  can0  100   [8]  2B 49 64 9C 64 9C 77 33
  can0  102   [8]  00 00 00 00 FF 00 00 00
  can0  110   [8]  00 00 00 00 00 00 00 00
  can0  111   [8]  33 0D 02 00 00 00 00 00
  can0  112   [8]  03 03 77 77 04 04 04 04
  can0  113   [8]  FF 41 0A 00 72 5B 0A 00
  can0  114   [8]  00 00 00 00 00 00 80 00
  can0  115   [8]  00 00 00 00 00 00 00 00
  can0  116   [8]  00 08 00 08 00 00 00 00
  can0  101   [8]  59 D2 00 00 00 00 00 11
  can0  103   [8]  00 00 00 00 00 00 00 00
  can0  100   [8]  CC 4A 64 9C 64 9C 77 33
  can0  102   [8]  00 00 00 00 FF 00 00 00
  can0  110   [8]  00 00 00 00 00 00 00 00
  can0  111   [8]  34 0D 02 00 00 00 00 00
  can0  112   [8]  03 03 77 77 04 04 04 04
  can0  113   [8]  04 42 0A 00 77 5B 0A 00
  can0  114   [8]  00 00 00 00 00 00 80 00
  can0  115   [8]  00 00 00 00 00 00 00 00
  can0  116   [8]  00 08 00 08 00 00 00 00
  can0  101   [8]  04 D3 00 00 00 00 00 11
  can0  103   [8]  00 00 00 00 00 00 00 00
  can0  100   [8]  91 4B 64 9C 64 9C 77 33
  can0  102   [8]  00 00 00 00 FF 00 00 00
  can0  110   [8]  00 00 00 00 00 00 00 00
  can0  111   [8]  35 0D 02 00 00 00 00 00
  can0  112   [8]  03 03 77 77 04 04 04 04
  can0  113   [8]  09 42 0A 00 7C 5B 0A 00
  can0  114   [8]  00 00 00 00 00 00 80 00
  can0  115   [8]  00 00 00 00 00 00 00 00
  can0  116   [8]  00 08 00 08 00 00 00 00
  can0  101   [8]  8A D4 00 00 00 00 00 11
  can0  103   [8]  00 00 00 00 00 00 00 00
  can0  630   [1]  F0
  can0  100   [8]  1F 4C 64 9C 64 9C 77 33
  can0  102   [8]  00 00 00 00 FF 00 00 00
  can0  110   [8]  00 00 00 00 00 00 00 00
  can0  111   [8]  36 0D 02 00 00 00 00 00
  can0  112   [8]  03 03 77 77 04 04 04 04
  can0  113   [8]  0E 42 0A 00 81 5B 0A 00
  can0  114   [8]  00 00 00 00 00 00 80 00
  can0  115   [8]  00 00 00 00 00 00 00 00
  can0  116   [8]  00 08 00 08 00 00 00 00
  can0  101   [8]  D7 D5 00 00 00 00 00 11
  can0  103   [8]  00 00 00 00 00 00 00 00
  can0  100   [8]  42 4D 64 9C 64 9C 77 33
  can0  102   [8]  00 00 00 00 FF 00 00 00
  can0  110   [8]  00 00 00 00 00 00 00 00
  can0  111   [8]  37 0D 02 00 00 00 00 00
  can0  112   [8]  03 03 77 77 04 04 04 04
  can0  113   [8]  13 42 0A 00 86 5B 0A 00
  can0  114   [8]  00 00 00 00 00 00 80 00
  can0  115   [8]  00 00 00 00 00 00 00 00
  can0  116   [8]  00 08 00 08 00 00 00 00
  can0  101   [8]  30 D6 00 00 00 00 00 11
  can0  103   [8]  00 00 00 00 00 00 00 00
  can0  100   [8]  A5 4E 64 9C 64 9C 77 33
  can0  102   [8]  00 00 00 00 FF 00 00 00
  can0  110   [8]  00 00 00 00 00 00 00 00
  can0  111   [8]  38 0D 02 00 00 00 00 00
  can0  112   [8]  03 03 77 77 04 04 04 04
  can0  113   [8]  18 42 0A 00 8B 5B 0A 00
  can0  114   [8]  00 00 00 00 00 00 80 00
  can0  115   [8]  00 00 00 00 00 00 00 00
  can0  116   [8]  00 08 00 08 00 00 00 00
  can0  101   [8]  6D D7 00 00 00 00 00 11
  can0  103   [8]  00 00 00 00 00 00 00 00
  can0  620   [3]  02 00 01
  can0  621   [8]  00 00 00 00 00 00 00 00
  can0  622   [7]  00 00 00 00 00 00 00
  can0  623   [7]  00 00 00 00 00 00 00
  can0  624   [4]  00 00 00 00
  can0  625   [8]  E1 FA C7 42 E1 FA C7 42
  can0  100   [8]  F8 4F 64 9C 64 9C 77 33
  can0  102   [8]  00 00 00 00 FF 00 00 00
  can0  110   [8]  00 00 00 00 00 00 00 00
  can0  111   [8]  39 0D 02 00 00 00 00 00
  can0  112   [8]  03 03 77 77 04 04 04 04
  can0  113   [8]  1D 42 0A 00 90 5B 0A 00
  can0  114   [8]  00 00 00 00 00 00 80 00
  can0  115   [8]  00 00 00 00 00 00 00 00
  can0  116   [8]  00 08 00 08 00 00 00 00
  can0  101   [8]  31 D8 00 00 00 00 00 11
  can0  103   [8]  00 00 00 00 00 00 00 00
  can0  626   [4]  E1 FA C7 42
  can0  627   [6]  00 00 00 00 00 00
  can0  640   [8]  31 21 07 06 13 07 19 00
  can0  100   [8]  1D 50 64 9C 64 9C 77 33
  can0  102   [8]  00 00 00 00 FF 00 00 00
  can0  110   [8]  00 00 00 00 00 00 00 00
  can0  111   [8]  3A 0D 02 00 00 00 00 00
  can0  112   [8]  03 03 77 77 04 04 04 04
  can0  113   [8]  22 42 0A 00 95 5B 0A 00
  can0  114   [8]  00 00 00 00 00 00 80 00
  can0  115   [8]  00 00 00 00 00 00 00 00
  can0  116   [8]  00 08 00 08 00 00 00 00
  can0  101   [8]  6C D9 00 00 00 00 00 11
  can0  103   [8]  00 00 00 00 00 00 00 00
  can0  600   [8]  ED FF EF FF F9 00 02 03
  can0  601   [6]  10 00 F9 FF 7F 01
  can0  610   [8]  71 3D 62 BF 85 EB 71 3E
  can0  611   [4]  33 33 B3 3E
  can0  630   [1]  F0
  can0  100   [8]  40 51 64 9C 64 9C 77 33
  can0  102   [8]  00 00 00 00 FF 00 00 00
  can0  110   [8]  00 00 00 00 00 00 00 00
  can0  111   [8]  3B 0D 02 00 00 00 00 00
  can0  112   [8]  03 03 77 77 04 04 04 04
  can0  113   [8]  27 42 0A 00 9A 5B 0A 00
  can0  114   [8]  00 00 00 00 00 00 80 00
  can0  115   [8]  00 00 00 00 00 00 00 00
  can0  116   [8]  00 08 00 08 00 00 00 00
  can0  101   [8]  8B DA 00 00 00 00 00 11
  can0  103   [8]  00 00 00 00 00 00 00 00
  can0  100   [8]  A7 52 64 9C 64 9C 77 33
  can0  102   [8]  00 00 00 00 FF 00 00 00
  can0  110   [8]  00 00 00 00 00 00 00 00
  can0  111   [8]  3C 0D 02 00 00 00 00 00
  can0  112   [8]  03 03 77 77 04 04 04 04
  can0  113   [8]  2C 42 0A 00 9F 5B 0A 00
  can0  114   [8]  00 00 00 00 00 00 80 00
  can0  115   [8]  00 00 00 00 00 00 00 00
  can0  116   [8]  00 08 00 08 00 00 00 00
  can0  101   [8]  D6 DB 00 00 00 00 00 11
  can0  103   [8]  00 00 00 00 00 00 00 00
  can0  100   [8]  FA 53 64 9C 64 9C 77 33
  can0  102   [8]  00 00 00 00 FF 00 00 00
  can0  110   [8]  00 00 00 00 00 00 00 00
  can0  111   [8]  3D 0D 02 00 00 00 00 00
  can0  112   [8]  03 03 77 77 04 04 04 04
  can0  113   [8]  31 42 0A 00 A4 5B 0A 00
  can0  114   [8]  00 00 00 00 00 00 80 00
  can0  115   [8]  00 00 00 00 00 00 00 00
  can0  116   [8]  00 08 00 08 00 00 00 00
  can0  101   [8]  58 DC 00 00 00 00 00 11
  can0  103   [8]  00 00 00 00 00 00 00 00
  can0  100   [8]  74 54 64 9C 64 9C 77 33
  can0  102   [8]  00 00 00 00 FF 00 00 00
  can0  110   [8]  00 00 00 00 00 00 00 00
  can0  111   [8]  3E 0D 02 00 00 00 00 00
  can0  112   [8]  03 03 77 77 04 04 04 04
  can0  113   [8]  36 42 0A 00 A9 5B 0A 00
  can0  114   [8]  00 00 00 00 00 00 80 00
  can0  115   [8]  00 00 00 00 00 00 00 00
  can0  116   [8]  00 08 00 08 00 00 00 00
  can0  101   [8]  05 DD 00 00 00 00 00 11
  can0  103   [8]  00 00 00 00 00 00 00 00
  can0  100   [8]  29 55 64 9C 64 9C 77 33
  can0  102   [8]  00 00 00 00 FF 00 00 00
  can0  110   [8]  00 00 00 00 00 00 00 00
  can0  111   [8]  3F 0D 02 00 00 00 00 00
  can0  112   [8]  03 03 77 77 04 04 04 04
  can0  113   [8]  3B 42 0A 00 AE 5B 0A 00
  can0  114   [8]  00 00 00 00 00 00 80 00
  can0  115   [8]  00 00 00 00 00 00 00 00
  can0  116   [8]  00 08 00 08 00 00 00 00
  can0  101   [8]  E2 DE 00 00 00 00 00 11
  can0  103   [8]  00 00 00 00 00 00 00 00
  can0  630   [1]  F0
  can0  100   [8]  CE 56 64 9C 64 9C 77 33
  can0  102   [8]  00 00 00 00 FF 00 00 00
  can0  110   [8]  00 00 00 00 00 00 00 00
  can0  111   [8]  40 0D 02 00 00 00 00 00
  can0  112   [8]  03 03 77 77 04 04 04 04
  can0  113   [8]  40 42 0A 00 B3 5B 0A 00
  can0  114   [8]  00 00 00 00 00 00 80 00
  can0  115   [8]  00 00 00 00 00 00 00 00
  can0  116   [8]  00 08 00 08 00 00 00 00
  can0  101   [8]  BF DF 00 00 00 00 00 11
  can0  103   [8]  00 00 00 00 00 00 00 00
  can0  100   [8]  93 57 64 9C 64 9C 77 33
  can0  102   [8]  00 00 00 00 FF 00 00 00
  can0  110   [8]  00 00 00 00 00 00 00 00
  can0  111   [8]  41 0D 02 00 00 00 00 00
  can0  112   [8]  03 03 77 77 04 04 04 04
  can0  113   [8]  45 42 0A 00 B8 5B 0A 00
  can0  114   [8]  00 00 00 00 00 00 80 00
  can0  115   [8]  00 00 00 00 00 00 00 00
  can0  116   [8]  00 08 00 08 00 00 00 00
  can0  101   [8]  35 E0 00 00 00 00 00 11
  can0  103   [8]  00 00 00 00 00 00 00 00
  can0  100   [8]  CF 58 64 9C 64 9C 77 33
  can0  102   [8]  00 00 00 00 FF 00 00 00
  can0  110   [8]  00 00 00 00 00 00 00 00
  can0  111   [8]  42 0D 02 00 00 00 00 00
  can0  112   [8]  03 03 77 77 04 04 04 04
  can0  113   [8]  4A 42 0A 00 BD 5B 0A 00
  can0  114   [8]  00 00 00 00 00 00 80 00
  can0  115   [8]  00 00 00 00 00 00 00 00
  can0  116   [8]  00 08 00 08 00 00 00 00
  can0  101   [8]  68 E1 00 00 00 00 00 11
  can0  103   [8]  00 00 00 00 00 00 00 00
  can0  100   [8]  92 59 64 9C 64 9C 77 33
  can0  102   [8]  00 00 00 00 FF 00 00 00
  can0  110   [8]  00 00 00 00 00 00 00 00
  can0  111   [8]  43 0D 02 00 00 00 00 00
  can0  112   [8]  03 03 77 77 04 04 04 04
  can0  113   [8]  4F 42 0A 00 C2 5B 0A 00
  can0  114   [8]  00 00 00 00 00 00 80 00
  can0  115   [8]  00 00 00 00 00 00 00 00
  can0  116   [8]  00 08 00 08 00 00 00 00
  can0  101   [8]  8F E2 00 00 00 00 00 11
  can0  103   [8]  00 00 00 00 00 00 00 00
  can0  100   [8]  75 5A 64 9C 64 9C 77 33
  can0  102   [8]  00 00 00 00 FF 00 00 00
  can0  110   [8]  00 00 00 00 00 00 00 00
  can0  111   [8]  44 0D 02 00 00 00 00 00
  can0  112   [8]  03 03 77 77 04 04 04 04
  can0  113   [8]  54 42 0A 00 C7 5B 0A 00
  can0  114   [8]  00 00 00 00 00 00 80 00
  can0  115   [8]  00 00 00 00 00 00 00 00
  can0  116   [8]  00 08 00 08 00 00 00 00
  can0  101   [8]  D2 E3 00 00 00 00 00 11
  can0  103   [8]  00 00 00 00 00 00 00 00
  can0  610   [8]  71 3D 62 BF 85 EB 71 3E
  can0  611   [4]  33 33 B3 3E
  can0  630   [1]  F0
  can0  100   [8]  28 5B 64 9C 64 9C 77 33
  can0  102   [8]  00 00 00 00 FF 00 00 00
  can0  110   [8]  00 00 00 00 00 00 00 00
  can0  111   [8]  45 0D 02 00 00 00 00 00
  can0  112   [8]  03 03 77 77 04 04 04 04
  can0  113   [8]  59 42 0A 00 CC 5B 0A 00
  can0  114   [8]  00 00 00 00 00 00 80 00
  can0  115   [8]  00 00 00 00 00 00 00 00
  can0  116   [8]  00 08 00 08 00 00 00 00
  can0  101   [8]  5C E4 00 00 00 00 00 11
  can0  103   [8]  00 00 00 00 00 00 00 00
  can0  100   [8]  A6 5C 64 9C 64 9C 77 33
  can0  102   [8]  00 00 00 00 FF 00 00 00
  can0  110   [8]  00 00 00 00 00 00 00 00
  can0  111   [8]  46 0D 02 00 00 00 00 00
  can0  112   [8]  03 03 77 77 04 04 04 04
  can0  113   [8]  5E 42 0A 00 D1 5B 0A 00
  can0  114   [8]  00 00 00 00 00 00 80 00
  can0  115   [8]  00 00 00 00 00 00 00 00
  can0  116   [8]  00 08 00 08 00 00 00 00
  can0  101   [8]  01 E5 00 00 00 00 00 11
  can0  103   [8]  00 00 00 00 00 00 00 00
  can0  100   [8]  FB 5D 64 9C 64 9C 77 33
  can0  102   [8]  00 00 00 00 FF 00 00 00
  can0  110   [8]  00 00 00 00 00 00 00 00
  can0  111   [8]  47 0D 02 00 00 00 00 00
  can0  112   [8]  03 03 77 77 04 04 04 04
  can0  113   [8]  63 42 0A 00 D6 5B 0A 00
  can0  114   [8]  00 00 00 00 00 00 80 00
  can0  115   [8]  00 00 00 00 00 00 00 00
  can0  116   [8]  00 08 00 08 00 00 00 00
  can0  402   [8]  02 00 17 15 FF 2C 00 10
  can0  101   [8]  E6 E6 00 00 00 00 00 11
  can0  103   [8]  00 00 00 00 00 00 00 00
  can0  403   [8]  02 01 2C 1F 3C 34 00 00
  can0  405   [8]  03 01 00 00 00 00 00 00
  can0  404   [8]  03 00 00 00 00 00 00 00
  can0  100   [8]  1C 5E 64 9C 64 9C 77 33
  can0  102   [8]  00 00 00 00 FF 00 00 00
  can0  110   [8]  00 00 00 00 00 00 00 00
  can0  111   [8]  48 0D 02 00 00 00 00 00
  can0  112   [8]  03 03 77 77 04 04 04 04
  can0  113   [8]  68 42 0A 00 DB 5B 0A 00
  can0  114   [8]  00 00 00 00 00 00 80 00
  can0  115   [8]  00 00 00 00 00 00 00 00
  can0  116   [8]  00 08 00 08 00 00 00 00
  can0  101   [8]  BB E7 00 00 00 00 00 11
  can0  103   [8]  00 00 00 00 00 00 00 00
  can0  100   [8]  41 5F 64 9C 64 9C 77 33
  can0  102   [8]  00 00 00 00 FF 00 00 00
  can0  110   [8]  00 00 00 00 00 00 00 00
  can0  111   [8]  49 0D 02 00 00 00 00 00
  can0  112   [8]  03 03 77 77 04 04 04 04
  can0  113   [8]  6D 42 0A 00 E0 5B 0A 00
  can0  114   [8]  00 00 00 00 00 00 80 00
  can0  115   [8]  00 00 00 00 00 00 00 00
  can0  116   [8]  00 08 00 08 00 00 00 00
  can0  101   [8]  E7 E8 00 00 00 00 00 11
  can0  103   [8]  00 00 00 00 00 00 00 00
  can0  600   [8]  ED FF F1 FF FC 00 02 03
  can0  601   [6]  0C 00 FD FF 83 01
  can0  630   [1]  F0
  can0  100   [8]  CB 60 64 9C 64 9C 77 33
  can0  102   [8]  00 00 00 00 FF 00 00 00
  can0  110   [8]  00 00 00 00 00 00 00 00
  can0  111   [8]  4A 0D 02 00 00 00 00 00
  can0  112   [8]  03 03 77 77 04 04 04 04
  can0  113   [8]  72 42 0A 00 E5 5B 0A 00
  can0  114   [8]  00 00 00 00 00 00 80 00
  can0  115   [8]  00 00 00 00 00 00 00 00
  can0  116   [8]  00 08 00 08 00 00 00 00
  can0  101   [8]  BA E9 00 00 00 00 00 11
  can0  103   [8]  00 00 00 00 00 00 00 00
  can0  100   [8]  96 61 64 9C 64 9C 77 33
  can0  102   [8]  00 00 00 00 FF 00 00 00
  can0  110   [8]  00 00 00 00 00 00 00 00
  can0  111   [8]  4B 0D 02 00 00 00 00 00
  can0  112   [8]  03 03 77 77 04 04 04 04
  can0  113   [8]  77 42 0A 00 EA 5B 0A 00
  can0  114   [8]  00 00 00 00 00 00 80 00
  can0  115   [8]  00 00 00 00 00 00 00 00
  can0  116   [8]  00 08 00 08 00 00 00 00
  can0  101   [8]  5D EA 00 00 00 00 00 11
  can0  103   [8]  00 00 00 00 00 00 00 00
  can0  100   [8]  71 62 64 9C 64 9C 77 33
  can0  102   [8]  00 00 00 00 FF 00 00 00
  can0  110   [8]  00 00 00 00 00 00 00 00
  can0  111   [8]  4C 0D 02 00 00 00 00 00
  can0  112   [8]  03 03 77 77 04 04 04 04
  can0  113   [8]  7C 42 0A 00 EF 5B 0A 00
  can0  114   [8]  00 00 00 00 00 00 80 00
  can0  115   [8]  00 00 00 00 00 00 00 00
  can0  116   [8]  00 08 00 08 00 00 00 00
  can0  101   [8]  00 EB 00 00 00 00 00 11
  can0  103   [8]  00 00 00 00 00 00 00 00
  can0  620   [3]  02 00 01
  can0  621   [8]  00 00 00 00 00 00 00 00
  can0  622   [7]  00 00 00 00 00 00 00
  can0  623   [7]  00 00 00 00 00 00 00
  can0  624   [4]  00 00 00 00
  can0  625   [8]  E1 FA C7 42 E1 FA C7 42
  can0  626   [4]  E1 FA C7 42
  can0  100   [8]  2C 63 64 9C 64 9C 77 33
  can0  102   [8]  00 00 00 00 FF 00 00 00
  can0  110   [8]  00 00 00 00 00 00 00 00
  can0  111   [8]  4D 0D 02 00 00 00 00 00
  can0  112   [8]  03 03 77 77 04 04 04 04
  can0  113   [8]  81 42 0A 00 F4 5B 0A 00
  can0  114   [8]  00 00 00 00 00 00 80 00
  can0  115   [8]  00 00 00 00 00 00 00 00
  can0  116   [8]  00 08 00 08 00 00 00 00
  can0  627   [6]  00 00 00 00 00 00
  can0  101   [8]  8E EC 00 00 00 00 00 11
  can0  103   [8]  00 00 00 00 00 00 00 00
  can0  100   [8]  A2 64 64 9C 64 9C 77 33
  can0  102   [8]  00 00 00 00 FF 00 00 00
  can0  110   [8]  00 00 00 00 00 00 00 00
  can0  111   [8]  4E 0D 02 00 00 00 00 00
  can0  112   [8]  03 03 77 77 04 04 04 04
  can0  113   [8]  86 42 0A 00 F9 5B 0A 00
  can0  114   [8]  00 00 00 00 00 00 80 00
  can0  115   [8]  00 00 00 00 00 00 00 00
  can0  116   [8]  00 08 00 08 00 00 00 00
  can0  101   [8]  D3 ED 00 00 00 00 00 11
  can0  103   [8]  00 00 00 00 00 00 00 00
  can0  610   [8]  15 AE 6F BF 0A D7 93 BE
  can0  611   [4]  52 B8 AE 3E
  can0  630   [1]  F0
  can0  100   [8]  FF 65 64 9C 64 9C 77 33
  can0  102   [8]  00 00 00 00 FF 00 00 00
  can0  110   [8]  00 00 00 00 00 00 00 00
  can0  111   [8]  4F 0D 02 00 00 00 00 00
  can0  112   [8]  03 03 77 77 04 04 04 04
  can0  113   [8]  8B 42 0A 00 FE 5B 0A 00
  can0  114   [8]  00 00 00 00 00 00 80 00
  can0  115   [8]  00 00 00 00 00 00 00 00
  can0  116   [8]  00 08 00 08 00 00 00 00
  can0  101   [8]  34 EE 00 00 00 00 00 11
  can0  103   [8]  00 00 00 00 00 00 00 00
  can0  100   [8]  18 66 64 9C 64 9C 77 33
  can0  102   [8]  00 00 00 00 FF 00 00 00
  can0  110   [8]  00 00 00 00 00 00 00 00
  can0  111   [8]  50 0D 02 00 00 00 00 00
  can0  112   [8]  03 03 77 77 04 04 04 04
  can0  113   [8]  90 42 0A 00 03 5C 0A 00
  can0  114   [8]  00 00 00 00 00 00 80 00
  can0  115   [8]  00 00 00 00 00 00 00 00
  can0  116   [8]  00 08 00 08 00 00 00 00
  can0  101   [8]  69 EF 00 00 00 00 00 11
  can0  103   [8]  00 00 00 00 00 00 00 00
  can0  100   [8]  45 67 64 9C 64 9C 77 33
  can0  102   [8]  00 00 00 00 FF 00 00 00
  can0  110   [8]  00 00 00 00 00 00 00 00
  can0  111   [8]  51 0D 02 00 00 00 00 00
  can0  112   [8]  03 03 77 77 04 04 04 04
  can0  113   [8]  95 42 0A 00 08 5C 0A 00
  can0  114   [8]  00 00 00 00 00 00 80 00
  can0  115   [8]  00 00 00 00 00 00 00 00
  can0  116   [8]  00 08 00 08 00 00 00 00
  can0  101   [8]  8C F0 00 00 00 00 00 11
  can0  103   [8]  00 00 00 00 00 00 00 00
  can0  100   [8]  19 68 64 9C 64 9C 77 33
  can0  102   [8]  00 00 00 00 FF 00 00 00
  can0  110   [8]  00 00 00 00 00 00 00 00
  can0  111   [8]  52 0D 02 00 00 00 00 00
  can0  112   [8]  03 03 77 77 04 04 04 04
  can0  113   [8]  9A 42 0A 00 0D 5C 0A 00
  can0  114   [8]  00 00 00 00 00 00 80 00
  can0  115   [8]  00 00 00 00 00 00 00 00
  can0  116   [8]  00 08 00 08 00 00 00 00
  can0  101   [8]  D1 F1 00 00 00 00 00 11
  can0  103   [8]  00 00 00 00 00 00 00 00
  can0  100   [8]  44 69 64 9C 64 9C 77 33
  can0  102   [8]  00 00 00 00 FF 00 00 00
  can0  110   [8]  00 00 00 00 00 00 00 00
  can0  111   [8]  53 0D 02 00 00 00 00 00
  can0  112   [8]  03 03 77 77 04 04 04 04
  can0  113   [8]  9F 42 0A 00 12 5C 0A 00
  can0  114   [8]  00 00 00 00 00 00 80 00
  can0  115   [8]  00 00 00 00 00 00 00 00
  can0  116   [8]  00 08 00 08 00 00 00 00
  can0  101   [8]  36 F2 00 00 00 00 00 11
  can0  103   [8]  00 00 00 00 00 00 00 00
  can0  630   [1]  F0
  can0  100   [8]  A3 6A 64 9C 64 9C 77 33
  can0  102   [8]  00 00 00 00 FF 00 00 00
  can0  110   [8]  00 00 00 00 00 00 00 00
  can0  111   [8]  54 0D 02 00 00 00 00 00
  can0  112   [8]  03 03 77 77 04 04 04 04
  can0  113   [8]  A4 42 0A 00 17 5C 0A 00
  can0  114   [8]  00 00 00 00 00 00 80 00
  can0  115   [8]  00 00 00 00 00 00 00 00
  can0  116   [8]  00 08 00 08 00 00 00 00
  can0  101   [8]  6B F3 00 00 00 00 00 11
  can0  103   [8]  00 00 00 00 00 00 00 00
  can0  100   [8]  FE 6B 64 9C 64 9C 77 33
  can0  102   [8]  00 00 00 00 FF 00 00 00
  can0  110   [8]  00 00 00 00 00 00 00 00
  can0  111   [8]  55 0D 02 00 00 00 00 00
  can0  112   [8]  03 03 77 77 04 04 04 04
  can0  113   [8]  A9 42 0A 00 1C 5C 0A 00
  can0  114   [8]  00 00 00 00 00 00 80 00
  can0  115   [8]  00 00 00 00 00 00 00 00
  can0  116   [8]  00 08 00 08 00 00 00 00
  can0  101   [8]  E5 F4 00 00 00 00 00 11
  can0  103   [8]  00 00 00 00 00 00 00 00
  can0  100   [8]  70 6C 64 9C 64 9C 77 33
  can0  102   [8]  00 00 00 00 FF 00 00 00
  can0  110   [8]  00 00 00 00 00 00 00 00
  can0  111   [8]  56 0D 02 00 00 00 00 00
  can0  112   [8]  03 03 77 77 04 04 04 04
  can0  113   [8]  AE 42 0A 00 21 5C 0A 00
  can0  114   [8]  00 00 00 00 00 00 80 00
  can0  115   [8]  00 00 00 00 00 00 00 00
  can0  116   [8]  00 08 00 08 00 00 00 00
  can0  101   [8]  B8 F5 00 00 00 00 00 11
  can0  103   [8]  00 00 00 00 00 00 00 00
  can0  100   [8]  2D 6D 64 9C 64 9C 77 33
  can0  102   [8]  00 00 00 00 FF 00 00 00
  can0  110   [8]  00 00 00 00 00 00 00 00
  can0  111   [8]  57 0D 02 00 00 00 00 00
  can0  112   [8]  03 03 77 77 04 04 04 04
  can0  113   [8]  B3 42 0A 00 26 5C 0A 00
  can0  114   [8]  00 00 00 00 00 00 80 00
  can0  115   [8]  00 00 00 00 00 00 00 00
  can0  116   [8]  00 08 00 08 00 00 00 00
  can0  101   [8]  5F F6 00 00 00 00 00 11
  can0  103   [8]  00 00 00 00 00 00 00 00
  can0  100   [8]  CA 6E 64 9C 64 9C 77 33
  can0  102   [8]  00 00 00 00 FF 00 00 00
  can0  110   [8]  00 00 00 00 00 00 00 00
  can0  111   [8]  58 0D 02 00 00 00 00 00
  can0  112   [8]  03 03 77 77 04 04 04 04
  can0  101   [8]  02 F7 00 00 00 00 00 11
  can0  103   [8]  00 00 00 00 00 00 00 00
  can0  113   [8]  B8 42 0A 00 2B 5C 0A 00
  can0  114   [8]  00 00 00 00 00 00 80 00
  can0  115   [8]  00 00 00 00 00 00 00 00
  can0  116   [8]  00 08 00 08 00 00 00 00
  can0  600   [8]  EC FF F1 FF FA 00 02 03
  can0  601   [6]  15 00 FB FF 82 01
  can0  610   [8]  15 AE 6F BF 0A D7 93 BE
  can0  611   [4]  52 B8 AE 3E
  can0  630   [1]  F0
  can0  100   [8]  97 6F 64 9C 64 9C 77 33
  can0  102   [8]  00 00 00 00 FF 00 00 00
  can0  110   [8]  00 00 00 00 00 00 00 00
  can0  111   [8]  59 0D 02 00 00 00 00 00
  can0  112   [8]  03 03 77 77 04 04 04 04
  can0  101   [8]  5E F8 00 00 00 00 00 11
  can0  103   [8]  00 00 00 00 00 00 00 00
  can0  113   [8]  BD 42 0A 00 30 5C 0A 00
  can0  114   [8]  00 00 00 00 00 00 80 00
  can0  115   [8]  00 00 00 00 00 00 00 00
  can0  116   [8]  00 08 00 08 00 00 00 00
  can0  100   [8]  72 70 64 9C 64 9C 77 33
  can0  102   [8]  00 00 00 00 FF 00 00 00
  can0  110   [8]  00 00 00 00 00 00 00 00
  can0  111   [8]  5A 0D 02 00 00 00 00 00
  can0  112   [8]  03 03 77 77 04 04 04 04
  can0  101   [8]  03 F9 00 00 00 00 00 11
  can0  103   [8]  00 00 00 00 00 00 00 00
  can0  113   [8]  C2 42 0A 00 35 5C 0A 00
  can0  114   [8]  00 00 00 00 00 00 80 00
  can0  115   [8]  00 00 00 00 00 00 00 00
  can0  116   [8]  00 08 00 08 00 00 00 00
  can0  100   [8]  2F 71 64 9C 64 9C 77 33
  can0  102   [8]  00 00 00 00 FF 00 00 00
  can0  110   [8]  00 00 00 00 00 00 00 00
  can0  111   [8]  5B 0D 02 00 00 00 00 00
  can0  112   [8]  03 03 77 77 04 04 04 04
  can0  101   [8]  E4 FA 00 00 00 00 00 11
  can0  103   [8]  00 00 00 00 00 00 00 00
  can0  113   [8]  C7 42 0A 00 3A 5C 0A 00
  can0  114   [8]  00 00 00 00 00 00 80 00
  can0  115   [8]  00 00 00 00 00 00 00 00
  can0  116   [8]  00 08 00 08 00 00 00 00
  can0  100   [8]  C8 72 64 9C 64 9C 77 33
  can0  102   [8]  00 00 00 00 FF 00 00 00
  can0  110   [8]  00 00 00 00 00 00 00 00
  can0  111   [8]  5C 0D 02 00 00 00 00 00
  can0  112   [8]  03 03 77 77 04 04 04 04
  can0  101   [8]  B9 FB 00 00 00 00 00 11
  can0  103   [8]  00 00 00 00 00 00 00 00
  can0  113   [8]  CC 42 0A 00 3F 5C 0A 00
  can0  114   [8]  00 00 00 00 00 00 80 00
  can0  115   [8]  00 00 00 00 00 00 00 00
  can0  116   [8]  00 08 00 08 00 00 00 00
  can0  100   [8]  95 73 64 9C 64 9C 77 33
  can0  102   [8]  00 00 00 00 FF 00 00 00
  can0  110   [8]  00 00 00 00 00 00 00 00
  can0  111   [8]  5D 0D 02 00 00 00 00 00
  can0  112   [8]  03 03 77 77 04 04 04 04
  can0  101   [8]  37 FC 00 00 00 00 00 11
  can0  103   [8]  00 00 00 00 00 00 00 00
  can0  113   [8]  D1 42 0A 00 44 5C 0A 00
  can0  114   [8]  00 00 00 00 00 00 80 00
  can0  115   [8]  00 00 00 00 00 00 00 00
  can0  116   [8]  00 08 00 08 00 00 00 00
  can0  630   [1]  F0
  can0  100   [8]  1B 74 64 9C 64 9C 77 33
  can0  102   [8]  00 00 00 00 FF 00 00 00
  can0  110   [8]  00 00 00 00 00 00 00 00
  can0  111   [8]  5E 0D 02 00 00 00 00 00
  can0  112   [8]  03 03 77 77 04 04 04 04
  can0  101   [8]  6A FD 00 00 00 00 00 11
  can0  103   [8]  00 00 00 00 00 00 00 00
  can0  113   [8]  D6 42 0A 00 49 5C 0A 00
  can0  114   [8]  00 00 00 00 00 00 80 00
  can0  115   [8]  00 00 00 00 00 00 00 00
  can0  116   [8]  00 08 00 08 00 00 00 00
  can0  100   [8]  46 75 64 9C 64 9C 77 33
  can0  102   [8]  00 00 00 00 FF 00 00 00
  can0  110   [8]  00 00 00 00 00 00 00 00
  can0  111   [8]  5F 0D 02 00 00 00 00 00
  can0  112   [8]  03 03 77 77 04 04 04 04
  can0  101   [8]  8D FE 00 00 00 00 00 11
  can0  103   [8]  00 00 00 00 00 00 00 00
  can0  113   [8]  DB 42 0A 00 4E 5C 0A 00
  can0  114   [8]  00 00 00 00 00 00 80 00
  can0  115   [8]  00 00 00 00 00 00 00 00
  can0  116   [8]  00 08 00 08 00 00 00 00
  can0  100   [8]  A1 76 64 9C 64 9C 77 33
  can0  102   [8]  00 00 00 00 FF 00 00 00
  can0  110   [8]  00 00 00 00 00 00 00 00
  can0  111   [8]  5F 0D 02 00 00 00 00 00
  can0  112   [8]  03 03 77 77 04 04 04 04
  can0  101   [8]  D0 FF 00 00 00 00 00 11
  can0  103   [8]  00 00 00 00 00 00 00 00
  can0  113   [8]  DB 42 0A 00 53 5C 0A 00
  can0  114   [8]  00 00 00 00 00 00 80 00
  can0  115   [8]  00 00 00 00 00 00 00 00
  can0  116   [8]  00 08 00 08 00 00 00 00
  can0  620   [3]  02 00 01
  can0  621   [8]  00 00 00 00 00 00 00 00
  can0  622   [7]  00 00 00 00 00 00 00
  can0  623   [7]  00 00 00 00 00 00 00
  can0  624   [4]  00 00 00 00
  can0  625   [8]  E1 FA C7 42 E1 FA C7 42
  can0  626   [4]  E1 FA C7 42
  can0  627   [6]  00 00 00 00 00 00
  can0  100   [8]  FC 77 64 9C 64 9C 77 33
  can0  102   [8]  00 00 00 00 FF 00 00 00
  can0  110   [8]  00 00 00 00 00 00 00 00
  can0  111   [8]  60 0D 02 00 00 00 00 00
  can0  112   [8]  03 03 77 77 04 04 04 04
  can0  101   [8]  25 00 00 00 00 00 00 11
  can0  113   [8]  E0 42 0A 00 58 5C 0A 00
  can0  114   [8]  00 00 00 00 00 00 80 00
  can0  115   [8]  00 00 00 00 00 00 00 00
  can0  116   [8]  00 08 00 08 00 00 00 00
  can0  103   [8]  00 00 00 00 00 00 00 00
  can0  100   [8]  A0 78 64 9C 64 9C 77 33
  can0  102   [8]  00 00 00 00 FF 00 00 00
  can0  110   [8]  01 00 00 00 00 00 00 00
  can0  111   [8]  61 0D 02 00 00 00 00 00
  can0  112   [8]  03 03 77 77 04 04 04 04
  can0  101   [8]  78 01 00 00 00 00 00 11
  can0  103   [8]  00 00 00 00 00 00 00 00
  can0  113   [8]  E5 42 0A 00 5D 5C 0A 00
  can0  114   [8]  00 00 00 00 00 00 80 00
  can0  115   [8]  00 00 00 00 00 00 00 00
  can0  116   [8]  00 08 00 08 00 00 00 00
  can0  610   [8]  E1 7A 64 BF D7 A3 C0 BE
  can0  611   [4]  00 00 60 3E
  can0  630   [1]  F0
  can0  100   [8]  FD 79 64 9C 64 9C 77 33
  can0  102   [8]  00 00 00 00 FF 00 00 00
  can0  110   [8]  01 00 00 00 00 00 00 00
  can0  111   [8]  62 0D 02 00 00 00 00 00
  can0  112   [8]  03 03 77 77 04 04 04 04
  can0  101   [8]  9F 02 00 00 00 00 00 11
  can0  103   [8]  00 00 00 00 00 00 00 00
  can0  113   [8]  EA 42 0A 00 62 5C 0A 00
  can0  114   [8]  00 00 00 00 00 00 80 00
  can0  115   [8]  00 00 00 00 00 00 00 00
  can0  116   [8]  00 08 00 08 00 00 00 00
  can0  100   [8]  1A 7A 64 9C 64 9C 77 33
  can0  102   [8]  00 00 00 00 FF 00 00 00
  can0  110   [8]  01 00 00 00 00 00 00 00
  can0  111   [8]  63 0D 02 00 00 00 00 00
  can0  112   [8]  03 03 77 77 04 04 04 04
  can0  101   [8]  C2 03 00 00 00 00 00 11
  can0  103   [8]  00 00 00 00 00 00 00 00
  can0  113   [8]  EF 42 0A 00 67 5C 0A 00
  can0  114   [8]  00 00 00 00 00 00 80 00
  can0  115   [8]  00 00 00 00 00 00 00 00
  can0  116   [8]  00 08 00 08 00 00 00 00
  can0  100   [8]  47 7B 64 9C 64 9C 77 33
  can0  102   [8]  00 00 00 00 FF 00 00 00
  can0  110   [8]  01 00 00 00 00 00 00 00
  can0  111   [8]  64 0D 02 00 00 00 00 00
  can0  112   [8]  03 03 77 77 04 04 04 04
  can0  101   [8]  4C 04 00 00 00 00 00 11
  can0  103   [8]  00 00 00 00 00 00 00 00
  can0  113   [8]  F4 42 0A 00 6C 5C 0A 00
  can0  114   [8]  00 00 00 00 00 00 80 00
  can0  115   [8]  00 00 00 00 00 00 00 00
  can0  116   [8]  00 08 00 08 00 00 00 00
  can0  100   [8]  C9 7C 64 9C 64 9C 77 33
  can0  102   [8]  00 00 00 00 FF 00 00 00
  can0  110   [8]  01 00 00 00 00 00 00 00
  can0  111   [8]  65 0D 02 00 00 00 00 00
  can0  112   [8]  03 03 77 77 04 04 04 04
  can0  101   [8]  11 05 00 00 00 00 00 11
  can0  103   [8]  00 00 00 00 00 00 00 00
  can0  113   [8]  F9 42 0A 00 71 5C 0A 00
  can0  114   [8]  00 00 00 00 00 00 80 00
  can0  115   [8]  00 00 00 00 00 00 00 00
  can0  116   [8]  00 08 00 08 00 00 00 00
  can0  100   [8]  94 7D 64 9C 64 9C 77 33
  can0  102   [8]  00 00 00 00 FF 00 00 00
  can0  110   [8]  01 00 00 00 00 00 00 00
  can0  111   [8]  66 0D 02 00 00 00 00 00
  can0  112   [8]  03 03 77 77 04 04 04 04
  can0  101   [8]  F6 06 00 00 00 00 00 11
  can0  103   [8]  00 00 00 00 00 00 00 00
  can0  113   [8]  FE 42 0A 00 76 5C 0A 00
  can0  114   [8]  00 00 00 00 00 00 80 00
  can0  115   [8]  00 00 00 00 00 00 00 00
  can0  116   [8]  00 08 00 08 00 00 00 00
  can0  600   [8]  ED FF F1 FF FB 00 02 03
  can0  601   [6]  15 00 FB FF 82 01
  can0  630   [1]  F0
  can0  100   [8]  73 7E 64 9C 64 9C 77 33
  can0  102   [8]  00 00 00 00 FF 00 00 00
  can0  110   [8]  01 00 00 00 00 00 00 00
  can0  111   [8]  67 0D 02 00 00 00 00 00
  can0  112   [8]  03 03 77 77 04 04 04 04
  can0  101   [8]  AB 07 00 00 00 00 00 11
  can0  103   [8]  00 00 00 00 00 00 00 00
  can0  113   [8]  03 43 0A 00 7B 5C 0A 00
  can0  114   [8]  00 00 00 00 00 00 80 00
  can0  115   [8]  00 00 00 00 00 00 00 00
  can0  116   [8]  00 08 00 08 00 00 00 00
  can0  100   [8]  2E 7F 64 9C 64 9C 77 33
  can0  102   [8]  00 00 00 00 FF 00 00 00
  can0  110   [8]  01 00 00 00 00 00 00 00
  can0  111   [8]  68 0D 02 00 00 00 00 00
  can0  112   [8]  03 03 77 77 04 04 04 04
  can0  101   [8]  F7 08 00 00 00 00 00 11
  can0  103   [8]  00 00 00 00 00 00 00 00
  can0  113   [8]  08 43 0A 00 80 5C 0A 00
  can0  114   [8]  00 00 00 00 00 00 80 00
  can0  115   [8]  00 00 00 00 00 00 00 00
  can0  116   [8]  00 08 00 08 00 00 00 00
  can0  100   [8]  DB 80 64 9C 64 9C 77 33
  can0  102   [8]  00 00 00 00 FF 00 00 00
  can0  110   [8]  01 00 00 00 00 00 00 00
  can0  111   [8]  69 0D 02 00 00 00 00 00
  can0  112   [8]  03 03 77 77 04 04 04 04
  can0  101   [8]  AA 09 00 00 00 00 00 11
  can0  103   [8]  00 00 00 00 00 00 00 00
  can0  113   [8]  0D 43 0A 00 85 5C 0A 00
  can0  114   [8]  00 00 00 00 00 00 80 00
  can0  115   [8]  00 00 00 00 00 00 00 00
  can0  116   [8]  00 08 00 08 00 00 00 00
  can0  100   [8]  86 81 64 9C 64 9C 77 33
  can0  102   [8]  00 00 00 00 FF 00 00 00
  can0  110   [8]  01 00 00 00 00 00 00 00
  can0  111   [8]  6A 0D 02 00 00 00 00 00
  can0  112   [8]  03 03 77 77 04 04 04 04
  can0  101   [8]  4D 0A 00 00 00 00 00 11
  can0  103   [8]  00 00 00 00 00 00 00 00
  can0  113   [8]  12 43 0A 00 8A 5C 0A 00
  can0  114   [8]  00 00 00 00 00 00 80 00
  can0  115   [8]  00 00 00 00 00 00 00 00
  can0  116   [8]  00 08 00 08 00 00 00 00
  can0  100   [8]  61 82 64 9C 64 9C 77 33
  can0  102   [8]  00 00 00 00 FF 00 00 00
  can0  110   [8]  01 00 00 00 00 00 00 00
  can0  111   [8]  6B 0D 02 00 00 00 00 00
  can0  112   [8]  03 03 77 77 04 04 04 04
  can0  101   [8]  10 0B 00 00 00 00 00 11
  can0  113   [8]  17 43 0A 00 8F 5C 0A 00
  can0  114   [8]  00 00 00 00 00 00 80 00
  can0  115   [8]  00 00 00 00 00 00 00 00
  can0  116   [8]  00 08 00 08 00 00 00 00
  can0  103   [8]  00 00 00 00 00 00 00 00
  can0  610   [8]  E1 7A 64 BF D7 A3 C0 BE
  can0  611   [4]  00 00 60 3E
  can0  630   [1]  F0
  can0  100   [8]  3C 83 64 9C 64 9C 77 33
  can0  102   [8]  00 00 00 00 FF 00 00 00
  can0  110   [8]  01 00 00 00 00 00 00 00
  can0  111   [8]  6C 0D 02 00 00 00 00 00
  can0  112   [8]  03 03 77 77 04 04 04 04
  can0  101   [8]  9E 0C 00 00 00 00 00 11
  can0  103   [8]  00 00 00 00 00 00 00 00
  can0  113   [8]  1C 43 0A 00 94 5C 0A 00
  can0  114   [8]  00 00 00 00 00 00 80 00
  can0  115   [8]  00 00 00 00 00 00 00 00
  can0  116   [8]  00 08 00 08 00 00 00 00
  can0  100   [8]  B2 84 64 9C 64 9C 77 33
  can0  102   [8]  00 00 00 00 FF 00 00 00
  can0  110   [8]  01 00 00 00 00 00 00 00
  can0  111   [8]  6D 0D 02 00 00 00 00 00
  can0  112   [8]  03 03 77 77 04 04 04 04
  can0  101   [8]  C3 0D 00 00 00 00 00 11
  can0  103   [8]  00 00 00 00 00 00 00 00
  can0  113   [8]  21 43 0A 00 99 5C 0A 00
  can0  114   [8]  00 00 00 00 00 00 80 00
  can0  115   [8]  00 00 00 00 00 00 00 00
  can0  116   [8]  00 08 00 08 00 00 00 00
  can0  100   [8]  EF 85 64 9C 64 9C 77 33
  can0  102   [8]  00 00 00 00 FF 00 00 00
  can0  110   [8]  01 00 00 00 00 00 00 00
  can0  111   [8]  6E 0D 02 00 00 00 00 00
  can0  112   [8]  03 03 77 77 04 04 04 04
  can0  101   [8]  24 0E 00 00 00 00 00 11
  can0  103   [8]  00 00 00 00 00 00 00 00
  can0  113   [8]  26 43 0A 00 9E 5C 0A 00
  can0  114   [8]  00 00 00 00 00 00 80 00
  can0  115   [8]  00 00 00 00 00 00 00 00
  can0  116   [8]  00 08 00 08 00 00 00 00
  can0  402   [8]  02 00 17 15 FF 2C 00 10
  can0  405   [8]  03 01 00 00 00 00 00 00
  can0  403   [8]  02 01 2C 12 3C 34 00 00
  can0  404   [8]  03 00 00 00 00 00 00 00
  can0  100   [8]  08 86 64 9C 64 9C 77 33
  can0  102   [8]  00 00 00 00 FF 00 00 00
  can0  110   [8]  01 00 00 00 00 00 00 00
  can0  111   [8]  6F 0D 02 00 00 00 00 00
  can0  112   [8]  03 03 77 77 04 04 04 04
  can0  101   [8]  79 0F 00 00 00 00 00 11
  can0  103   [8]  00 00 00 00 00 00 00 00
  can0  113   [8]  2B 43 0A 00 A3 5C 0A 00
  can0  114   [8]  00 00 00 00 00 00 80 00
  can0  115   [8]  00 00 00 00 00 00 00 00
  can0  116   [8]  00 08 00 08 00 00 00 00
  can0  100   [8]  55 87 64 9C 64 9C 77 33
  can0  102   [8]  00 00 00 00 FF 00 00 00
  can0  110   [8]  01 00 00 00 00 00 00 00
  can0  111   [8]  70 0D 02 00 00 00 00 00
  can0  112   [8]  03 03 77 77 04 04 04 04
  can0  101   [8]  9C 10 00 00 00 00 00 11
  can0  103   [8]  00 00 00 00 00 00 00 00
  can0  113   [8]  30 43 0A 00 A8 5C 0A 00
  can0  114   [8]  00 00 00 00 00 00 80 00
  can0  115   [8]  00 00 00 00 00 00 00 00
  can0  116   [8]  00 08 00 08 00 00 00 00
  can0  630   [1]  F0
  can0  100   [8]  09 88 64 9C 64 9C 77 33
  can0  102   [8]  00 00 00 00 FF 00 00 00
  can0  110   [8]  01 00 00 00 00 00 00 00
  can0  111   [8]  71 0D 02 00 00 00 00 00
  can0  112   [8]  03 03 77 77 04 04 04 04
  can0  101   [8]  C1 11 00 00 00 00 00 11
  can0  103   [8]  00 00 00 00 00 00 00 00
  can0  113   [8]  35 43 0A 00 AD 5C 0A 00
  can0  114   [8]  00 00 00 00 00 00 80 00
  can0  115   [8]  00 00 00 00 00 00 00 00
  can0  116   [8]  00 08 00 08 00 00 00 00
  can0  100   [8]  54 89 64 9C 64 9C 77 33
  can0  102   [8]  00 00 00 00 FF 00 00 00
  can0  110   [8]  01 00 00 00 00 00 00 00
  can0  111   [8]  72 0D 02 00 00 00 00 00
  can0  112   [8]  03 03 77 77 04 04 04 04
  can0  101   [8]  26 12 00 00 00 00 00 11
  can0  103   [8]  00 00 00 00 00 00 00 00
  can0  113   [8]  3A 43 0A 00 B2 5C 0A 00
  can0  114   [8]  00 00 00 00 00 00 80 00
  can0  115   [8]  00 00 00 00 00 00 00 00
  can0  116   [8]  00 08 00 08 00 00 00 00
  can0  100   [8]  B3 8A 64 9C 64 9C 77 33
  can0  102   [8]  00 00 00 00 FF 00 00 00
  can0  110   [8]  01 00 00 00 00 00 00 00
  can0  111   [8]  73 0D 02 00 00 00 00 00
  can0  112   [8]  03 03 77 77 04 04 04 04
  can0  101   [8]  7B 13 00 00 00 00 00 11
  can0  103   [8]  00 00 00 00 00 00 00 00
  can0  113   [8]  3F 43 0A 00 B7 5C 0A 00
  can0  114   [8]  00 00 00 00 00 00 80 00
  can0  115   [8]  00 00 00 00 00 00 00 00
  can0  116   [8]  00 08 00 08 00 00 00 00
  can0  620   [3]  02 00 01
  can0  621   [8]  00 00 00 00 00 00 00 00
  can0  622   [7]  00 00 00 00 00 00 00
  can0  623   [7]  00 00 00 00 00 00 00
  can0  624   [4]  00 00 00 00
  can0  625   [8]  E1 FA C7 42 E1 FA C7 42
  can0  626   [4]  E1 FA C7 42
  can0  627   [6]  00 00 00 00 00 00
  can0  100   [8]  EE 8B 64 9C 64 9C 77 33
  can0  102   [8]  00 00 00 00 FF 00 00 00
  can0  110   [8]  01 00 00 00 00 00 00 00
  can0  111   [8]  74 0D 02 00 00 00 00 00
  can0  112   [8]  03 03 77 77 04 04 04 04
  can0  101   [8]  F5 14 00 00 00 00 00 11
  can0  103   [8]  00 00 00 00 00 00 00 00
  can0  113   [8]  44 43 0A 00 BC 5C 0A 00
  can0  114   [8]  00 00 00 00 00 00 80 00
  can0  115   [8]  00 00 00 00 00 00 00 00
  can0  116   [8]  00 08 00 08 00 00 00 00
  can0  100   [8]  60 8C 64 9C 64 9C 77 33
  can0  102   [8]  00 00 00 00 FF 00 00 00
  can0  110   [8]  01 00 00 00 00 00 00 00
  can0  111   [8]  75 0D 02 00 00 00 00 00
  can0  112   [8]  03 03 77 77 04 04 04 04
  can0  101   [8]  A8 15 00 00 00 00 00 11
  can0  103   [8]  00 00 00 00 00 00 00 00
  can0  113   [8]  49 43 0A 00 C1 5C 0A 00
  can0  114   [8]  00 00 00 00 00 00 80 00
  can0  115   [8]  00 00 00 00 00 00 00 00
  can0  116   [8]  00 08 00 08 00 00 00 00
  can0  600   [8]  EC FF F0 FF FB 00 02 03
  can0  601   [6]  10 00 F9 FF 84 01
  can0  610   [8]  52 B8 66 BF 3E 0A D7 BD
  can0  611   [4]  9A 99 11 3F
  can0  630   [1]  F0
  can0  100   [8]  3D 8D 64 9C 64 9C 77 33
  can0  102   [8]  00 00 00 00 FF 00 00 00
  can0  110   [8]  01 00 00 00 00 00 00 00
  can0  111   [8]  76 0D 02 00 00 00 00 00
  can0  112   [8]  03 03 77 77 04 04 04 04
  can0  101   [8]  4F 16 00 00 00 00 00 11
  can0  103   [8]  00 00 00 00 00 00 00 00
  can0  113   [8]  4E 43 0A 00 C6 5C 0A 00
  can0  114   [8]  00 00 00 00 00 00 80 00
  can0  115   [8]  00 00 00 00 00 00 00 00
  can0  116   [8]  00 08 00 08 00 00 00 00
  can0  100   [8]  DA 8E 64 9C 64 9C 77 33
  can0  102   [8]  00 00 00 00 FF 00 00 00
  can0  110   [8]  01 00 00 00 00 00 00 00
  can0  111   [8]  77 0D 02 00 00 00 00 00
  can0  112   [8]  03 03 77 77 04 04 04 04
  can0  101   [8]  12 17 00 00 00 00 00 11
  can0  103   [8]  00 00 00 00 00 00 00 00
  can0  113   [8]  53 43 0A 00 CB 5C 0A 00
  can0  114   [8]  00 00 00 00 00 00 80 00
  can0  115   [8]  00 00 00 00 00 00 00 00
  can0  116   [8]  00 08 00 08 00 00 00 00
  can0  100   [8]  87 8F 64 9C 64 9C 77 33
  can0  102   [8]  00 00 00 00 FF 00 00 00
  can0  110   [8]  01 00 00 00 00 00 00 00
  can0  111   [8]  78 0D 02 00 00 00 00 00
  can0  112   [8]  03 03 77 77 04 04 04 04
  can0  101   [8]  4E 18 00 00 00 00 00 11
  can0  103   [8]  00 00 00 00 00 00 00 00
  can0  113   [8]  58 43 0A 00 D0 5C 0A 00
  can0  114   [8]  00 00 00 00 00 00 80 00
  can0  115   [8]  00 00 00 00 00 00 00 00
  can0  116   [8]  00 08 00 08 00 00 00 00
  can0  100   [8]  62 90 64 9C 64 9C 77 33
  can0  102   [8]  00 00 00 00 FF 00 00 00
  can0  110   [8]  01 00 00 00 00 00 00 00
  can0  111   [8]  79 0D 02 00 00 00 00 00
  can0  112   [8]  03 03 77 77 04 04 04 04
  can0  101   [8]  13 19 00 00 00 00 00 11
  can0  103   [8]  00 00 00 00 00 00 00 00
  can0  113   [8]  5D 43 0A 00 D5 5C 0A 00
  can0  114   [8]  00 00 00 00 00 00 80 00
  can0  115   [8]  00 00 00 00 00 00 00 00
  can0  116   [8]  00 08 00 08 00 00 00 00
  can0  100   [8]  3F 91 64 9C 64 9C 77 33
  can0  102   [8]  00 00 00 00 FF 00 00 00
  can0  110   [8]  01 00 00 00 00 00 00 00
  can0  111   [8]  7A 0D 02 00 00 00 00 00
  can0  112   [8]  03 03 77 77 04 04 04 04
  can0  101   [8]  F4 1A 00 00 00 00 00 11
  can0  103   [8]  00 00 00 00 00 00 00 00
  can0  113   [8]  62 43 0A 00 DA 5C 0A 00
  can0  114   [8]  00 00 00 00 00 00 80 00
  can0  115   [8]  00 00 00 00 00 00 00 00
  can0  116   [8]  00 08 00 08 00 00 00 00
  can0  630   [1]  F0
  can0  100   [8]  D8 92 64 9C 64 9C 77 33
  can0  102   [8]  00 00 00 00 FF 00 00 00
  can0  110   [8]  01 00 00 00 00 00 00 00
  can0  111   [8]  7B 0D 02 00 00 00 00 00
  can0  112   [8]  03 03 77 77 04 04 04 04
  can0  101   [8]  A9 1B 00 00 00 00 00 11
  can0  103   [8]  00 00 00 00 00 00 00 00
  can0  113   [8]  67 43 0A 00 DF 5C 0A 00
  can0  114   [8]  00 00 00 00 00 00 80 00
  can0  115   [8]  00 00 00 00 00 00 00 00
  can0  116   [8]  00 08 00 08 00 00 00 00
  can0  100   [8]  85 93 64 9C 64 9C 77 33
  can0  102   [8]  00 00 00 00 FF 00 00 00
  can0  110   [8]  01 00 00 00 00 00 00 00
  can0  111   [8]  7C 0D 02 00 00 00 00 00
  can0  112   [8]  03 03 77 77 04 04 04 04
  can0  101   [8]  27 1C 00 00 00 00 00 11
  can0  103   [8]  00 00 00 00 00 00 00 00
  can0  113   [8]  6C 43 0A 00 E4 5C 0A 00
  can0  114   [8]  00 00 00 00 00 00 80 00
  can0  115   [8]  00 00 00 00 00 00 00 00
  can0  116   [8]  00 08 00 08 00 00 00 00
  can0  100   [8]  0B 94 64 9C 64 9C 77 33
  can0  102   [8]  00 00 00 00 FF 00 00 00
  can0  110   [8]  01 00 00 00 00 00 00 00
  can0  111   [8]  7D 0D 02 00 00 00 00 00
  can0  112   [8]  03 03 77 77 04 04 04 04
  can0  101   [8]  7A 1D 00 00 00 00 00 11
  can0  103   [8]  00 00 00 00 00 00 00 00
  can0  113   [8]  71 43 0A 00 E9 5C 0A 00
  can0  114   [8]  00 00 00 00 00 00 80 00
  can0  115   [8]  00 00 00 00 00 00 00 00
  can0  116   [8]  00 08 00 08 00 00 00 00
  can0  100   [8]  56 95 64 9C 64 9C 77 33
  can0  102   [8]  00 00 00 00 FF 00 00 00
  can0  110   [8]  01 00 00 00 00 00 00 00
  can0  111   [8]  7E 0D 02 00 00 00 00 00
  can0  112   [8]  03 03 77 77 04 04 04 04
  can0  101   [8]  9D 1E 00 00 00 00 00 11
  can0  103   [8]  00 00 00 00 00 00 00 00
  can0  113   [8]  76 43 0A 00 EE 5C 0A 00
  can0  114   [8]  00 00 00 00 00 00 80 00
  can0  115   [8]  00 00 00 00 00 00 00 00
  can0  116   [8]  00 08 00 08 00 00 00 00
  can0  100   [8]  B1 96 64 9C 64 9C 77 33
  can0  102   [8]  00 00 00 00 FF 00 00 00
  can0  110   [8]  01 00 00 00 00 00 00 00
  can0  111   [8]  7F 0D 02 00 00 00 00 00
  can0  112   [8]  03 03 77 77 04 04 04 04
  can0  101   [8]  C0 1F 00 00 00 00 00 11
  can0  103   [8]  00 00 00 00 00 00 00 00
  can0  113   [8]  7B 43 0A 00 F3 5C 0A 00
  can0  114   [8]  00 00 00 00 00 00 80 00
  can0  115   [8]  00 00 00 00 00 00 00 00
  can0  116   [8]  00 08 00 08 00 00 00 00
  can0  610   [8]  52 B8 66 BF 3E 0A D7 BD
  can0  611   [4]  9A 99 11 3F
  can0  630   [1]  F0
  can0  100   [8]  EC 97 64 9C 64 9C 77 33
  can0  102   [8]  00 00 00 00 FF 00 00 00
  can0  110   [8]  01 00 00 00 00 00 00 00
  can0  111   [8]  80 0D 02 00 00 00 00 00
  can0  112   [8]  03 03 77 77 04 04 04 04
  can0  101   [8]  4A 20 00 00 00 00 00 11
  can0  103   [8]  00 00 00 00 00 00 00 00
  can0  113   [8]  80 43 0A 00 F8 5C 0A 00
  can0  114   [8]  00 00 00 00 00 00 80 00
  can0  115   [8]  00 00 00 00 00 00 00 00
  can0  116   [8]  00 08 00 08 00 00 00 00
  can0  100   [8]  B0 98 64 9C 64 9C 77 33
  can0  102   [8]  00 00 00 00 FF 00 00 00
  can0  110   [8]  01 00 00 00 00 00 00 00
  can0  111   [8]  81 0D 02 00 00 00 00 00
  can0  112   [8]  03 03 77 77 04 04 04 04
  can0  101   [8]  17 21 00 00 00 00 00 11
  can0  103   [8]  00 00 00 00 00 00 00 00
  can0  113   [8]  85 43 0A 00 FD 5C 0A 00
  can0  114   [8]  00 00 00 00 00 00 80 00
  can0  115   [8]  00 00 00 00 00 00 00 00
  can0  116   [8]  00 08 00 08 00 00 00 00
  can0  101   [8]  F0 22 00 00 00 00 00 11
  can0  100   [8]  ED 99 64 9C 64 9C 77 33
  can0  102   [8]  00 00 00 00 FF 00 00 00
  can0  110   [8]  01 00 00 00 00 00 00 00
  can0  111   [8]  82 0D 02 00 00 00 00 00
  can0  112   [8]  03 03 77 77 04 04 04 04
  can0  103   [8]  00 00 00 00 00 00 00 00
  can0  113   [8]  8A 43 0A 00 02 5D 0A 00
  can0  114   [8]  00 00 00 00 00 00 80 00
  can0  115   [8]  00 00 00 00 00 00 00 00
  can0  116   [8]  00 08 00 08 00 00 00 00
  can0  101   [8]  AD 23 00 00 00 00 00 11
  can0  100   [8]  0A 9A 64 9C 64 9C 77 33
  can0  102   [8]  00 00 00 00 FF 00 00 00
  can0  110   [8]  01 00 00 00 00 00 00 00
  can0  111   [8]  83 0D 02 00 00 00 00 00
  can0  112   [8]  03 03 77 77 04 04 04 04
  can0  103   [8]  00 00 00 00 00 00 00 00
  can0  113   [8]  8F 43 0A 00 07 5D 0A 00
  can0  114   [8]  00 00 00 00 00 00 80 00
  can0  115   [8]  00 00 00 00 00 00 00 00
  can0  116   [8]  00 08 00 08 00 00 00 00
  can0  100   [8]  57 9B 64 9C 64 9C 77 33
  can0  102   [8]  00 00 00 00 FF 00 00 00
  can0  110   [8]  01 00 00 00 00 00 00 00
  can0  111   [8]  84 0D 02 00 00 00 00 00
  can0  112   [8]  03 03 77 77 04 04 04 04
  can0  101   [8]  23 24 00 00 00 00 00 11
  can0  103   [8]  00 00 00 00 00 00 00 00
  can0  113   [8]  94 43 0A 00 0C 5D 0A 00
  can0  114   [8]  00 00 00 00 00 00 80 00
  can0  115   [8]  00 00 00 00 00 00 00 00
  can0  116   [8]  00 08 00 08 00 00 00 00
  can0  600   [8]  ED FF F0 FF FA 00 02 03
  can0  601   [6]  0C 00 FC FF 7F 01
  can0  630   [1]  F0
  can0  100   [8]  D9 9C 64 9C 64 9C 77 33
  can0  102   [8]  00 00 00 00 FF 00 00 00
  can0  110   [8]  01 00 00 00 00 00 00 00
  can0  111   [8]  85 0D 02 00 00 00 00 00
  can0  112   [8]  03 03 77 77 04 04 04 04
  can0  101   [8]  7E 25 00 00 00 00 00 11
  can0  103   [8]  00 00 00 00 00 00 00 00
  can0  113   [8]  99 43 0A 00 11 5D 0A 00
  can0  114   [8]  00 00 00 00 00 00 80 00
  can0  115   [8]  00 00 00 00 00 00 00 00
  can0  116   [8]  00 08 00 08 00 00 00 00
  can0  100   [8]  84 9D 64 9C 64 9C 77 33
  can0  102   [8]  00 00 00 00 FF 00 00 00
  can0  110   [8]  01 00 00 00 00 00 00 00
  can0  111   [8]  86 0D 02 00 00 00 00 00
  can0  112   [8]  03 03 77 77 04 04 04 04
  can0  101   [8]  99 26 00 00 00 00 00 11
  can0  103   [8]  00 00 00 00 00 00 00 00
  can0  113   [8]  9E 43 0A 00 16 5D 0A 00
  can0  114   [8]  00 00 00 00 00 00 80 00
  can0  115   [8]  00 00 00 00 00 00 00 00
  can0  116   [8]  00 08 00 08 00 00 00 00
  can0  101   [8]  C4 27 00 00 00 00 00 11
  can0  100   [8]  63 9E 64 9C 64 9C 77 33
  can0  102   [8]  00 00 00 00 FF 00 00 00
  can0  110   [8]  01 00 00 00 00 00 00 00
  can0  111   [8]  87 0D 02 00 00 00 00 00
  can0  112   [8]  03 03 77 77 04 04 04 04
  can0  103   [8]  00 00 00 00 00 00 00 00
  can0  113   [8]  A3 43 0A 00 1B 5D 0A 00
  can0  114   [8]  00 00 00 00 00 00 80 00
  can0  115   [8]  00 00 00 00 00 00 00 00
  can0  116   [8]  00 08 00 08 00 00 00 00
  can0  620   [3]  02 00 01
  can0  621   [8]  00 00 00 00 00 00 00 00
  can0  622   [7]  00 00 00 00 00 00 00
  can0  623   [7]  00 00 00 00 00 00 00
  can0  624   [4]  00 00 00 00
  can0  625   [8]  E1 FA C7 42 E1 FA C7 42
  can0  626   [4]  E1 FA C7 42
  can0  627   [6]  00 00 00 00 00 00
  can0  100   [8]  3E 9F 64 9C 64 9C 77 33
  can0  102   [8]  00 00 00 00 FF 00 00 00
  can0  110   [8]  01 00 00 00 00 00 00 00
  can0  111   [8]  88 0D 02 00 00 00 00 00
  can0  112   [8]  03 03 77 77 04 04 04 04
  can0  101   [8]  98 28 00 00 00 00 00 11
  can0  103   [8]  00 00 00 00 00 00 00 00
  can0  113   [8]  A8 43 0A 00 20 5D 0A 00
  can0  114   [8]  00 00 00 00 00 00 80 00
  can0  115   [8]  00 00 00 00 00 00 00 00
  can0  116   [8]  00 08 00 08 00 00 00 00
  can0  101   [8]  C5 29 00 00 00 00 00 11
  can0  100   [8]  B4 A0 64 9C 64 9C 77 33
  can0  102   [8]  00 00 00 00 FF 00 00 00
  can0  110   [8]  01 00 00 00 00 00 00 00
  can0  111   [8]  89 0D 02 00 00 00 00 00
  can0  112   [8]  03 03 77 77 04 04 04 04
  can0  103   [8]  00 00 00 00 00 00 00 00
  can0  113   [8]  AD 43 0A 00 25 5D 0A 00
  can0  114   [8]  00 00 00 00 00 00 80 00
  can0  115   [8]  00 00 00 00 00 00 00 00
  can0  116   [8]  00 08 00 08 00 00 00 00
  can0  610   [8]  D7 A3 08 BF 66 66 06 BE
  can0  611   [4]  3E 0A D7 3E
  can0  630   [1]  F0
  can0  100   [8]  E9 A1 64 9C 64 9C 77 33
  can0  102   [8]  00 00 00 00 FF 00 00 00
  can0  110   [8]  01 00 00 00 00 00 00 00
  can0  111   [8]  8A 0D 02 00 00 00 00 00
  can0  112   [8]  03 03 77 77 04 04 04 04
  can0  101   [8]  22 2A 00 00 00 00 00 11
  can0  103   [8]  00 00 00 00 00 00 00 00
  can0  113   [8]  B2 43 0A 00 2A 5D 0A 00
  can0  114   [8]  00 00 00 00 00 00 80 00
  can0  115   [8]  00 00 00 00 00 00 00 00
  can0  116   [8]  00 08 00 08 00 00 00 00
  can0  100   [8]  0E A2 64 9C 64 9C 77 33
  can0  102   [8]  00 00 00 00 FF 00 00 00
  can0  110   [8]  01 00 00 00 00 00 00 00
  can0  111   [8]  8B 0D 02 00 00 00 00 00
  can0  112   [8]  03 03 77 77 04 04 04 04
  can0  101   [8]  7F 2B 00 00 00 00 00 11
  can0  103   [8]  00 00 00 00 00 00 00 00
  can0  113   [8]  B7 43 0A 00 2F 5D 0A 00
  can0  114   [8]  00 00 00 00 00 00 80 00
  can0  115   [8]  00 00 00 00 00 00 00 00
  can0  116   [8]  00 08 00 08 00 00 00 00
  can0  100   [8]  53 A3 64 9C 64 9C 77 33
  can0  102   [8]  00 00 00 00 FF 00 00 00
  can0  110   [8]  01 00 00 00 00 00 00 00
  can0  111   [8]  8C 0D 02 00 00 00 00 00
  can0  112   [8]  03 03 77 77 04 04 04 04
  can0  101   [8]  F1 2C 00 00 00 00 00 11
  can0  103   [8]  00 00 00 00 00 00 00 00
  can0  113   [8]  BC 43 0A 00 34 5D 0A 00
  can0  114   [8]  00 00 00 00 00 00 80 00
  can0  115   [8]  00 00 00 00 00 00 00 00
  can0  116   [8]  00 08 00 08 00 00 00 00
  can0  100   [8]  DD A4 64 9C 64 9C 77 33
  can0  102   [8]  00 00 00 00 FF 00 00 00
  can0  110   [8]  01 00 00 00 00 00 00 00
  can0  111   [8]  8D 0D 02 00 00 00 00 00
  can0  112   [8]  03 03 77 77 04 04 04 04
  can0  101   [8]  AC 2D 00 00 00 00 00 11
  can0  103   [8]  00 00 00 00 00 00 00 00
  can0  113   [8]  C1 43 0A 00 39 5D 0A 00
  can0  114   [8]  00 00 00 00 00 00 80 00
  can0  115   [8]  00 00 00 00 00 00 00 00
  can0  116   [8]  00 08 00 08 00 00 00 00
  can0  100   [8]  80 A5 64 9C 64 9C 77 33
  can0  102   [8]  00 00 00 00 FF 00 00 00
  can0  110   [8]  01 00 00 00 00 00 00 00
  can0  111   [8]  8E 0D 02 00 00 00 00 00
  can0  112   [8]  03 03 77 77 04 04 04 04
  can0  101   [8]  4B 2E 00 00 00 00 00 11
  can0  103   [8]  00 00 00 00 00 00 00 00
  can0  113   [8]  C6 43 0A 00 3E 5D 0A 00
  can0  114   [8]  00 00 00 00 00 00 80 00
  can0  115   [8]  00 00 00 00 00 00 00 00
  can0  116   [8]  00 08 00 08 00 00 00 00
  can0  630   [1]  F0
  can0  100   [8]  67 A6 64 9C 64 9C 77 33
  can0  102   [8]  00 00 00 00 FF 00 00 00
  can0  110   [8]  01 00 00 00 00 00 00 00
  can0  111   [8]  8F 0D 02 00 00 00 00 00
  can0  112   [8]  03 03 77 77 04 04 04 04
  can0  101   [8]  16 2F 00 00 00 00 00 11
  can0  103   [8]  00 00 00 00 00 00 00 00
  can0  113   [8]  CB 43 0A 00 43 5D 0A 00
  can0  114   [8]  00 00 00 00 00 00 80 00
  can0  115   [8]  00 00 00 00 00 00 00 00
  can0  116   [8]  00 08 00 08 00 00 00 00
  can0  101   [8]  F3 30 00 00 00 00 00 11
  can0  100   [8]  3A A7 64 9C 64 9C 77 33
  can0  102   [8]  00 00 00 00 FF 00 00 00
  can0  110   [8]  01 00 00 00 00 00 00 00
  can0  111   [8]  90 0D 02 00 00 00 00 00
  can0  112   [8]  03 03 77 77 04 04 04 04
  can0  103   [8]  00 00 00 00 00 00 00 00
  can0  113   [8]  D0 43 0A 00 48 5D 0A 00
  can0  114   [8]  00 00 00 00 00 00 80 00
  can0  115   [8]  00 00 00 00 00 00 00 00
  can0  116   [8]  00 08 00 08 00 00 00 00
  can0  101   [8]  AE 31 00 00 00 00 00 11
  can0  100   [8]  66 A8 64 9C 64 9C 77 33
  can0  102   [8]  00 00 00 00 FF 00 00 00
  can0  110   [8]  01 00 00 00 00 00 00 00
  can0  111   [8]  91 0D 02 00 00 00 00 00
  can0  112   [8]  03 03 77 77 04 04 04 04
  can0  103   [8]  00 00 00 00 00 00 00 00
  can0  113   [8]  D5 43 0A 00 4D 5D 0A 00
  can0  114   [8]  00 00 00 00 00 00 80 00
  can0  115   [8]  00 00 00 00 00 00 00 00
  can0  116   [8]  00 08 00 08 00 00 00 00
  can0  100   [8]  3B A9 64 9C 64 9C 77 33
  can0  102   [8]  00 00 00 00 FF 00 00 00
  can0  110   [8]  01 00 00 00 00 00 00 00
  can0  111   [8]  92 0D 02 00 00 00 00 00
  can0  112   [8]  03 03 77 77 04 04 04 04
  can0  101   [8]  49 32 00 00 00 00 00 11
  can0  103   [8]  00 00 00 00 00 00 00 00
  can0  113   [8]  DA 43 0A 00 52 5D 0A 00
  can0  114   [8]  00 00 00 00 00 00 80 00
  can0  115   [8]  00 00 00 00 00 00 00 00
  can0  116   [8]  00 08 00 08 00 00 00 00
  can0  100   [8]  DC AA 64 9C 64 9C 77 33
  can0  102   [8]  00 00 00 00 FF 00 00 00
  can0  110   [8]  01 00 00 00 00 00 00 00
  can0  111   [8]  93 0D 02 00 00 00 00 00
  can0  112   [8]  03 03 77 77 04 04 04 04
  can0  101   [8]  14 33 00 00 00 00 00 11
  can0  103   [8]  00 00 00 00 00 00 00 00
  can0  113   [8]  DF 43 0A 00 57 5D 0A 00
  can0  114   [8]  00 00 00 00 00 00 80 00
  can0  115   [8]  00 00 00 00 00 00 00 00
  can0  116   [8]  00 08 00 08 00 00 00 00
  can0  600   [8]  EE FF EF FF FC 00 01 03
  can0  601   [6]  15 00 F9 FF 84 01
  can0  610   [8]  D7 A3 08 BF 66 66 06 BE
  can0  611   [4]  3E 0A D7 3E
  can0  630   [1]  F0
  can0  101   [8]  9A 34 00 00 00 00 00 11
  can0  100   [8]  81 AB 64 9C 64 9C 77 33
  can0  102   [8]  00 00 00 00 FF 00 00 00
  can0  110   [8]  01 00 00 00 00 00 00 00
  can0  111   [8]  94 0D 02 00 00 00 00 00
  can0  112   [8]  03 03 77 77 04 04 04 04
  can0  103   [8]  00 00 00 00 00 00 00 00
  can0  113   [8]  E4 43 0A 00 5C 5D 0A 00
  can0  114   [8]  00 00 00 00 00 00 80 00
  can0  115   [8]  00 00 00 00 00 00 00 00
  can0  116   [8]  00 08 00 08 00 00 00 00
  can0  100   [8]  0F AC 64 9C 64 9C 77 33
  can0  102   [8]  00 00 00 00 FF 00 00 00
  can0  110   [8]  01 00 00 00 00 00 00 00
  can0  111   [8]  95 0D 02 00 00 00 00 00
  can0  112   [8]  03 03 77 77 04 04 04 04
  can0  101   [8]  C7 35 00 00 00 00 00 11
  can0  103   [8]  00 00 00 00 00 00 00 00
  can0  113   [8]  E9 43 0A 00 61 5D 0A 00
  can0  114   [8]  00 00 00 00 00 00 80 00
  can0  115   [8]  00 00 00 00 00 00 00 00
  can0  116   [8]  00 08 00 08 00 00 00 00
  can0  402   [8]  02 00 17 15 FF 2C 00 10
  can0  100   [8]  52 AD 64 9C 64 9C 77 33
  can0  102   [8]  00 00 00 00 FF 00 00 00
  can0  110   [8]  01 00 00 00 00 00 00 00
  can0  111   [8]  96 0D 02 00 00 00 00 00
  can0  101   [8]  20 36 00 00 00 00 00 11
  can0  103   [8]  00 00 00 00 00 00 00 00
  can0  112   [8]  03 03 77 77 04 04 04 04
  can0  113   [8]  EE 43 0A 00 66 5D 0A 00
  can0  114   [8]  00 00 00 00 00 00 80 00
  can0  115   [8]  00 00 00 00 00 00 00 00
  can0  116   [8]  00 08 00 08 00 00 00 00
  can0  404   [8]  03 00 00 00 00 00 00 00
  can0  403   [8]  02 01 2C 12 3C 34 00 00
  can0  405   [8]  03 01 00 00 00 00 00 00
  can0  101   [8]  7D 37 00 00 00 00 00 11
  can0  100   [8]  B5 AE 64 9C 64 9C 77 33
  can0  102   [8]  00 00 00 00 FF 00 00 00
  can0  110   [8]  01 00 00 00 00 00 00 00
  can0  111   [8]  97 0D 02 00 00 00 00 00
  can0  112   [8]  03 03 77 77 04 04 04 04
  can0  103   [8]  00 00 00 00 00 00 00 00
  can0  113   [8]  F3 43 0A 00 6B 5D 0A 00
  can0  114   [8]  00 00 00 00 00 00 80 00
  can0  115   [8]  00 00 00 00 00 00 00 00
  can0  116   [8]  00 08 00 08 00 00 00 00
  can0  101   [8]  21 38 00 00 00 00 00 11
  can0  103   [8]  00 00 00 00 00 00 00 00
  can0  100   [8]  E8 AF 64 9C 64 9C 77 33
  can0  102   [8]  00 00 00 00 FF 00 00 00
  can0  110   [8]  01 00 00 00 00 00 00 00
  can0  111   [8]  98 0D 02 00 00 00 00 00
  can0  112   [8]  03 03 77 77 04 04 04 04
  can0  113   [8]  F8 43 0A 00 70 5D 0A 00
  can0  114   [8]  00 00 00 00 00 00 80 00
  can0  115   [8]  00 00 00 00 00 00 00 00
  can0  116   [8]  00 08 00 08 00 00 00 00
  can0  630   [1]  F0
  can0  101   [8]  7C 39 00 00 00 00 00 11
  can0  100   [8]  0D B0 64 9C 64 9C 77 33
  can0  102   [8]  00 00 00 00 FF 00 00 00
  can0  110   [8]  01 00 00 00 00 00 00 00
  can0  111   [8]  99 0D 02 00 00 00 00 00
  can0  112   [8]  03 03 77 77 04 04 04 04
  can0  103   [8]  00 00 00 00 00 00 00 00
  can0  113   [8]  FD 43 0A 00 75 5D 0A 00
  can0  114   [8]  00 00 00 00 00 00 80 00
  can0  115   [8]  00 00 00 00 00 00 00 00
  can0  116   [8]  00 08 00 08 00 00 00 00
  can0  101   [8]  9B 3A 00 00 00 00 00 11
  can0  100   [8]  50 B1 64 9C 64 9C 77 33
  can0  102   [8]  00 00 00 00 FF 00 00 00
  can0  110   [8]  01 00 00 00 00 00 00 00
  can0  111   [8]  9A 0D 02 00 00 00 00 00
  can0  112   [8]  03 03 77 77 04 04 04 04
  can0  103   [8]  00 00 00 00 00 00 00 00
  can0  113   [8]  02 44 0A 00 7A 5D 0A 00
  can0  114   [8]  00 00 00 00 00 00 80 00
  can0  115   [8]  00 00 00 00 00 00 00 00
  can0  116   [8]  00 08 00 08 00 00 00 00
  can0  101   [8]  C6 3B 00 00 00 00 00 11
  can0  100   [8]  B7 B2 64 9C 64 9C 77 33
  can0  102   [8]  00 00 00 00 FF 00 00 00
  can0  110   [8]  01 00 00 00 00 00 00 00
  can0  111   [8]  9B 0D 02 00 00 00 00 00
  can0  112   [8]  03 03 77 77 04 04 04 04
  can0  103   [8]  00 00 00 00 00 00 00 00
  can0  113   [8]  07 44 0A 00 7F 5D 0A 00
  can0  114   [8]  00 00 00 00 00 00 80 00
  can0  115   [8]  00 00 00 00 00 00 00 00
  can0  116   [8]  00 08 00 08 00 00 00 00
  can0  620   [3]  02 00 01
  can0  621   [8]  00 00 00 00 00 00 00 00
  can0  622   [7]  00 00 00 00 00 00 00
  can0  623   [7]  00 00 00 00 00 00 00
  can0  624   [4]  00 00 00 00
  can0  625   [8]  E1 FA C7 42 E1 FA C7 42
  can0  626   [4]  E1 FA C7 42
  can0  627   [6]  00 00 00 00 00 00
  can0  100   [8]  EA B3 64 9C 64 9C 77 33
  can0  102   [8]  00 00 00 00 FF 00 00 00
  can0  110   [8]  01 00 00 00 00 00 00 00
  can0  111   [8]  9C 0D 02 00 00 00 00 00
  can0  112   [8]  03 03 77 77 04 04 04 04
  can0  101   [8]  48 3C 00 00 00 00 00 11
  can0  103   [8]  00 00 00 00 00 00 00 00
  can0  113   [8]  0C 44 0A 00 84 5D 0A 00
  can0  114   [8]  00 00 00 00 00 00 80 00
  can0  115   [8]  00 00 00 00 00 00 00 00
  can0  116   [8]  00 08 00 08 00 00 00 00
  can0  640   [8]  32 21 07 06 13 07 19 00
  can0  100   [8]  64 B4 64 9C 64 9C 77 33
  can0  102   [8]  00 00 00 00 FF 00 00 00
  can0  110   [8]  01 00 00 00 00 00 00 00
  can0  111   [8]  9D 0D 02 00 00 00 00 00
  can0  112   [8]  03 03 77 77 04 04 04 04
  can0  101   [8]  15 3D 00 00 00 00 00 11
  can0  103   [8]  00 00 00 00 00 00 00 00
  can0  113   [8]  11 44 0A 00 89 5D 0A 00
  can0  114   [8]  00 00 00 00 00 00 80 00
  can0  115   [8]  00 00 00 00 00 00 00 00
  can0  116   [8]  00 08 00 08 00 00 00 00
  can0  610   [8]  B8 1E 0D BF 3E 0A 57 3D
  can0  611   [4]  29 5C 0F 3F
  can0  630   [1]  F0
  can0  100   [8]  39 B5 64 9C 64 9C 77 33
  can0  102   [8]  00 00 00 00 FF 00 00 00
  can0  110   [8]  01 00 00 00 00 00 00 00
  can0  111   [8]  9E 0D 02 00 00 00 00 00
  can0  112   [8]  03 03 77 77 04 04 04 04
  can0  101   [8]  F2 3E 00 00 00 00 00 11
  can0  103   [8]  00 00 00 00 00 00 00 00
  can0  113   [8]  16 44 0A 00 8E 5D 0A 00
  can0  114   [8]  00 00 00 00 00 00 80 00
  can0  115   [8]  00 00 00 00 00 00 00 00
  can0  116   [8]  00 08 00 08 00 00 00 00
  can0  101   [8]  AF 3F 00 00 00 00 00 11
  can0  100   [8]  DE B6 64 9C 64 9C 77 33
  can0  102   [8]  00 00 00 00 FF 00 00 00
  can0  110   [8]  01 00 00 00 00 00 00 00
  can0  111   [8]  9F 0D 02 00 00 00 00 00
  can0  112   [8]  03 03 77 77 04 04 04 04
  can0  103   [8]  00 00 00 00 00 00 00 00
  can0  113   [8]  1B 44 0A 00 93 5D 0A 00
  can0  114   [8]  00 00 00 00 00 00 80 00
  can0  115   [8]  00 00 00 00 00 00 00 00
  can0  116   [8]  00 08 00 08 00 00 00 00
  can0  100   [8]  83 B7 64 9C 64 9C 77 33
  can0  102   [8]  00 00 00 00 FF 00 00 00
  can0  110   [8]  01 00 00 00 00 00 00 00
  can0  111   [8]  A0 0D 02 00 00 00 00 00
  can0  112   [8]  03 03 77 77 04 04 04 04
  can0  101   [8]  FB 40 00 00 00 00 00 11
  can0  103   [8]  00 00 00 00 00 00 00 00
  can0  113   [8]  20 44 0A 00 98 5D 0A 00
  can0  114   [8]  00 00 00 00 00 00 80 00
  can0  115   [8]  00 00 00 00 00 00 00 00
  can0  116   [8]  00 08 00 08 00 00 00 00
  can0  100   [8]  DF B8 64 9C 64 9C 77 33
  can0  102   [8]  00 00 00 00 FF 00 00 00
  can0  110   [8]  01 00 00 00 00 00 00 00
  can0  111   [8]  A1 0D 02 00 00 00 00 00
  can0  112   [8]  03 03 77 77 04 04 04 04
  can0  101   [8]  A6 41 00 00 00 00 00 11
  can0  103   [8]  00 00 00 00 00 00 00 00
  can0  113   [8]  25 44 0A 00 9D 5D 0A 00
  can0  114   [8]  00 00 00 00 00 00 80 00
  can0  115   [8]  00 00 00 00 00 00 00 00
  can0  116   [8]  00 08 00 08 00 00 00 00
  can0  100   [8]  82 B9 64 9C 64 9C 77 33
  can0  102   [8]  00 00 00 00 FF 00 00 00
  can0  110   [8]  01 00 00 00 00 00 00 00
  can0  111   [8]  A2 0D 02 00 00 00 00 00
  can0  112   [8]  03 03 77 77 04 04 04 04
  can0  101   [8]  41 42 00 00 00 00 00 11
  can0  103   [8]  00 00 00 00 00 00 00 00
  can0  113   [8]  2A 44 0A 00 A2 5D 0A 00
  can0  114   [8]  00 00 00 00 00 00 80 00
  can0  115   [8]  00 00 00 00 00 00 00 00
  can0  116   [8]  00 08 00 08 00 00 00 00
  can0  600   [8]  EC FF F1 FF FA 00 02 03
  can0  601   [6]  15 00 F9 FF 84 01
  can0  630   [1]  F0
  can0  100   [8]  65 BA 64 9C 64 9C 77 33
  can0  102   [8]  00 00 00 00 FF 00 00 00
  can0  110   [8]  01 00 00 00 00 00 00 00
  can0  111   [8]  A3 0D 02 00 00 00 00 00
  can0  112   [8]  03 03 77 77 04 04 04 04
  can0  101   [8]  1C 43 00 00 00 00 00 11
  can0  103   [8]  00 00 00 00 00 00 00 00
  can0  113   [8]  2F 44 0A 00 A7 5D 0A 00
  can0  114   [8]  00 00 00 00 00 00 80 00
  can0  115   [8]  00 00 00 00 00 00 00 00
  can0  116   [8]  00 08 00 08 00 00 00 00
  can0  101   [8]  92 44 00 00 00 00 00 11
  can0  100   [8]  38 BB 64 9C 64 9C 77 33
  can0  102   [8]  00 00 00 00 FF 00 00 00
  can0  110   [8]  01 00 00 00 00 00 00 00
  can0  111   [8]  A4 0D 02 00 00 00 00 00
  can0  112   [8]  03 03 77 77 04 04 04 04
  can0  103   [8]  00 00 00 00 00 00 00 00
  can0  113   [8]  34 44 0A 00 AC 5D 0A 00
  can0  114   [8]  00 00 00 00 00 00 80 00
  can0  115   [8]  00 00 00 00 00 00 00 00
  can0  116   [8]  00 08 00 08 00 00 00 00
  can0  100   [8]  B6 BC 64 9C 64 9C 77 33
  can0  102   [8]  00 00 00 00 FF 00 00 00
  can0  110   [8]  01 00 00 00 00 00 00 00
  can0  111   [8]  A5 0D 02 00 00 00 00 00
  can0  112   [8]  03 03 77 77 04 04 04 04
  can0  101   [8]  CF 45 00 00 00 00 00 11
  can0  103   [8]  00 00 00 00 00 00 00 00
  can0  113   [8]  39 44 0A 00 B1 5D 0A 00
  can0  114   [8]  00 00 00 00 00 00 80 00
  can0  115   [8]  00 00 00 00 00 00 00 00
  can0  116   [8]  00 08 00 08 00 00 00 00
  can0  101   [8]  28 46 00 00 00 00 00 11
  can0  100   [8]  EB BD 64 9C 64 9C 77 33
  can0  102   [8]  00 00 00 00 FF 00 00 00
  can0  110   [8]  01 00 00 00 00 00 00 00
  can0  111   [8]  A6 0D 02 00 00 00 00 00
  can0  112   [8]  03 03 77 77 04 04 04 04
  can0  103   [8]  00 00 00 00 00 00 00 00
  can0  113   [8]  3E 44 0A 00 B6 5D 0A 00
  can0  114   [8]  00 00 00 00 00 00 80 00
  can0  115   [8]  00 00 00 00 00 00 00 00
  can0  116   [8]  00 08 00 08 00 00 00 00
  can0  101   [8]  75 47 00 00 00 00 00 11
  can0  103   [8]  00 00 00 00 00 00 00 00
  can0  100   [8]  0C BE 64 9C 64 9C 77 33
  can0  102   [8]  00 00 00 00 FF 00 00 00
  can0  110   [8]  01 00 00 00 00 00 00 00
  can0  111   [8]  A7 0D 02 00 00 00 00 00
  can0  112   [8]  03 03 77 77 04 04 04 04
  can0  113   [8]  43 44 0A 00 BB 5D 0A 00
  can0  114   [8]  00 00 00 00 00 00 80 00
  can0  115   [8]  00 00 00 00 00 00 00 00
  can0  116   [8]  00 08 00 08 00 00 00 00
  can0  610   [8]  B8 1E 0D BF 3E 0A 57 3D
  can0  611   [4]  29 5C 0F 3F
  can0  630   [1]  F0
  can0  101   [8]  29 48 00 00 00 00 00 11
  can0  103   [8]  00 00 00 00 00 00 00 00
  can0  100   [8]  51 BF 64 9C 64 9C 77 33
  can0  102   [8]  00 00 00 00 FF 00 00 00
  can0  110   [8]  01 00 00 00 00 00 00 00
  can0  111   [8]  A8 0D 02 00 00 00 00 00
  can0  112   [8]  03 03 77 77 04 04 04 04
  can0  113   [8]  48 44 0A 00 C0 5D 0A 00
  can0  114   [8]  00 00 00 00 00 00 80 00
  can0  115   [8]  00 00 00 00 00 00 00 00
  can0  116   [8]  00 08 00 08 00 00 00 00
  can0  101   [8]  74 49 00 00 00 00 00 11
  can0  103   [8]  00 00 00 00 00 00 00 00
  can0  100   [8]  05 C0 64 9C 64 9C 77 33
  can0  102   [8]  00 00 00 00 FF 00 00 00
  can0  110   [8]  01 00 00 00 00 00 00 00
  can0  111   [8]  A9 0D 02 00 00 00 00 00
  can0  112   [8]  03 03 77 77 04 04 04 04
  can0  113   [8]  4D 44 0A 00 C5 5D 0A 00
  can0  114   [8]  00 00 00 00 00 00 80 00
  can0  115   [8]  00 00 00 00 00 00 00 00
  can0  116   [8]  00 08 00 08 00 00 00 00
  can0  101   [8]  93 4A 00 00 00 00 00 11
  can0  103   [8]  00 00 00 00 00 00 00 00
  can0  100   [8]  58 C1 64 9C 64 9C 77 33
  can0  102   [8]  00 00 00 00 FF 00 00 00
  can0  110   [8]  01 00 00 00 00 00 00 00
  can0  111   [8]  AA 0D 02 00 00 00 00 00
  can0  112   [8]  03 03 77 77 04 04 04 04
  can0  113   [8]  52 44 0A 00 CA 5D 0A 00
  can0  114   [8]  00 00 00 00 00 00 80 00
  can0  115   [8]  00 00 00 00 00 00 00 00
  can0  116   [8]  00 08 00 08 00 00 00 00
  can0  101   [8]  CE 4B 00 00 00 00 00 11
  can0  103   [8]  00 00 00 00 00 00 00 00
  can0  100   [8]  BF C2 64 9C 64 9C 77 33
  can0  102   [8]  00 00 00 00 FF 00 00 00
  can0  110   [8]  01 00 00 00 00 00 00 00
  can0  111   [8]  AB 0D 02 00 00 00 00 00
  can0  112   [8]  03 03 77 77 04 04 04 04
  can0  113   [8]  57 44 0A 00 CF 5D 0A 00
  can0  114   [8]  00 00 00 00 00 00 80 00
  can0  115   [8]  00 00 00 00 00 00 00 00
  can0  116   [8]  00 08 00 08 00 00 00 00
  can0  101   [8]  40 4C 00 00 00 00 00 11
  can0  103   [8]  00 00 00 00 00 00 00 00
  can0  100   [8]  E2 C3 64 9C 64 9C 77 33
  can0  102   [8]  00 00 00 00 FF 00 00 00
  can0  110   [8]  01 00 00 00 00 00 00 00
  can0  111   [8]  AC 0D 02 00 00 00 00 00
  can0  112   [8]  03 03 77 77 04 04 04 04
  can0  113   [8]  5C 44 0A 00 D4 5D 0A 00
  can0  114   [8]  00 00 00 00 00 00 80 00
  can0  115   [8]  00 00 00 00 00 00 00 00
  can0  116   [8]  00 08 00 08 00 00 00 00
  can0  630   [1]  F0
  can0  101   [8]  1D 4D 00 00 00 00 00 11
  can0  103   [8]  00 00 00 00 00 00 00 00
  can0  100   [8]  6C C4 64 9C 64 9C 77 33
  can0  102   [8]  00 00 00 00 FF 00 00 00
  can0  110   [8]  01 00 00 00 00 00 00 00
  can0  111   [8]  AD 0D 02 00 00 00 00 00
  can0  112   [8]  03 03 77 77 04 04 04 04
  can0  113   [8]  61 44 0A 00 D9 5D 0A 00
  can0  114   [8]  00 00 00 00 00 00 80 00
  can0  115   [8]  00 00 00 00 00 00 00 00
  can0  116   [8]  00 08 00 08 00 00 00 00
  can0  101   [8]  FA 4E 00 00 00 00 00 11
  can0  103   [8]  00 00 00 00 00 00 00 00
  can0  100   [8]  31 C5 64 9C 64 9C 77 33
  can0  102   [8]  00 00 00 00 FF 00 00 00
  can0  110   [8]  01 00 00 00 00 00 00 00
  can0  111   [8]  AE 0D 02 00 00 00 00 00
  can0  112   [8]  03 03 77 77 04 04 04 04
  can0  113   [8]  66 44 0A 00 DE 5D 0A 00
  can0  114   [8]  00 00 00 00 00 00 80 00
  can0  115   [8]  00 00 00 00 00 00 00 00
  can0  116   [8]  00 08 00 08 00 00 00 00
  can0  101   [8]  A7 4F 00 00 00 00 00 11
  can0  103   [8]  00 00 00 00 00 00 00 00
  can0  100   [8]  D6 C6 64 9C 64 9C 77 33
  can0  102   [8]  00 00 00 00 FF 00 00 00
  can0  110   [8]  01 00 00 00 00 00 00 00
  can0  111   [8]  AE 0D 02 00 00 00 00 00
  can0  112   [8]  03 03 77 77 04 04 04 04
  can0  113   [8]  66 44 0A 00 E3 5D 0A 00
  can0  114   [8]  00 00 00 00 00 00 80 00
  can0  115   [8]  00 00 00 00 00 00 00 00
  can0  116   [8]  00 08 00 08 00 00 00 00
  can0  620   [3]  02 00 01
  can0  621   [8]  00 00 00 00 00 00 00 00
  can0  622   [7]  00 00 00 00 00 00 00
  can0  623   [7]  00 00 00 00 00 00 00
  can0  624   [4]  00 00 00 00
  can0  625   [8]  E1 FA C7 42 E1 FA C7 42
  can0  626   [4]  E1 FA C7 42
  can0  627   [6]  00 00 00 00 00 00
  can0  101   [8]  42 50 00 00 00 00 00 11
  can0  103   [8]  00 00 00 00 00 00 00 00
  can0  100   [8]  8B C7 64 9C 64 9C 77 33
  can0  102   [8]  00 00 00 00 FF 00 00 00
  can0  110   [8]  01 00 00 00 00 00 00 00
  can0  111   [8]  AF 0D 02 00 00 00 00 00
  can0  112   [8]  03 03 77 77 04 04 04 04
  can0  113   [8]  6B 44 0A 00 E8 5D 0A 00
  can0  114   [8]  00 00 00 00 00 00 80 00
  can0  115   [8]  00 00 00 00 00 00 00 00
  can0  116   [8]  00 08 00 08 00 00 00 00
  can0  101   [8]  1F 51 00 00 00 00 00 11
  can0  103   [8]  00 00 00 00 00 00 00 00
  can0  100   [8]  D7 C8 64 9C 64 9C 77 33
  can0  102   [8]  00 00 00 00 FF 00 00 00
  can0  110   [8]  01 00 00 00 00 00 00 00
  can0  111   [8]  B0 0D 02 00 00 00 00 00
  can0  112   [8]  03 03 77 77 04 04 04 04
  can0  113   [8]  70 44 0A 00 ED 5D 0A 00
  can0  114   [8]  00 00 00 00 00 00 80 00
  can0  115   [8]  00 00 00 00 00 00 00 00
  can0  116   [8]  00 08 00 08 00 00 00 00
  can0  600   [8]  ED FF F0 FF FA 00 03 03
  can0  601   [6]  15 00 F8 FF 7E 01
  can0  610   [8]  29 5C 47 BF 00 00 E0 BE
  can0  611   [4]  00 00 60 3E
  can0  630   [1]  F0
  can0  101   [8]  F8 52 00 00 00 00 00 11
  can0  103   [8]  00 00 00 00 00 00 00 00
  can0  100   [8]  8A C9 64 9C 64 9C 77 33
  can0  102   [8]  00 00 00 00 FF 00 00 00
  can0  110   [8]  01 00 00 00 00 00 00 00
  can0  111   [8]  B1 0D 02 00 00 00 00 00
  can0  112   [8]  03 03 77 77 04 04 04 04
  can0  113   [8]  75 44 0A 00 F2 5D 0A 00
  can0  114   [8]  00 00 00 00 00 00 80 00
  can0  115   [8]  00 00 00 00 00 00 00 00
  can0  116   [8]  00 08 00 08 00 00 00 00
  can0  101   [8]  A5 53 00 00 00 00 00 11
  can0  103   [8]  00 00 00 00 00 00 00 00
  can0  100   [8]  6D CA 64 9C 64 9C 77 33
  can0  102   [8]  00 00 00 00 FF 00 00 00
  can0  110   [8]  01 00 00 00 00 00 00 00
  can0  111   [8]  B2 0D 02 00 00 00 00 00
  can0  112   [8]  03 03 77 77 04 04 04 04
  can0  113   [8]  7A 44 0A 00 F7 5D 0A 00
  can0  114   [8]  00 00 00 00 00 00 80 00
  can0  115   [8]  00 00 00 00 00 00 00 00
  can0  116   [8]  00 08 00 08 00 00 00 00
  can0  101   [8]  2B 54 00 00 00 00 00 11
  can0  103   [8]  00 00 00 00 00 00 00 00
  can0  100   [8]  30 CB 64 9C 64 9C 77 33
  can0  102   [8]  00 00 00 00 FF 00 00 00
  can0  110   [8]  01 00 00 00 00 00 00 00
  can0  111   [8]  B3 0D 02 00 00 00 00 00
  can0  112   [8]  03 03 77 77 04 04 04 04
  can0  113   [8]  7F 44 0A 00 FC 5D 0A 00
  can0  114   [8]  00 00 00 00 00 00 80 00
  can0  115   [8]  00 00 00 00 00 00 00 00
  can0  116   [8]  00 08 00 08 00 00 00 00
  can0  101   [8]  76 55 00 00 00 00 00 11
  can0  103   [8]  00 00 00 00 00 00 00 00
  can0  100   [8]  BE CC 64 9C 64 9C 77 33
  can0  102   [8]  00 00 00 00 FF 00 00 00
  can0  110   [8]  01 00 00 00 00 00 00 00
  can0  111   [8]  B4 0D 02 00 00 00 00 00
  can0  112   [8]  03 03 77 77 04 04 04 04
  can0  113   [8]  84 44 0A 00 01 5E 0A 00
  can0  114   [8]  00 00 00 00 00 00 80 00
  can0  115   [8]  00 00 00 00 00 00 00 00
  can0  116   [8]  00 08 00 08 00 00 00 00
  can0  101   [8]  91 56 00 00 00 00 00 11
  can0  103   [8]  00 00 00 00 00 00 00 00
  can0  100   [8]  E3 CD 64 9C 64 9C 77 33
  can0  102   [8]  00 00 00 00 FF 00 00 00
  can0  110   [8]  01 00 00 00 00 00 00 00
  can0  111   [8]  B5 0D 02 00 00 00 00 00
  can0  112   [8]  03 03 77 77 04 04 04 04
  can0  113   [8]  89 44 0A 00 06 5E 0A 00
  can0  114   [8]  00 00 00 00 00 00 80 00
  can0  115   [8]  00 00 00 00 00 00 00 00
  can0  116   [8]  00 08 00 08 00 00 00 00
  can0  630   [1]  F0
  can0  101   [8]  CC 57 00 00 00 00 00 11
  can0  103   [8]  00 00 00 00 00 00 00 00
  can0  100   [8]  04 CE 64 9C 64 9C 77 33
  can0  102   [8]  00 00 00 00 FF 00 00 00
  can0  110   [8]  01 00 00 00 00 00 00 00
  can0  111   [8]  B6 0D 02 00 00 00 00 00
  can0  112   [8]  03 03 77 77 04 04 04 04
  can0  113   [8]  8E 44 0A 00 0B 5E 0A 00
  can0  114   [8]  00 00 00 00 00 00 80 00
  can0  115   [8]  00 00 00 00 00 00 00 00
  can0  116   [8]  00 08 00 08 00 00 00 00
  can0  101   [8]  90 58 00 00 00 00 00 11
  can0  103   [8]  00 00 00 00 00 00 00 00
  can0  100   [8]  59 CF 64 9C 64 9C 77 33
  can0  102   [8]  00 00 00 00 FF 00 00 00
  can0  110   [8]  01 00 00 00 00 00 00 00
  can0  111   [8]  B7 0D 02 00 00 00 00 00
  can0  112   [8]  03 03 77 77 04 04 04 04
  can0  113   [8]  93 44 0A 00 10 5E 0A 00
  can0  114   [8]  00 00 00 00 00 00 80 00
  can0  115   [8]  00 00 00 00 00 00 00 00
  can0  116   [8]  00 08 00 08 00 00 00 00
  can0  101   [8]  CD 59 00 00 00 00 00 11
  can0  103   [8]  00 00 00 00 00 00 00 00
  can0  100   [8]  BC D0 64 9C 64 9C 77 33
  can0  102   [8]  00 00 00 00 FF 00 00 00
  can0  110   [8]  01 00 00 00 00 00 00 00
  can0  111   [8]  B8 0D 02 00 00 00 00 00
  can0  112   [8]  03 03 77 77 04 04 04 04
  can0  113   [8]  98 44 0A 00 15 5E 0A 00
  can0  114   [8]  00 00 00 00 00 00 80 00
  can0  115   [8]  00 00 00 00 00 00 00 00
  can0  116   [8]  00 08 00 08 00 00 00 00
  can0  101   [8]  2A 5A 00 00 00 00 00 11
  can0  103   [8]  00 00 00 00 00 00 00 00
  can0  100   [8]  E1 D1 64 9C 64 9C 77 33
  can0  102   [8]  00 00 00 00 FF 00 00 00
  can0  110   [8]  01 00 00 00 00 00 00 00
  can0  111   [8]  B9 0D 02 00 00 00 00 00
  can0  112   [8]  03 03 77 77 04 04 04 04
  can0  113   [8]  9D 44 0A 00 1A 5E 0A 00
  can0  114   [8]  00 00 00 00 00 00 80 00
  can0  115   [8]  00 00 00 00 00 00 00 00
  can0  116   [8]  00 08 00 08 00 00 00 00
  can0  101   [8]  77 5B 00 00 00 00 00 11
  can0  103   [8]  00 00 00 00 00 00 00 00
  can0  100   [8]  06 D2 64 9C 64 9C 77 33
  can0  102   [8]  00 00 00 00 FF 00 00 00
  can0  110   [8]  01 00 00 00 00 00 00 00
  can0  111   [8]  BA 0D 02 00 00 00 00 00
  can0  112   [8]  03 03 77 77 04 04 04 04
  can0  113   [8]  A2 44 0A 00 1F 5E 0A 00
  can0  114   [8]  00 00 00 00 00 00 80 00
  can0  115   [8]  00 00 00 00 00 00 00 00
  can0  116   [8]  00 08 00 08 00 00 00 00
  can0  610   [8]  29 5C 47 BF 00 00 E0 BE
  can0  611   [4]  00 00 60 3E
  can0  630   [1]  F0
  can0  101   [8]  F9 5C 00 00 00 00 00 11
  can0  103   [8]  00 00 00 00 00 00 00 00
  can0  100   [8]  5B D3 64 9C 64 9C 77 33
  can0  102   [8]  00 00 00 00 FF 00 00 00
  can0  110   [8]  01 00 00 00 00 00 00 00
  can0  111   [8]  BB 0D 02 00 00 00 00 00
  can0  112   [8]  03 03 77 77 04 04 04 04
  can0  113   [8]  A7 44 0A 00 24 5E 0A 00
  can0  114   [8]  00 00 00 00 00 00 80 00
  can0  115   [8]  00 00 00 00 00 00 00 00
  can0  116   [8]  00 08 00 08 00 00 00 00
  can0  101   [8]  A4 5D 00 00 00 00 00 11
  can0  103   [8]  00 00 00 00 00 00 00 00
  can0  100   [8]  D5 D4 64 9C 64 9C 77 33
  can0  102   [8]  00 00 00 00 FF 00 00 00
  can0  110   [8]  01 00 00 00 00 00 00 00
  can0  111   [8]  BC 0D 02 00 00 00 00 00
  can0  112   [8]  03 03 77 77 04 04 04 04
  can0  113   [8]  AC 44 0A 00 29 5E 0A 00
  can0  114   [8]  00 00 00 00 00 00 80 00
  can0  115   [8]  00 00 00 00 00 00 00 00
  can0  116   [8]  00 08 00 08 00 00 00 00
  can0  101   [8]  43 5E 00 00 00 00 00 11
  can0  402   [8]  02 00 17 15 FF 2C 00 10
  can0  403   [8]  02 01 2C 12 3C 34 00 00
  can0  405   [8]  03 01 00 00 00 00 00 00
  can0  404   [8]  03 00 00 00 00 00 00 00
  can0  100   [8]  88 D5 64 9C 64 9C 77 33
  can0  103   [8]  00 00 00 00 00 00 00 00
  can0  102   [8]  00 00 00 00 FF 00 00 00
  can0  110   [8]  01 00 00 00 00 00 00 00
  can0  111   [8]  BD 0D 02 00 00 00 00 00
  can0  112   [8]  03 03 77 77 04 04 04 04
  can0  113   [8]  B1 44 0A 00 2E 5E 0A 00
  can0  114   [8]  00 00 00 00 00 00 80 00
  can0  115   [8]  00 00 00 00 00 00 00 00
  can0  116   [8]  00 08 00 08 00 00 00 00
  can0  101   [8]  1E 5F 00 00 00 00 00 11
  can0  103   [8]  00 00 00 00 00 00 00 00
  can0  100   [8]  6F D6 64 9C 64 9C 77 33
  can0  102   [8]  00 00 00 00 FF 00 00 00
  can0  110   [8]  01 00 00 00 00 00 00 00
  can0  111   [8]  BE 0D 02 00 00 00 00 00
  can0  112   [8]  03 03 77 77 04 04 04 04
  can0  113   [8]  B6 44 0A 00 33 5E 0A 00
  can0  114   [8]  00 00 00 00 00 00 80 00
  can0  115   [8]  00 00 00 00 00 00 00 00
  can0  116   [8]  00 08 00 08 00 00 00 00
  can0  101   [8]  94 60 00 00 00 00 00 11
  can0  103   [8]  00 00 00 00 00 00 00 00
  can0  100   [8]  32 D7 64 9C 64 9C 77 33
  can0  102   [8]  00 00 00 00 FF 00 00 00
  can0  110   [8]  01 00 00 00 00 00 00 00
  can0  111   [8]  BF 0D 02 00 00 00 00 00
  can0  112   [8]  03 03 77 77 04 04 04 04
  can0  113   [8]  BB 44 0A 00 38 5E 0A 00
  can0  114   [8]  00 00 00 00 00 00 80 00
  can0  115   [8]  00 00 00 00 00 00 00 00
  can0  116   [8]  00 08 00 08 00 00 00 00
  can0  600   [8]  EE FF F1 FF FB 00 02 03
  can0  601   [6]  0B 00 FB FF 82 01
  can0  630   [1]  F0
  can0  101   [8]  C9 61 00 00 00 00 00 11
  can0  103   [8]  00 00 00 00 00 00 00 00
  can0  100   [8]  6E D8 64 9C 64 9C 77 33
  can0  102   [8]  00 00 00 00 FF 00 00 00
  can0  110   [8]  01 00 00 00 00 00 00 00
  can0  111   [8]  C0 0D 02 00 00 00 00 00
  can0  112   [8]  03 03 77 77 04 04 04 04
  can0  113   [8]  C0 44 0A 00 3D 5E 0A 00
  can0  114   [8]  00 00 00 00 00 00 80 00
  can0  115   [8]  00 00 00 00 00 00 00 00
  can0  116   [8]  00 08 00 08 00 00 00 00
  can0  101   [8]  2E 62 00 00 00 00 00 11
  can0  103   [8]  00 00 00 00 00 00 00 00
  can0  100   [8]  33 D9 64 9C 64 9C 77 33
  can0  102   [8]  00 00 00 00 FF 00 00 00
  can0  110   [8]  01 00 00 00 00 00 00 00
  can0  111   [8]  C1 0D 02 00 00 00 00 00
  can0  112   [8]  03 03 77 77 04 04 04 04
  can0  113   [8]  C5 44 0A 00 42 5E 0A 00
  can0  114   [8]  00 00 00 00 00 00 80 00
  can0  115   [8]  00 00 00 00 00 00 00 00
  can0  116   [8]  00 08 00 08 00 00 00 00
  can0  101   [8]  73 63 00 00 00 00 00 11
  can0  103   [8]  00 00 00 00 00 00 00 00
  can0  100   [8]  D4 DA 64 9C 64 9C 77 33
  can0  102   [8]  00 00 00 00 FF 00 00 00
  can0  110   [8]  01 00 00 00 00 00 00 00
  can0  111   [8]  C2 0D 02 00 00 00 00 00
  can0  112   [8]  03 03 77 77 04 04 04 04
  can0  113   [8]  CA 44 0A 00 47 5E 0A 00
  can0  114   [8]  00 00 00 00 00 00 80 00
  can0  115   [8]  00 00 00 00 00 00 00 00
  can0  116   [8]  00 08 00 08 00 00 00 00
  can0  620   [3]  02 00 01
  can0  621   [8]  00 00 00 00 00 00 00 00
  can0  622   [7]  00 00 00 00 00 00 00
  can0  623   [7]  00 00 00 00 00 00 00
  can0  624   [4]  00 00 00 00
  can0  625   [8]  E1 FA C7 42 E1 FA C7 42
  can0  626   [4]  E1 FA C7 42
  can0  627   [6]  00 00 00 00 00 00
  can0  101   [8]  FD 64 00 00 00 00 00 11
  can0  103   [8]  00 00 00 00 00 00 00 00
  can0  100   [8]  89 DB 64 9C 64 9C 77 33
  can0  102   [8]  00 00 00 00 FF 00 00 00
  can0  110   [8]  00 00 00 00 00 00 00 00
  can0  111   [8]  C3 0D 02 00 00 00 00 00
  can0  112   [8]  03 03 77 77 04 04 04 04
  can0  113   [8]  CF 44 0A 00 4C 5E 0A 00
  can0  114   [8]  00 00 00 00 00 00 80 00
  can0  115   [8]  00 00 00 00 00 00 00 00
  can0  116   [8]  00 08 00 08 00 00 00 00
  can0  101   [8]  A0 65 00 00 00 00 00 11
  can0  103   [8]  00 00 00 00 00 00 00 00
  can0  100   [8]  07 DC 64 9C 64 9C 77 33
  can0  102   [8]  00 00 00 00 FF 00 00 00
  can0  110   [8]  00 00 00 00 00 00 00 00
  can0  111   [8]  C4 0D 02 00 00 00 00 00
  can0  112   [8]  03 03 77 77 04 04 04 04
  can0  113   [8]  D4 44 0A 00 51 5E 0A 00
  can0  114   [8]  00 00 00 00 00 00 80 00
  can0  115   [8]  00 00 00 00 00 00 00 00
  can0  116   [8]  00 08 00 08 00 00 00 00
  can0  610   [8]  85 EB 39 BF 0A D7 93 BE
  can0  611   [4]  8F C2 A5 3E
  can0  630   [1]  F0
  can0  101   [8]  47 66 00 00 00 00 00 11
  can0  103   [8]  00 00 00 00 00 00 00 00
  can0  100   [8]  5A DD 64 9C 64 9C 77 33
  can0  102   [8]  00 00 00 00 FF 00 00 00
  can0  110   [8]  00 00 00 00 00 00 00 00
  can0  111   [8]  C5 0D 02 00 00 00 00 00
  can0  112   [8]  03 03 77 77 04 04 04 04
  can0  113   [8]  D9 44 0A 00 56 5E 0A 00
  can0  114   [8]  00 00 00 00 00 00 80 00
  can0  115   [8]  00 00 00 00 00 00 00 00
  can0  116   [8]  00 08 00 08 00 00 00 00
  can0  101   [8]  1A 67 00 00 00 00 00 11
  can0  103   [8]  00 00 00 00 00 00 00 00
  can0  100   [8]  BD DE 64 9C 64 9C 77 33
  can0  102   [8]  00 00 00 00 FF 00 00 00
  can0  110   [8]  00 00 00 00 00 00 00 00
  can0  111   [8]  C6 0D 02 00 00 00 00 00
  can0  112   [8]  03 03 77 77 04 04 04 04
  can0  113   [8]  DE 44 0A 00 5B 5E 0A 00
  can0  114   [8]  00 00 00 00 00 00 80 00
  can0  115   [8]  00 00 00 00 00 00 00 00
  can0  116   [8]  00 08 00 08 00 00 00 00
  can0  101   [8]  46 68 00 00 00 00 00 11
  can0  103   [8]  00 00 00 00 00 00 00 00
  can0  100   [8]  E0 DF 64 9C 64 9C 77 33
  can0  102   [8]  00 00 00 00 FF 00 00 00
  can0  110   [8]  00 00 00 00 00 00 00 00
  can0  111   [8]  C7 0D 02 00 00 00 00 00
  can0  112   [8]  03 03 77 77 04 04 04 04
  can0  113   [8]  E3 44 0A 00 60 5E 0A 00
  can0  114   [8]  00 00 00 00 00 00 80 00
  can0  115   [8]  00 00 00 00 00 00 00 00
  can0  116   [8]  00 08 00 08 00 00 00 00
  can0  101   [8]  1B 69 00 00 00 00 00 11
  can0  103   [8]  00 00 00 00 00 00 00 00
  can0  100   [8]  6A E0 64 9C 64 9C 77 33
  can0  102   [8]  00 00 00 00 FF 00 00 00
  can0  110   [8]  00 00 00 00 00 00 00 00
  can0  111   [8]  C8 0D 02 00 00 00 00 00
  can0  112   [8]  03 03 77 77 04 04 04 04
  can0  113   [8]  E8 44 0A 00 65 5E 0A 00
  can0  114   [8]  00 00 00 00 00 00 80 00
  can0  115   [8]  00 00 00 00 00 00 00 00
  can0  116   [8]  00 08 00 08 00 00 00 00
  can0  101   [8]  FC 6A 00 00 00 00 00 11
  can0  103   [8]  00 00 00 00 00 00 00 00
  can0  100   [8]  37 E1 64 9C 64 9C 77 33
  can0  102   [8]  00 00 00 00 FF 00 00 00
  can0  110   [8]  00 00 00 00 00 00 00 00
  can0  111   [8]  C9 0D 02 00 00 00 00 00
  can0  112   [8]  03 03 77 77 04 04 04 04
  can0  113   [8]  ED 44 0A 00 6A 5E 0A 00
  can0  114   [8]  00 00 00 00 00 00 80 00
  can0  115   [8]  00 00 00 00 00 00 00 00
  can0  116   [8]  00 08 00 08 00 00 00 00
  can0  630   [1]  F0
  can0  101   [8]  A1 6B 00 00 00 00 00 11
  can0  103   [8]  00 00 00 00 00 00 00 00
  can0  100   [8]  D0 E2 64 9C 64 9C 77 33
  can0  102   [8]  00 00 00 00 FF 00 00 00
  can0  110   [8]  00 00 00 00 00 00 00 00
  can0  111   [8]  CA 0D 02 00 00 00 00 00
  can0  112   [8]  03 03 77 77 04 04 04 04
  can0  113   [8]  F2 44 0A 00 6F 5E 0A 00
  can0  114   [8]  00 00 00 00 00 00 80 00
  can0  115   [8]  00 00 00 00 00 00 00 00
  can0  116   [8]  00 08 00 08 00 00 00 00
  can0  101   [8]  2F 6C 00 00 00 00 00 11
  can0  103   [8]  00 00 00 00 00 00 00 00
  can0  100   [8]  8D E3 64 9C 64 9C 77 33
  can0  102   [8]  00 00 00 00 FF 00 00 00
  can0  110   [8]  00 00 00 00 00 00 00 00
  can0  111   [8]  CB 0D 02 00 00 00 00 00
  can0  112   [8]  03 03 77 77 04 04 04 04
  can0  113   [8]  F7 44 0A 00 74 5E 0A 00
  can0  114   [8]  00 00 00 00 00 00 80 00
  can0  115   [8]  00 00 00 00 00 00 00 00
  can0  116   [8]  00 08 00 08 00 00 00 00
  can0  101   [8]  72 6D 00 00 00 00 00 11
  can0  103   [8]  00 00 00 00 00 00 00 00
  can0  100   [8]  03 E4 64 9C 64 9C 77 33
  can0  102   [8]  00 00 00 00 FF 00 00 00
  can0  110   [8]  00 00 00 00 00 00 00 00
  can0  111   [8]  CC 0D 02 00 00 00 00 00
  can0  112   [8]  03 03 77 77 04 04 04 04
  can0  113   [8]  FC 44 0A 00 79 5E 0A 00
  can0  114   [8]  00 00 00 00 00 00 80 00
  can0  115   [8]  00 00 00 00 00 00 00 00
  can0  116   [8]  00 08 00 08 00 00 00 00
  can0  101   [8]  95 6E 00 00 00 00 00 11
  can0  103   [8]  00 00 00 00 00 00 00 00
  can0  100   [8]  5E E5 64 9C 64 9C 77 33
  can0  102   [8]  00 00 00 00 FF 00 00 00
  can0  110   [8]  00 00 00 00 00 00 00 00
  can0  111   [8]  CD 0D 02 00 00 00 00 00
  can0  112   [8]  03 03 77 77 04 04 04 04
  can0  113   [8]  01 45 0A 00 7E 5E 0A 00
  can0  114   [8]  00 00 00 00 00 00 80 00
  can0  115   [8]  00 00 00 00 00 00 00 00
  can0  116   [8]  00 08 00 08 00 00 00 00
  can0  101   [8]  C8 6F 00 00 00 00 00 11
  can0  103   [8]  00 00 00 00 00 00 00 00
  can0  600   [8]  ED FF F0 FF FA 00 02 03
  can0  100   [8]  B9 E6 64 9C 64 9C 77 33
  can0  102   [8]  00 00 00 00 FF 00 00 00
  can0  110   [8]  00 00 00 00 00 00 00 00
  can0  111   [8]  CE 0D 02 00 00 00 00 00
  can0  112   [8]  03 03 77 77 04 04 04 04
  can0  113   [8]  06 45 0A 00 83 5E 0A 00
  can0  114   [8]  00 00 00 00 00 00 80 00
  can0  115   [8]  00 00 00 00 00 00 00 00
  can0  116   [8]  00 08 00 08 00 00 00 00
  can0  601   [6]  0A 00 FB FF 82 01
  can0  610   [8]  85 EB 39 BF 0A D7 93 BE
  can0  611   [4]  8F C2 A5 3E
  can0  630   [1]  F0
  can0  101   [8]  2D 70 00 00 00 00 00 11
  can0  103   [8]  00 00 00 00 00 00 00 00
  can0  100   [8]  E4 E7 64 9C 64 9C 77 33
  can0  102   [8]  00 00 00 00 FF 00 00 00
  can0  110   [8]  00 00 00 00 00 00 00 00
  can0  111   [8]  CF 0D 02 00 00 00 00 00
  can0  112   [8]  03 03 77 77 04 04 04 04
  can0  113   [8]  0B 45 0A 00 88 5E 0A 00
  can0  114   [8]  00 00 00 00 00 00 80 00
  can0  115   [8]  00 00 00 00 00 00 00 00
  can0  116   [8]  00 08 00 08 00 00 00 00
  can0  101   [8]  70 71 00 00 00 00 00 11
  can0  103   [8]  00 00 00 00 00 00 00 00
  can0  100   [8]  B8 E8 64 9C 64 9C 77 33
  can0  102   [8]  00 00 00 00 FF 00 00 00
  can0  110   [8]  00 00 00 00 00 00 00 00
  can0  111   [8]  D0 0D 02 00 00 00 00 00
  can0  112   [8]  03 03 77 77 04 04 04 04
  can0  113   [8]  10 45 0A 00 8D 5E 0A 00
  can0  114   [8]  00 00 00 00 00 00 80 00
  can0  115   [8]  00 00 00 00 00 00 00 00
  can0  116   [8]  00 08 00 08 00 00 00 00
  can0  101   [8]  97 72 00 00 00 00 00 11
  can0  103   [8]  00 00 00 00 00 00 00 00
  can0  100   [8]  E5 E9 64 9C 64 9C 77 33
  can0  102   [8]  00 00 00 00 FF 00 00 00
  can0  110   [8]  00 00 00 00 00 00 00 00
  can0  111   [8]  D1 0D 02 00 00 00 00 00
  can0  112   [8]  03 03 77 77 04 04 04 04
  can0  113   [8]  15 45 0A 00 92 5E 0A 00
  can0  114   [8]  00 00 00 00 00 00 80 00
  can0  115   [8]  00 00 00 00 00 00 00 00
  can0  116   [8]  00 08 00 08 00 00 00 00
  can0  101   [8]  CA 73 00 00 00 00 00 11
  can0  103   [8]  00 00 00 00 00 00 00 00
  can0  100   [8]  02 EA 64 9C 64 9C 77 33
  can0  102   [8]  00 00 00 00 FF 00 00 00
  can0  110   [8]  00 00 00 00 00 00 00 00
  can0  111   [8]  D2 0D 02 00 00 00 00 00
  can0  112   [8]  03 03 77 77 04 04 04 04
  can0  113   [8]  1A 45 0A 00 97 5E 0A 00
  can0  114   [8]  00 00 00 00 00 00 80 00
  can0  115   [8]  00 00 00 00 00 00 00 00
  can0  116   [8]  00 08 00 08 00 00 00 00
  can0  101   [8]  44 74 00 00 00 00 00 11
  can0  103   [8]  00 00 00 00 00 00 00 00
  can0  630   [1]  F0
  can0  100   [8]  5F EB 64 9C 64 9C 77 33
  can0  102   [8]  00 00 00 00 FF 00 00 00
  can0  110   [8]  00 00 00 00 00 00 00 00
  can0  111   [8]  D3 0D 02 00 00 00 00 00
  can0  112   [8]  03 03 77 77 04 04 04 04
  can0  113   [8]  1F 45 0A 00 9C 5E 0A 00
  can0  114   [8]  00 00 00 00 00 00 80 00
  can0  115   [8]  00 00 00 00 00 00 00 00
  can0  116   [8]  00 08 00 08 00 00 00 00
  can0  101   [8]  19 75 00 00 00 00 00 11
  can0  103   [8]  00 00 00 00 00 00 00 00
  can0  100   [8]  D1 EC 64 9C 64 9C 77 33
  can0  102   [8]  00 00 00 00 FF 00 00 00
  can0  110   [8]  00 00 00 00 00 00 00 00
  can0  111   [8]  D4 0D 02 00 00 00 00 00
  can0  112   [8]  03 03 77 77 04 04 04 04
  can0  113   [8]  24 45 0A 00 A1 5E 0A 00
  can0  114   [8]  00 00 00 00 00 00 80 00
  can0  115   [8]  00 00 00 00 00 00 00 00
  can0  116   [8]  00 08 00 08 00 00 00 00
  can0  101   [8]  FE 76 00 00 00 00 00 11
  can0  103   [8]  00 00 00 00 00 00 00 00
  can0  100   [8]  8C ED 64 9C 64 9C 77 33
  can0  102   [8]  00 00 00 00 FF 00 00 00
  can0  110   [8]  00 00 00 00 00 00 00 00
  can0  111   [8]  D5 0D 02 00 00 00 00 00
  can0  112   [8]  03 03 77 77 04 04 04 04
  can0  113   [8]  29 45 0A 00 A6 5E 0A 00
  can0  114   [8]  00 00 00 00 00 00 80 00
  can0  115   [8]  00 00 00 00 00 00 00 00
  can0  116   [8]  00 08 00 08 00 00 00 00
  can0  101   [8]  A3 77 00 00 00 00 00 11
  can0  103   [8]  00 00 00 00 00 00 00 00
  can0  620   [3]  02 00 01
  can0  621   [8]  00 00 00 00 00 00 00 00
  can0  100   [8]  6B EE 64 9C 64 9C 77 33
  can0  102   [8]  00 00 00 00 FF 00 00 00
  can0  110   [8]  00 00 00 00 00 00 00 00
  can0  111   [8]  D6 0D 02 00 00 00 00 00
  can0  112   [8]  03 03 77 77 04 04 04 04
  can0  113   [8]  2E 45 0A 00 AB 5E 0A 00
  can0  114   [8]  00 00 00 00 00 00 80 00
  can0  115   [8]  00 00 00 00 00 00 00 00
  can0  116   [8]  00 08 00 08 00 00 00 00
  can0  622   [7]  00 00 00 00 00 00 00
  can0  623   [7]  00 00 00 00 00 00 00
  can0  624   [4]  00 00 00 00
  can0  101   [8]  FF 78 00 00 00 00 00 11
  can0  625   [8]  E1 FA C7 42 E1 FA C7 42
  can0  626   [4]  E1 FA C7 42
  can0  627   [6]  00 00 00 00 00 00
  can0  103   [8]  00 00 00 00 00 00 00 00
  can0  100   [8]  36 EF 64 9C 64 9C 77 33
  can0  102   [8]  00 00 00 00 FF 00 00 00
  can0  110   [8]  00 00 00 00 00 00 00 00
  can0  111   [8]  D7 0D 02 00 00 00 00 00
  can0  112   [8]  03 03 77 77 04 04 04 04
  can0  113   [8]  33 45 0A 00 B0 5E 0A 00
  can0  114   [8]  00 00 00 00 00 00 80 00
  can0  115   [8]  00 00 00 00 00 00 00 00
  can0  116   [8]  00 08 00 08 00 00 00 00
  can0  101   [8]  A2 79 00 00 00 00 00 11
  can0  103   [8]  00 00 00 00 00 00 00 00
  can0  610   [8]  66 66 06 BF 48 E1 7A BD
  can0  100   [8]  D3 F0 64 9C 64 9C 77 33
  can0  102   [8]  00 00 00 00 FF 00 00 00
  can0  110   [8]  00 00 00 00 00 00 00 00
  can0  111   [8]  D8 0D 02 00 00 00 00 00
  can0  112   [8]  03 03 77 77 04 04 04 04
  can0  113   [8]  38 45 0A 00 B5 5E 0A 00
  can0  114   [8]  00 00 00 00 00 00 80 00
  can0  115   [8]  00 00 00 00 00 00 00 00
  can0  116   [8]  00 08 00 08 00 00 00 00
  can0  611   [4]  52 B8 AE 3E
  can0  630   [1]  F0
  can0  101   [8]  45 7A 00 00 00 00 00 11
  can0  103   [8]  00 00 00 00 00 00 00 00
  can0  100   [8]  8E F1 64 9C 64 9C 77 33
  can0  102   [8]  00 00 00 00 FF 00 00 00
  can0  110   [8]  00 00 00 00 00 00 00 00
  can0  111   [8]  D9 0D 02 00 00 00 00 00
  can0  112   [8]  03 03 77 77 04 04 04 04
  can0  113   [8]  3D 45 0A 00 BA 5E 0A 00
  can0  114   [8]  00 00 00 00 00 00 80 00
  can0  115   [8]  00 00 00 00 00 00 00 00
  can0  116   [8]  00 08 00 08 00 00 00 00
  can0  101   [8]  18 7B 00 00 00 00 00 11
  can0  103   [8]  00 00 00 00 00 00 00 00
  can0  100   [8]  69 F2 64 9C 64 9C 77 33
  can0  102   [8]  00 00 00 00 FF 00 00 00
  can0  110   [8]  00 00 00 00 00 00 00 00
  can0  111   [8]  DA 0D 02 00 00 00 00 00
  can0  112   [8]  03 03 77 77 04 04 04 04
  can0  113   [8]  42 45 0A 00 BF 5E 0A 00
  can0  114   [8]  00 00 00 00 00 00 80 00
  can0  115   [8]  00 00 00 00 00 00 00 00
  can0  116   [8]  00 08 00 08 00 00 00 00
  can0  101   [8]  96 7C 00 00 00 00 00 11
  can0  103   [8]  00 00 00 00 00 00 00 00
  can0  100   [8]  34 F3 64 9C 64 9C 77 33
  can0  102   [8]  00 00 00 00 FF 00 00 00
  can0  110   [8]  00 00 00 00 00 00 00 00
  can0  111   [8]  DB 0D 02 00 00 00 00 00
  can0  112   [8]  03 03 77 77 04 04 04 04
  can0  113   [8]  47 45 0A 00 C4 5E 0A 00
  can0  114   [8]  00 00 00 00 00 00 80 00
  can0  115   [8]  00 00 00 00 00 00 00 00
  can0  116   [8]  00 08 00 08 00 00 00 00
  can0  101   [8]  CB 7D 00 00 00 00 00 11
  can0  103   [8]  00 00 00 00 00 00 00 00
  can0  100   [8]  BA F4 64 9C 64 9C 77 33
  can0  102   [8]  00 00 00 00 FF 00 00 00
  can0  110   [8]  00 00 00 00 00 00 00 00
  can0  111   [8]  DC 0D 02 00 00 00 00 00
  can0  112   [8]  03 03 77 77 04 04 04 04
  can0  113   [8]  4C 45 0A 00 C9 5E 0A 00
  can0  114   [8]  00 00 00 00 00 00 80 00
  can0  115   [8]  00 00 00 00 00 00 00 00
  can0  116   [8]  00 08 00 08 00 00 00 00
  can0  101   [8]  2C 7E 00 00 00 00 00 11
  can0  103   [8]  00 00 00 00 00 00 00 00
  can0  600   [8]  ED FF F0 FF FA 00 02 03
  can0  100   [8]  E7 F5 64 9C 64 9C 77 33
  can0  102   [8]  00 00 00 00 FF 00 00 00
  can0  110   [8]  00 00 00 00 00 00 00 00
  can0  111   [8]  DD 0D 02 00 00 00 00 00
  can0  112   [8]  03 03 77 77 04 04 04 04
  can0  113   [8]  51 45 0A 00 CE 5E 0A 00
  can0  114   [8]  00 00 00 00 00 00 80 00
  can0  115   [8]  00 00 00 00 00 00 00 00
  can0  116   [8]  00 08 00 08 00 00 00 00
  can0  601   [6]  0A 00 FB FF 82 01
  can0  630   [1]  F0
  can0  101   [8]  71 7F 00 00 00 00 00 11
  can0  103   [8]  00 00 00 00 00 00 00 00
  can0  100   [8]  00 F6 64 9C 64 9C 77 33
  can0  102   [8]  00 00 00 00 FF 00 00 00
  can0  110   [8]  00 00 00 00 00 00 00 00
  can0  111   [8]  DE 0D 02 00 00 00 00 00
  can0  112   [8]  03 03 77 77 04 04 04 04
  can0  113   [8]  56 45 0A 00 D3 5E 0A 00
  can0  114   [8]  00 00 00 00 00 00 80 00
  can0  115   [8]  00 00 00 00 00 00 00 00
  can0  116   [8]  00 08 00 08 00 00 00 00
  can0  101   [8]  84 80 00 00 00 00 00 11
  can0  103   [8]  00 00 00 00 00 00 00 00
  can0  100   [8]  5D F7 64 9C 64 9C 77 33
  can0  102   [8]  00 00 00 00 FF 00 00 00
  can0  110   [8]  00 00 00 00 00 00 00 00
  can0  111   [8]  DF 0D 02 00 00 00 00 00
  can0  112   [8]  03 03 77 77 04 04 04 04
  can0  113   [8]  5B 45 0A 00 D8 5E 0A 00
  can0  114   [8]  00 00 00 00 00 00 80 00
  can0  115   [8]  00 00 00 00 00 00 00 00
  can0  116   [8]  00 08 00 08 00 00 00 00
  can0  101   [8]  D9 81 00 00 00 00 00 11
  can0  103   [8]  00 00 00 00 00 00 00 00
  can0  100   [8]  01 F8 64 9C 64 9C 77 33
  can0  102   [8]  00 00 00 00 FF 00 00 00
  can0  110   [8]  00 00 00 00 00 00 00 00
  can0  111   [8]  E0 0D 02 00 00 00 00 00
  can0  112   [8]  03 03 77 77 04 04 04 04
  can0  113   [8]  60 45 0A 00 DD 5E 0A 00
  can0  114   [8]  00 00 00 00 00 00 80 00
  can0  115   [8]  00 00 00 00 00 00 00 00
  can0  116   [8]  00 08 00 08 00 00 00 00
  can0  101   [8]  3E 82 00 00 00 00 00 11
  can0  103   [8]  00 00 00 00 00 00 00 00
  can0  100   [8]  5C F9 64 9C 64 9C 77 33
  can0  102   [8]  00 00 00 00 FF 00 00 00
  can0  110   [8]  00 00 00 00 00 00 00 00
  can0  111   [8]  E1 0D 02 00 00 00 00 00
  can0  112   [8]  03 03 77 77 04 04 04 04
  can0  113   [8]  65 45 0A 00 E2 5E 0A 00
  can0  114   [8]  00 00 00 00 00 00 80 00
  can0  115   [8]  00 00 00 00 00 00 00 00
  can0  116   [8]  00 08 00 08 00 00 00 00
  can0  101   [8]  63 83 00 00 00 00 00 11
  can0  103   [8]  00 00 00 00 00 00 00 00
  can0  610   [8]  66 66 06 BF 48 E1 7A BD
  can0  100   [8]  BB FA 64 9C 64 9C 77 33
  can0  102   [8]  00 00 00 00 FF 00 00 00
  can0  110   [8]  00 00 00 00 00 00 00 00
  can0  111   [8]  E2 0D 02 00 00 00 00 00
  can0  112   [8]  03 03 77 77 04 04 04 04
  can0  113   [8]  6A 45 0A 00 E7 5E 0A 00
  can0  114   [8]  00 00 00 00 00 00 80 00
  can0  115   [8]  00 00 00 00 00 00 00 00
  can0  116   [8]  00 08 00 08 00 00 00 00
  can0  611   [4]  52 B8 AE 3E
  can0  630   [1]  F0
  can0  101   [8]  ED 84 00 00 00 00 00 11
  can0  103   [8]  00 00 00 00 00 00 00 00
  can0  100   [8]  E6 FB 64 9C 64 9C 77 33
  can0  102   [8]  00 00 00 00 FF 00 00 00
  can0  110   [8]  00 00 00 00 00 00 00 00
  can0  111   [8]  E3 0D 02 00 00 00 00 00
  can0  112   [8]  03 03 77 77 04 04 04 04
  can0  113   [8]  6F 45 0A 00 EC 5E 0A 00
  can0  114   [8]  00 00 00 00 00 00 80 00
  can0  115   [8]  00 00 00 00 00 00 00 00
  can0  116   [8]  00 08 00 08 00 00 00 00
  can0  101   [8]  B0 85 00 00 00 00 00 11
  can0  103   [8]  00 00 00 00 00 00 00 00
  can0  100   [8]  68 FC 64 9C 64 9C 77 33
  can0  102   [8]  00 00 00 00 FF 00 00 00
  can0  110   [8]  00 00 00 00 00 00 00 00
  can0  111   [8]  E4 0D 02 00 00 00 00 00
  can0  112   [8]  03 03 77 77 04 04 04 04
  can0  113   [8]  74 45 0A 00 F1 5E 0A 00
  can0  114   [8]  00 00 00 00 00 00 80 00
  can0  115   [8]  00 00 00 00 00 00 00 00
  can0  116   [8]  00 08 00 08 00 00 00 00
  can0  101   [8]  57 86 00 00 00 00 00 11
  can0  103   [8]  00 00 00 00 00 00 00 00
  can0  402   [8]  02 00 17 15 FF 2C 00 10
  can0  403   [8]  02 01 2C 12 3C 34 00 00
  can0  405   [8]  03 01 00 00 00 00 00 00
  can0  404   [8]  03 00 00 00 00 00 00 00
  can0  100   [8]  35 FD 64 9C 64 9C 77 33
  can0  102   [8]  00 00 00 00 FF 00 00 00
  can0  110   [8]  00 00 00 00 00 00 00 00
  can0  111   [8]  E5 0D 02 00 00 00 00 00
  can0  112   [8]  03 03 77 77 04 04 04 04
  can0  113   [8]  79 45 0A 00 F6 5E 0A 00
  can0  114   [8]  00 00 00 00 00 00 80 00
  can0  115   [8]  00 00 00 00 00 00 00 00
  can0  116   [8]  00 08 00 08 00 00 00 00
  can0  101   [8]  0A 87 00 00 00 00 00 11
  can0  103   [8]  00 00 00 00 00 00 00 00
  can0  100   [8]  D2 FE 64 9C 64 9C 77 33
  can0  102   [8]  00 00 00 00 FF 00 00 00
  can0  110   [8]  00 00 00 00 00 00 00 00
  can0  111   [8]  E6 0D 02 00 00 00 00 00
  can0  112   [8]  03 03 77 77 04 04 04 04
  can0  113   [8]  7E 45 0A 00 FB 5E 0A 00
  can0  114   [8]  00 00 00 00 00 00 80 00
  can0  115   [8]  00 00 00 00 00 00 00 00
  can0  116   [8]  00 08 00 08 00 00 00 00
  can0  101   [8]  56 88 00 00 00 00 00 11
  can0  103   [8]  00 00 00 00 00 00 00 00
  can0  630   [1]  F0
  can0  100   [8]  8F FF 64 9C 64 9C 77 33
  can0  102   [8]  00 00 00 00 FF 00 00 00
  can0  110   [8]  00 00 00 00 00 00 00 00
  can0  111   [8]  E7 0D 02 00 00 00 00 00
  can0  112   [8]  03 03 77 77 04 04 04 04
  can0  113   [8]  83 45 0A 00 00 5F 0A 00
  can0  114   [8]  00 00 00 00 00 00 80 00
  can0  115   [8]  00 00 00 00 00 00 00 00
  can0  116   [8]  00 08 00 08 00 00 00 00
  can0  101   [8]  0B 89 00 00 00 00 00 11
  can0  103   [8]  00 00 00 00 00 00 00 00
  can0  100   [8]  7A 00 64 9C 64 9C 77 33
  can0  102   [8]  00 00 00 00 FF 00 00 00
  can0  110   [8]  00 00 00 00 00 00 00 00
  can0  111   [8]  E8 0D 02 00 00 00 00 00
  can0  112   [8]  03 03 77 77 04 04 04 04
  can0  113   [8]  88 45 0A 00 05 5F 0A 00
  can0  114   [8]  00 00 00 00 00 00 80 00
  can0  115   [8]  00 00 00 00 00 00 00 00
  can0  116   [8]  00 08 00 08 00 00 00 00
  can0  101   [8]  EC 8A 00 00 00 00 00 11
  can0  103   [8]  00 00 00 00 00 00 00 00
  can0  100   [8]  27 01 64 9C 64 9C 77 33
  can0  102   [8]  00 00 00 00 FF 00 00 00
  can0  110   [8]  00 00 00 00 00 00 00 00
  can0  111   [8]  E9 0D 02 00 00 00 00 00
  can0  112   [8]  03 03 77 77 04 04 04 04
  can0  113   [8]  8D 45 0A 00 0A 5F 0A 00
  can0  114   [8]  00 00 00 00 00 00 80 00
  can0  115   [8]  00 00 00 00 00 00 00 00
  can0  116   [8]  00 08 00 08 00 00 00 00
  can0  101   [8]  B1 8B 00 00 00 00 00 11
  can0  103   [8]  00 00 00 00 00 00 00 00
  can0  620   [3]  02 00 01
  can0  621   [8]  00 00 00 00 00 00 00 00
  can0  100   [8]  C0 02 64 9C 64 9C 77 33
  can0  102   [8]  00 00 00 00 FF 00 00 00
  can0  110   [8]  00 00 00 00 00 00 00 00
  can0  111   [8]  EA 0D 02 00 00 00 00 00
  can0  112   [8]  03 03 77 77 04 04 04 04
  can0  113   [8]  92 45 0A 00 0F 5F 0A 00
  can0  114   [8]  00 00 00 00 00 00 80 00
  can0  115   [8]  00 00 00 00 00 00 00 00
  can0  116   [8]  00 08 00 08 00 00 00 00
  can0  622   [7]  00 00 00 00 00 00 00
  can0  623   [7]  00 00 00 00 00 00 00
  can0  624   [4]  00 00 00 00
  can0  101   [8]  3F 8C 00 00 00 00 00 11
  can0  103   [8]  00 00 00 00 00 00 00 00
  can0  625   [8]  E1 FA C7 42 E1 FA C7 42
  can0  626   [4]  E1 FA C7 42
  can0  627   [6]  00 00 00 00 00 00
  can0  100   [8]  9D 03 64 9C 64 9C 77 33
  can0  102   [8]  00 00 00 00 FF 00 00 00
  can0  110   [8]  00 00 00 00 00 00 00 00
  can0  111   [8]  EB 0D 02 00 00 00 00 00
  can0  112   [8]  03 03 77 77 04 04 04 04
  can0  113   [8]  97 45 0A 00 14 5F 0A 00
  can0  114   [8]  00 00 00 00 00 00 80 00
  can0  115   [8]  00 00 00 00 00 00 00 00
  can0  116   [8]  00 08 00 08 00 00 00 00
  can0  101   [8]  62 8D 00 00 00 00 00 11
  can0  103   [8]  00 00 00 00 00 00 00 00
  can0  600   [8]  EC FF F0 FF FB 00 02 03
  can0  100   [8]  13 04 64 9C 64 9C 77 33
  can0  102   [8]  00 00 00 00 FF 00 00 00
  can0  110   [8]  00 00 00 00 00 00 00 00
  can0  111   [8]  EC 0D 02 00 00 00 00 00
  can0  112   [8]  03 03 77 77 04 04 04 04
  can0  113   [8]  9C 45 0A 00 19 5F 0A 00
  can0  114   [8]  00 00 00 00 00 00 80 00
  can0  115   [8]  00 00 00 00 00 00 00 00
  can0  116   [8]  00 08 00 08 00 00 00 00
  can0  601   [6]  11 00 FB FF 82 01
  can0  610   [8]  1F 85 23 BF 3E 0A 57 BD
  can0  611   [4]  F6 28 BC 3E
  can0  630   [1]  F0
  can0  101   [8]  85 8E 00 00 00 00 00 11
  can0  103   [8]  00 00 00 00 00 00 00 00
  can0  100   [8]  4E 05 64 9C 64 9C 77 33
  can0  102   [8]  00 00 00 00 FF 00 00 00
  can0  110   [8]  00 00 00 00 00 00 00 00
  can0  111   [8]  EC 0D 02 00 00 00 00 00
  can0  112   [8]  03 03 77 77 04 04 04 04
  can0  113   [8]  9C 45 0A 00 1E 5F 0A 00
  can0  114   [8]  00 00 00 00 00 00 80 00
  can0  115   [8]  00 00 00 00 00 00 00 00
  can0  116   [8]  00 08 00 08 00 00 00 00
  can0  101   [8]  D8 8F 00 00 00 00 00 11
  can0  103   [8]  00 00 00 00 00 00 00 00
  can0  100   [8]  A9 06 64 9C 64 9C 77 33
  can0  102   [8]  00 00 00 00 FF 00 00 00
  can0  110   [8]  00 00 00 00 00 00 00 00
  can0  111   [8]  ED 0D 02 00 00 00 00 00
  can0  112   [8]  03 03 77 77 04 04 04 04
  can0  113   [8]  A1 45 0A 00 23 5F 0A 00
  can0  114   [8]  00 00 00 00 00 00 80 00
  can0  115   [8]  00 00 00 00 00 00 00 00
  can0  116   [8]  00 08 00 08 00 00 00 00
  can0  101   [8]  3D 90 00 00 00 00 00 11
  can0  103   [8]  00 00 00 00 00 00 00 00
  can0  100   [8]  F4 07 64 9C 64 9C 77 33
  can0  102   [8]  00 00 00 00 FF 00 00 00
  can0  110   [8]  00 00 00 00 00 00 00 00
  can0  111   [8]  EF 0D 02 00 00 00 00 00
  can0  112   [8]  03 03 77 77 04 04 04 04
  can0  113   [8]  AB 45 0A 00 28 5F 0A 00
  can0  114   [8]  00 00 00 00 00 00 80 00
  can0  115   [8]  00 00 00 00 00 00 00 00
  can0  116   [8]  00 08 00 08 00 00 00 00
  can0  101   [8]  60 91 00 00 00 00 00 11
  can0  103   [8]  00 00 00 00 00 00 00 00
  can0  100   [8]  A8 08 64 9C 64 9C 77 33
  can0  102   [8]  00 00 00 00 FF 00 00 00
  can0  110   [8]  00 00 00 00 00 00 00 00
  can0  111   [8]  F0 0D 02 00 00 00 00 00
  can0  112   [8]  03 03 77 77 04 04 04 04
  can0  113   [8]  B0 45 0A 00 2D 5F 0A 00
  can0  114   [8]  00 00 00 00 00 00 80 00
  can0  115   [8]  00 00 00 00 00 00 00 00
  can0  116   [8]  00 08 00 08 00 00 00 00
  can0  101   [8]  87 92 00 00 00 00 00 11
  can0  103   [8]  00 00 00 00 00 00 00 00
  can0  630   [1]  F0
  can0  100   [8]  F5 09 64 9C 64 9C 77 33
  can0  102   [8]  00 00 00 00 FF 00 00 00
  can0  110   [8]  00 00 00 00 00 00 00 00
  can0  111   [8]  F1 0D 02 00 00 00 00 00
  can0  112   [8]  03 03 77 77 04 04 04 04
  can0  113   [8]  B5 45 0A 00 32 5F 0A 00
  can0  114   [8]  00 00 00 00 00 00 80 00
  can0  115   [8]  00 00 00 00 00 00 00 00
  can0  116   [8]  00 08 00 08 00 00 00 00
  can0  101   [8]  DA 93 00 00 00 00 00 11
  can0  103   [8]  00 00 00 00 00 00 00 00
  can0  100   [8]  12 0A 64 9C 64 9C 77 33
  can0  102   [8]  00 00 00 00 FF 00 00 00
  can0  110   [8]  00 00 00 00 00 00 00 00
  can0  111   [8]  F2 0D 02 00 00 00 00 00
  can0  112   [8]  03 03 77 77 04 04 04 04
  can0  113   [8]  BA 45 0A 00 37 5F 0A 00
  can0  114   [8]  00 00 00 00 00 00 80 00
  can0  115   [8]  00 00 00 00 00 00 00 00
  can0  116   [8]  00 08 00 08 00 00 00 00
  can0  101   [8]  54 94 00 00 00 00 00 11
  can0  103   [8]  00 00 00 00 00 00 00 00
  can0  100   [8]  4F 0B 64 9C 64 9C 77 33
  can0  102   [8]  00 00 00 00 FF 00 00 00
  can0  110   [8]  00 00 00 00 00 00 00 00
  can0  111   [8]  F3 0D 02 00 00 00 00 00
  can0  112   [8]  03 03 77 77 04 04 04 04
  can0  113   [8]  BF 45 0A 00 3C 5F 0A 00
  can0  114   [8]  00 00 00 00 00 00 80 00
  can0  115   [8]  00 00 00 00 00 00 00 00
  can0  116   [8]  00 08 00 08 00 00 00 00
  can0  101   [8]  09 95 00 00 00 00 00 11
  can0  103   [8]  00 00 00 00 00 00 00 00
  can0  100   [8]  C1 0C 64 9C 64 9C 77 33
  can0  102   [8]  00 00 00 00 FF 00 00 00
  can0  110   [8]  00 00 00 00 00 00 00 00
  can0  111   [8]  F4 0D 02 00 00 00 00 00
  can0  112   [8]  03 03 77 77 04 04 04 04
  can0  113   [8]  C4 45 0A 00 41 5F 0A 00
  can0  114   [8]  00 00 00 00 00 00 80 00
  can0  115   [8]  00 00 00 00 00 00 00 00
  can0  116   [8]  00 08 00 08 00 00 00 00
  can0  101   [8]  EE 96 00 00 00 00 00 11
  can0  103   [8]  00 00 00 00 00 00 00 00
  can0  100   [8]  9C 0D 64 9C 64 9C 77 33
  can0  102   [8]  00 00 00 00 FF 00 00 00
  can0  110   [8]  00 00 00 00 00 00 00 00
  can0  111   [8]  F4 0D 02 00 00 00 00 00
  can0  112   [8]  03 03 77 77 04 04 04 04
  can0  113   [8]  C4 45 0A 00 46 5F 0A 00
  can0  114   [8]  00 00 00 00 00 00 80 00
  can0  115   [8]  00 00 00 00 00 00 00 00
  can0  116   [8]  00 08 00 08 00 00 00 00
  can0  101   [8]  B3 97 00 00 00 00 00 11
  can0  103   [8]  00 00 00 00 00 00 00 00
  can0  610   [8]  1F 85 23 BF 3E 0A 57 BD
  can0  100   [8]  7B 0E 64 9C 64 9C 77 33
  can0  102   [8]  00 00 00 00 FF 00 00 00
  can0  110   [8]  00 00 00 00 00 00 00 00
  can0  111   [8]  F6 0D 02 00 00 00 00 00
  can0  112   [8]  03 03 77 77 04 04 04 04
  can0  113   [8]  CE 45 0A 00 4B 5F 0A 00
  can0  114   [8]  00 00 00 00 00 00 80 00
  can0  115   [8]  00 00 00 00 00 00 00 00
  can0  116   [8]  00 08 00 08 00 00 00 00
  can0  611   [4]  F6 28 BC 3E
  can0  630   [1]  F0
  can0  101   [8]  EF 98 00 00 00 00 00 11
  can0  103   [8]  00 00 00 00 00 00 00 00
  can0  100   [8]  26 0F 64 9C 64 9C 77 33
  can0  102   [8]  00 00 00 00 FF 00 00 00
  can0  110   [8]  00 00 00 00 00 00 00 00
  can0  111   [8]  F7 0D 02 00 00 00 00 00
  can0  112   [8]  03 03 77 77 04 04 04 04
  can0  113   [8]  D3 45 0A 00 50 5F 0A 00
  can0  114   [8]  00 00 00 00 00 00 80 00
  can0  115   [8]  00 00 00 00 00 00 00 00
  can0  116   [8]  00 08 00 08 00 00 00 00
  can0  101   [8]  B2 99 00 00 00 00 00 11
  can0  103   [8]  00 00 00 00 00 00 00 00
  can0  100   [8]  C3 10 64 9C 64 9C 77 33
  can0  102   [8]  00 00 00 00 FF 00 00 00
  can0  110   [8]  00 00 00 00 00 00 00 00
  can0  111   [8]  F8 0D 02 00 00 00 00 00
  can0  112   [8]  03 03 77 77 04 04 04 04
  can0  113   [8]  D8 45 0A 00 55 5F 0A 00
  can0  114   [8]  00 00 00 00 00 00 80 00
  can0  115   [8]  00 00 00 00 00 00 00 00
  can0  116   [8]  00 08 00 08 00 00 00 00
  can0  101   [8]  55 9A 00 00 00 00 00 11
  can0  103   [8]  00 00 00 00 00 00 00 00
  can0  100   [8]  9E 11 64 9C 64 9C 77 33
  can0  102   [8]  00 00 00 00 FF 00 00 00
  can0  110   [8]  00 00 00 00 00 00 00 00
  can0  111   [8]  F9 0D 02 00 00 00 00 00
  can0  112   [8]  03 03 77 77 04 04 04 04
  can0  113   [8]  DD 45 0A 00 5A 5F 0A 00
  can0  114   [8]  00 00 00 00 00 00 80 00
  can0  115   [8]  00 00 00 00 00 00 00 00
  can0  116   [8]  00 08 00 08 00 00 00 00
  can0  101   [8]  08 9B 00 00 00 00 00 11
  can0  103   [8]  00 00 00 00 00 00 00 00
  can0  100   [8]  79 12 64 9C 64 9C 77 33
  can0  102   [8]  00 00 00 00 FF 00 00 00
  can0  110   [8]  00 00 00 00 00 00 00 00
  can0  111   [8]  FA 0D 02 00 00 00 00 00
  can0  112   [8]  03 03 77 77 04 04 04 04
  can0  113   [8]  E2 45 0A 00 5F 5F 0A 00
  can0  114   [8]  00 00 00 00 00 00 80 00
  can0  115   [8]  00 00 00 00 00 00 00 00
  can0  116   [8]  00 08 00 08 00 00 00 00
  can0  101   [8]  86 9C 00 00 00 00 00 11
  can0  103   [8]  00 00 00 00 00 00 00 00
  can0  600   [8]  EC FF F0 FF FD 00 02 03
  can0  601   [6]  15 00 F8 FF 84 01
  can0  630   [1]  F0
  can0  100   [8]  24 13 64 9C 64 9C 77 33
  can0  102   [8]  00 00 00 00 FF 00 00 00
  can0  110   [8]  00 00 00 00 00 00 00 00
  can0  111   [8]  FB 0D 02 00 00 00 00 00
  can0  112   [8]  03 03 77 77 04 04 04 04
  can0  113   [8]  E7 45 0A 00 64 5F 0A 00
  can0  114   [8]  00 00 00 00 00 00 80 00
  can0  115   [8]  00 00 00 00 00 00 00 00
  can0  116   [8]  00 08 00 08 00 00 00 00
  can0  101   [8]  DB 9D 00 00 00 00 00 11
  can0  103   [8]  00 00 00 00 00 00 00 00
  can0  100   [8]  AA 14 64 9C 64 9C 77 33
  can0  102   [8]  00 00 00 00 FF 00 00 00
  can0  110   [8]  00 00 00 00 00 00 00 00
  can0  111   [8]  FC 0D 02 00 00 00 00 00
  can0  112   [8]  03 03 77 77 04 04 04 04
  can0  113   [8]  EC 45 0A 00 69 5F 0A 00
  can0  114   [8]  00 00 00 00 00 00 80 00
  can0  115   [8]  00 00 00 00 00 00 00 00
  can0  116   [8]  00 08 00 08 00 00 00 00
  can0  101   [8]  3C 9E 00 00 00 00 00 11
  can0  103   [8]  00 00 00 00 00 00 00 00
  can0  100   [8]  F7 15 64 9C 64 9C 77 33
  can0  102   [8]  00 00 00 00 FF 00 00 00
  can0  110   [8]  00 00 00 00 00 00 00 00
  can0  111   [8]  FD 0D 02 00 00 00 00 00
  can0  112   [8]  03 03 77 77 04 04 04 04
  can0  113   [8]  F1 45 0A 00 6E 5F 0A 00
  can0  114   [8]  00 00 00 00 00 00 80 00
  can0  115   [8]  00 00 00 00 00 00 00 00
  can0  116   [8]  00 08 00 08 00 00 00 00
  can0  101   [8]  61 9F 00 00 00 00 00 11
  can0  103   [8]  00 00 00 00 00 00 00 00
  can0  620   [3]  02 00 01
  can0  621   [8]  00 00 00 00 00 00 00 00
  can0  622   [7]  00 00 00 00 00 00 00
  can0  623   [7]  00 00 00 00 00 00 00
  can0  624   [4]  00 00 00 00
  can0  625   [8]  E1 FA C7 42 E1 FA C7 42
  can0  626   [4]  E1 FA C7 42
  can0  100   [8]  10 16 64 9C 64 9C 77 33
  can0  102   [8]  00 00 00 00 FF 00 00 00
  can0  110   [8]  00 00 00 00 00 00 00 00
  can0  111   [8]  FE 0D 02 00 00 00 00 00
  can0  112   [8]  03 03 77 77 04 04 04 04
  can0  113   [8]  F6 45 0A 00 73 5F 0A 00
  can0  114   [8]  00 00 00 00 00 00 80 00
  can0  115   [8]  00 00 00 00 00 00 00 00
  can0  101   [8]  EB A0 00 00 00 00 00 11
  can0  116   [8]  00 08 00 08 00 00 00 00
  can0  627   [6]  00 00 00 00 00 00
  can0  103   [8]  00 00 00 00 00 00 00 00
  can0  640   [8]  32 21 07 06 13 07 19 00
  can0  100   [8]  4D 17 64 9C 64 9C 77 33
  can0  102   [8]  00 00 00 00 FF 00 00 00
  can0  110   [8]  00 00 00 00 00 00 00 00
  can0  111   [8]  FE 0D 02 00 00 00 00 00
  can0  112   [8]  03 03 77 77 04 04 04 04
  can0  113   [8]  F6 45 0A 00 78 5F 0A 00
  can0  114   [8]  00 00 00 00 00 00 80 00
  can0  115   [8]  00 00 00 00 00 00 00 00
  can0  116   [8]  00 08 00 08 00 00 00 00
  can0  101   [8]  B6 A1 00 00 00 00 00 11
  can0  103   [8]  00 00 00 00 00 00 00 00
  can0  610   [8]  7B 14 16 BF 48 E1 8A BE
  can0  611   [4]  71 3D 2A 3E
  can0  630   [1]  F0
  can0  100   [8]  11 18 64 9C 64 9C 77 33
  can0  102   [8]  00 00 00 00 FF 00 00 00
  can0  110   [8]  00 00 00 00 00 00 00 00
  can0  111   [8]  FF 0D 02 00 00 00 00 00
  can0  112   [8]  03 03 77 77 04 04 04 04
  can0  113   [8]  FB 45 0A 00 7D 5F 0A 00
  can0  114   [8]  00 00 00 00 00 00 80 00
  can0  115   [8]  00 00 00 00 00 00 00 00
  can0  116   [8]  00 08 00 08 00 00 00 00
  can0  101   [8]  51 A2 00 00 00 00 00 11
  can0  103   [8]  00 00 00 00 00 00 00 00
  can0  100   [8]  4C 19 64 9C 64 9C 77 33
  can0  102   [8]  00 00 00 00 FF 00 00 00
  can0  110   [8]  00 00 00 00 00 00 00 00
  can0  111   [8]  00 0E 02 00 00 00 00 00
  can0  112   [8]  03 03 77 77 04 04 04 04
  can0  113   [8]  00 46 0A 00 82 5F 0A 00
  can0  114   [8]  00 00 00 00 00 00 80 00
  can0  115   [8]  00 00 00 00 00 00 00 00
  can0  116   [8]  00 08 00 08 00 00 00 00
  can0  101   [8]  0C A3 00 00 00 00 00 11
  can0  103   [8]  00 00 00 00 00 00 00 00
  can0  100   [8]  AB 1A 64 9C 64 9C 77 33
  can0  102   [8]  00 00 00 00 FF 00 00 00
  can0  110   [8]  00 00 00 00 00 00 00 00
  can0  111   [8]  02 0E 02 00 00 00 00 00
  can0  112   [8]  03 03 77 77 04 04 04 04
  can0  113   [8]  0A 46 0A 00 87 5F 0A 00
  can0  114   [8]  00 00 00 00 00 00 80 00
  can0  115   [8]  00 00 00 00 00 00 00 00
  can0  116   [8]  00 08 00 08 00 00 00 00
  can0  101   [8]  82 A4 00 00 00 00 00 11
  can0  103   [8]  00 00 00 00 00 00 00 00
  can0  100   [8]  F6 1B 64 9C 64 9C 77 33
  can0  102   [8]  00 00 00 00 FF 00 00 00
  can0  110   [8]  00 00 00 00 00 00 00 00
  can0  111   [8]  02 0E 02 00 00 00 00 00
  can0  112   [8]  03 03 77 77 04 04 04 04
  can0  113   [8]  0A 46 0A 00 8C 5F 0A 00
  can0  114   [8]  00 00 00 00 00 00 80 00
  can0  115   [8]  00 00 00 00 00 00 00 00
  can0  116   [8]  00 08 00 08 00 00 00 00
  can0  101   [8]  DF A5 00 00 00 00 00 11
  can0  103   [8]  00 00 00 00 00 00 00 00
  can0  100   [8]  78 1C 64 9C 64 9C 77 33
  can0  102   [8]  00 00 00 00 FF 00 00 00
  can0  110   [8]  00 00 00 00 00 00 00 00
  can0  111   [8]  03 0E 02 00 00 00 00 00
  can0  112   [8]  03 03 77 77 04 04 04 04
  can0  113   [8]  0F 46 0A 00 91 5F 0A 00
  can0  114   [8]  00 00 00 00 00 00 80 00
  can0  115   [8]  00 00 00 00 00 00 00 00
  can0  116   [8]  00 08 00 08 00 00 00 00
  can0  101   [8]  38 A6 00 00 00 00 00 11
  can0  103   [8]  00 00 00 00 00 00 00 00
  can0  630   [1]  F0
  can0  100   [8]  25 1D 64 9C 64 9C 77 33
  can0  102   [8]  00 00 00 00 FF 00 00 00
  can0  110   [8]  00 00 00 00 00 00 00 00
  can0  111   [8]  04 0E 02 00 00 00 00 00
  can0  112   [8]  03 03 77 77 04 04 04 04
  can0  113   [8]  14 46 0A 00 96 5F 0A 00
  can0  114   [8]  00 00 00 00 00 00 80 00
  can0  115   [8]  00 00 00 00 00 00 00 00
  can0  116   [8]  00 08 00 08 00 00 00 00
  can0  101   [8]  65 A7 00 00 00 00 00 11
  can0  103   [8]  00 00 00 00 00 00 00 00
  can0  100   [8]  C2 1E 64 9C 64 9C 77 33
  can0  102   [8]  00 00 00 00 FF 00 00 00
  can0  110   [8]  00 00 00 00 00 00 00 00
  can0  111   [8]  05 0E 02 00 00 00 00 00
  can0  112   [8]  03 03 77 77 04 04 04 04
  can0  113   [8]  19 46 0A 00 9B 5F 0A 00
  can0  114   [8]  00 00 00 00 00 00 80 00
  can0  115   [8]  00 00 00 00 00 00 00 00
  can0  116   [8]  00 08 00 08 00 00 00 00
  can0  101   [8]  39 A8 00 00 00 00 00 11
  can0  103   [8]  00 00 00 00 00 00 00 00
  can0  100   [8]  9F 1F 64 9C 64 9C 77 33
  can0  102   [8]  00 00 00 00 FF 00 00 00
  can0  110   [8]  00 00 00 00 00 00 00 00
  can0  111   [8]  06 0E 02 00 00 00 00 00
  can0  112   [8]  03 03 77 77 04 04 04 04
  can0  113   [8]  1E 46 0A 00 A0 5F 0A 00
  can0  114   [8]  00 00 00 00 00 00 80 00
  can0  115   [8]  00 00 00 00 00 00 00 00
  can0  116   [8]  00 08 00 08 00 00 00 00
  can0  101   [8]  64 A9 00 00 00 00 00 11
  can0  103   [8]  00 00 00 00 00 00 00 00
  can0  100   [8]  15 20 64 9C 64 9C 77 33
  can0  102   [8]  00 00 00 00 FF 00 00 00
  can0  110   [8]  00 00 00 00 00 00 00 00
  can0  111   [8]  07 0E 02 00 00 00 00 00
  can0  112   [8]  03 03 77 77 04 04 04 04
  can0  113   [8]  23 46 0A 00 A5 5F 0A 00
  can0  114   [8]  00 00 00 00 00 00 80 00
  can0  115   [8]  00 00 00 00 00 00 00 00
  can0  116   [8]  00 08 00 08 00 00 00 00
  can0  101   [8]  83 AA 00 00 00 00 00 11
  can0  103   [8]  00 00 00 00 00 00 00 00
  can0  100   [8]  48 21 64 9C 64 9C 77 33
  can0  102   [8]  00 00 00 00 FF 00 00 00
  can0  110   [8]  00 00 00 00 00 00 00 00
  can0  111   [8]  08 0E 02 00 00 00 00 00
  can0  112   [8]  03 03 77 77 04 04 04 04
  can0  113   [8]  28 46 0A 00 AA 5F 0A 00
  can0  114   [8]  00 00 00 00 00 00 80 00
  can0  115   [8]  00 00 00 00 00 00 00 00
  can0  116   [8]  00 08 00 08 00 00 00 00
  can0  101   [8]  DE AB 00 00 00 00 00 11
  can0  103   [8]  00 00 00 00 00 00 00 00
  can0  600   [8]  EC FF F0 FF FA 00 01 03
  can0  601   [6]  0F 00 FC FF 80 01
  can0  610   [8]  7B 14 16 BF 48 E1 8A BE
  can0  611   [4]  71 3D 2A 3E
  can0  630   [1]  F0
  can0  100   [8]  AF 22 64 9C 64 9C 77 33
  can0  102   [8]  00 00 00 00 FF 00 00 00
  can0  110   [8]  00 00 00 00 00 00 00 00
  can0  111   [8]  09 0E 02 00 00 00 00 00
  can0  112   [8]  03 03 77 77 04 04 04 04
  can0  113   [8]  2D 46 0A 00 AF 5F 0A 00
  can0  114   [8]  00 00 00 00 00 00 80 00
  can0  115   [8]  00 00 00 00 00 00 00 00
  can0  116   [8]  00 08 00 08 00 00 00 00
  can0  101   [8]  50 AC 00 00 00 00 00 11
  can0  103   [8]  00 00 00 00 00 00 00 00
  can0  100   [8]  F2 23 64 9C 64 9C 77 33
  can0  102   [8]  00 00 00 00 FF 00 00 00
  can0  110   [8]  00 00 00 00 00 00 00 00
  can0  111   [8]  0B 0E 02 00 00 00 00 00
  can0  112   [8]  03 03 77 77 04 04 04 04
  can0  113   [8]  37 46 0A 00 B4 5F 0A 00
  can0  114   [8]  00 00 00 00 00 00 80 00
  can0  115   [8]  00 00 00 00 00 00 00 00
  can0  116   [8]  00 08 00 08 00 00 00 00
  can0  101   [8]  0D AD 00 00 00 00 00 11
  can0  103   [8]  00 00 00 00 00 00 00 00
  can0  100   [8]  7C 24 64 9C 64 9C 77 33
  can0  102   [8]  00 00 00 00 FF 00 00 00
  can0  110   [8]  00 00 00 00 00 00 00 00
  can0  111   [8]  0B 0E 02 00 00 00 00 00
  can0  112   [8]  03 03 77 77 04 04 04 04
  can0  113   [8]  37 46 0A 00 B9 5F 0A 00
  can0  114   [8]  00 00 00 00 00 00 80 00
  can0  115   [8]  00 00 00 00 00 00 00 00
  can0  116   [8]  00 08 00 08 00 00 00 00
  can0  101   [8]  EA AE 00 00 00 00 00 11
  can0  103   [8]  00 00 00 00 00 00 00 00
  can0  405   [8]  03 01 00 00 00 00 00 00
  can0  404   [8]  03 00 00 00 00 00 00 00
  can0  403   [8]  02 01 2C 12 3C 34 00 00
  can0  402   [8]  02 00 17 15 FF 2C 00 10
  can0  100   [8]  21 25 64 9C 64 9C 77 33
  can0  102   [8]  00 00 00 00 FF 00 00 00
  can0  110   [8]  00 00 00 00 00 00 00 00
  can0  111   [8]  0C 0E 02 00 00 00 00 00
  can0  112   [8]  03 03 77 77 04 04 04 04
  can0  113   [8]  3C 46 0A 00 BE 5F 0A 00
  can0  114   [8]  00 00 00 00 00 00 80 00
  can0  115   [8]  00 00 00 00 00 00 00 00
  can0  116   [8]  00 08 00 08 00 00 00 00
  can0  101   [8]  B7 AF 00 00 00 00 00 11
  can0  103   [8]  00 00 00 00 00 00 00 00
  can0  100   [8]  C6 26 64 9C 64 9C 77 33
  can0  102   [8]  00 00 00 00 FF 00 00 00
  can0  110   [8]  00 00 00 00 00 00 00 00
  can0  111   [8]  0D 0E 02 00 00 00 00 00
  can0  112   [8]  03 03 77 77 04 04 04 04
  can0  113   [8]  41 46 0A 00 C3 5F 0A 00
  can0  114   [8]  00 00 00 00 00 00 80 00
  can0  115   [8]  00 00 00 00 00 00 00 00
  can0  116   [8]  00 08 00 08 00 00 00 00
  can0  101   [8]  52 B0 00 00 00 00 00 11
  can0  103   [8]  00 00 00 00 00 00 00 00
  can0  630   [1]  F0
  can0  100   [8]  9B 27 64 9C 64 9C 77 33
  can0  102   [8]  00 00 00 00 FF 00 00 00
  can0  110   [8]  00 00 00 00 00 00 00 00
  can0  111   [8]  0E 0E 02 00 00 00 00 00
  can0  112   [8]  03 03 77 77 04 04 04 04
  can0  113   [8]  46 46 0A 00 C8 5F 0A 00
  can0  114   [8]  00 00 00 00 00 00 80 00
  can0  115   [8]  00 00 00 00 00 00 00 00
  can0  116   [8]  00 08 00 08 00 00 00 00
  can0  101   [8]  0F B1 00 00 00 00 00 11
  can0  103   [8]  00 00 00 00 00 00 00 00
  can0  100   [8]  C7 28 64 9C 64 9C 77 33
  can0  102   [8]  00 00 00 00 FF 00 00 00
  can0  110   [8]  00 00 00 00 00 00 00 00
  can0  111   [8]  0F 0E 02 00 00 00 00 00
  can0  112   [8]  03 03 77 77 04 04 04 04
  can0  113   [8]  4B 46 0A 00 CD 5F 0A 00
  can0  114   [8]  00 00 00 00 00 00 80 00
  can0  115   [8]  00 00 00 00 00 00 00 00
  can0  116   [8]  00 08 00 08 00 00 00 00
  can0  101   [8]  E8 B2 00 00 00 00 00 11
  can0  103   [8]  00 00 00 00 00 00 00 00
  can0  100   [8]  9A 29 64 9C 64 9C 77 33
  can0  102   [8]  00 00 00 00 FF 00 00 00
  can0  110   [8]  00 00 00 00 00 00 00 00
  can0  111   [8]  10 0E 02 00 00 00 00 00
  can0  112   [8]  03 03 77 77 04 04 04 04
  can0  113   [8]  50 46 0A 00 D2 5F 0A 00
  can0  114   [8]  00 00 00 00 00 00 80 00
  can0  115   [8]  00 00 00 00 00 00 00 00
  can0  116   [8]  00 08 00 08 00 00 00 00
  can0  101   [8]  B5 B3 00 00 00 00 00 11
  can0  103   [8]  00 00 00 00 00 00 00 00
  can0  620   [3]  02 00 01
  can0  621   [8]  00 00 00 00 00 00 00 00
  can0  622   [7]  00 00 00 00 00 00 00
  can0  623   [7]  00 00 00 00 00 00 00
  can0  624   [4]  00 00 00 00
  can0  625   [8]  E1 FA C7 42 E1 FA C7 42
  can0  626   [4]  E1 FA C7 42
  can0  627   [6]  00 00 00 00 00 00
  can0  100   [8]  7D 2A 64 9C 64 9C 77 33
  can0  102   [8]  00 00 00 00 FF 00 00 00
  can0  110   [8]  00 00 00 00 00 00 00 00
  can0  111   [8]  11 0E 02 00 00 00 00 00
  can0  112   [8]  03 03 77 77 04 04 04 04
  can0  113   [8]  55 46 0A 00 D7 5F 0A 00
  can0  114   [8]  00 00 00 00 00 00 80 00
  can0  115   [8]  00 00 00 00 00 00 00 00
  can0  116   [8]  00 08 00 08 00 00 00 00
  can0  101   [8]  3B B4 00 00 00 00 00 11
  can0  103   [8]  00 00 00 00 00 00 00 00
  can0  100   [8]  20 2B 64 9C 64 9C 77 33
  can0  102   [8]  00 00 00 00 FF 00 00 00
  can0  110   [8]  00 00 00 00 00 00 00 00
  can0  111   [8]  12 0E 02 00 00 00 00 00
  can0  112   [8]  03 03 77 77 04 04 04 04
  can0  113   [8]  5A 46 0A 00 DC 5F 0A 00
  can0  114   [8]  00 00 00 00 00 00 80 00
  can0  115   [8]  00 00 00 00 00 00 00 00
  can0  116   [8]  00 08 00 08 00 00 00 00
  can0  101   [8]  66 B5 00 00 00 00 00 11
  can0  103   [8]  00 00 00 00 00 00 00 00
  can0  610   [8]  C3 F5 30 BF 15 AE B7 BE
  can0  611   [4]  EC 51 18 3F
  can0  630   [1]  F0
  can0  100   [8]  AE 2C 64 9C 64 9C 77 33
  can0  102   [8]  00 00 00 00 FF 00 00 00
  can0  110   [8]  00 00 00 00 00 00 00 00
  can0  111   [8]  13 0E 02 00 00 00 00 00
  can0  112   [8]  03 03 77 77 04 04 04 04
  can0  113   [8]  5F 46 0A 00 E1 5F 0A 00
  can0  114   [8]  00 00 00 00 00 00 80 00
  can0  115   [8]  00 00 00 00 00 00 00 00
  can0  116   [8]  00 08 00 08 00 00 00 00
  can0  101   [8]  81 B6 00 00 00 00 00 11
  can0  103   [8]  00 00 00 00 00 00 00 00
  can0  100   [8]  F3 2D 64 9C 64 9C 77 33
  can0  102   [8]  00 00 00 00 FF 00 00 00
  can0  110   [8]  00 00 00 00 00 00 00 00
  can0  111   [8]  14 0E 02 00 00 00 00 00
  can0  112   [8]  03 03 77 77 04 04 04 04
  can0  113   [8]  64 46 0A 00 E6 5F 0A 00
  can0  114   [8]  00 00 00 00 00 00 80 00
  can0  115   [8]  00 00 00 00 00 00 00 00
  can0  116   [8]  00 08 00 08 00 00 00 00
  can0  101   [8]  DC B7 00 00 00 00 00 11
  can0  103   [8]  00 00 00 00 00 00 00 00
  can0  100   [8]  14 2E 64 9C 64 9C 77 33
  can0  102   [8]  00 00 00 00 FF 00 00 00
  can0  110   [8]  00 00 00 00 00 00 00 00
  can0  111   [8]  15 0E 02 00 00 00 00 00
  can0  112   [8]  03 03 77 77 04 04 04 04
  can0  113   [8]  69 46 0A 00 EB 5F 0A 00
  can0  114   [8]  00 00 00 00 00 00 80 00
  can0  115   [8]  00 00 00 00 00 00 00 00
  can0  116   [8]  00 08 00 08 00 00 00 00
  can0  101   [8]  80 B8 00 00 00 00 00 11
  can0  103   [8]  00 00 00 00 00 00 00 00
  can0  100   [8]  49 2F 64 9C 64 9C 77 33
  can0  102   [8]  00 00 00 00 FF 00 00 00
  can0  110   [8]  00 00 00 00 00 00 00 00
  can0  111   [8]  16 0E 02 00 00 00 00 00
  can0  112   [8]  03 03 77 77 04 04 04 04
  can0  113   [8]  6E 46 0A 00 F0 5F 0A 00
  can0  114   [8]  00 00 00 00 00 00 80 00
  can0  115   [8]  00 00 00 00 00 00 00 00
  can0  116   [8]  00 08 00 08 00 00 00 00
  can0  101   [8]  DD B9 00 00 00 00 00 11
  can0  103   [8]  00 00 00 00 00 00 00 00
  can0  100   [8]  AC 30 64 9C 64 9C 77 33
  can0  102   [8]  00 00 00 00 FF 00 00 00
  can0  110   [8]  00 00 00 00 00 00 00 00
  can0  111   [8]  17 0E 02 00 00 00 00 00
  can0  112   [8]  03 03 77 77 04 04 04 04
  can0  113   [8]  73 46 0A 00 F5 5F 0A 00
  can0  114   [8]  00 00 00 00 00 00 80 00
  can0  115   [8]  00 00 00 00 00 00 00 00
  can0  116   [8]  00 08 00 08 00 00 00 00
  can0  101   [8]  3A BA 00 00 00 00 00 11
  can0  103   [8]  00 00 00 00 00 00 00 00
  can0  600   [8]  EC FF F1 FF FB 00 02 03
  can0  601   [6]  0F 00 FC FF 80 01
  can0  630   [1]  F0
  can0  100   [8]  F1 31 64 9C 64 9C 77 33
  can0  102   [8]  00 00 00 00 FF 00 00 00
  can0  110   [8]  00 00 00 00 00 00 00 00
  can0  111   [8]  18 0E 02 00 00 00 00 00
  can0  112   [8]  03 03 77 77 04 04 04 04
  can0  113   [8]  78 46 0A 00 FA 5F 0A 00
  can0  114   [8]  00 00 00 00 00 00 80 00
  can0  115   [8]  00 00 00 00 00 00 00 00
  can0  116   [8]  00 08 00 08 00 00 00 00
  can0  101   [8]  67 BB 00 00 00 00 00 11
  can0  103   [8]  00 00 00 00 00 00 00 00
  can0  100   [8]  16 32 64 9C 64 9C 77 33
  can0  102   [8]  00 00 00 00 FF 00 00 00
  can0  110   [8]  00 00 00 00 00 00 00 00
  can0  111   [8]  19 0E 02 00 00 00 00 00
  can0  112   [8]  03 03 77 77 04 04 04 04
  can0  113   [8]  7D 46 0A 00 FF 5F 0A 00
  can0  114   [8]  00 00 00 00 00 00 80 00
  can0  115   [8]  00 00 00 00 00 00 00 00
  can0  116   [8]  00 08 00 08 00 00 00 00
  can0  101   [8]  E9 BC 00 00 00 00 00 11
  can0  103   [8]  00 00 00 00 00 00 00 00
  can0  100   [8]  4B 33 64 9C 64 9C 77 33
  can0  102   [8]  00 00 00 00 FF 00 00 00
  can0  110   [8]  00 00 00 00 00 00 00 00
  can0  111   [8]  1A 0E 02 00 00 00 00 00
  can0  112   [8]  03 03 77 77 04 04 04 04
  can0  113   [8]  82 46 0A 00 04 60 0A 00
  can0  114   [8]  00 00 00 00 00 00 80 00
  can0  115   [8]  00 00 00 00 00 00 00 00
  can0  116   [8]  00 08 00 08 00 00 00 00
  can0  101   [8]  B4 BD 00 00 00 00 00 11
  can0  103   [8]  00 00 00 00 00 00 00 00
  can0  100   [8]  C5 34 64 9C 64 9C 77 33
  can0  102   [8]  00 00 00 00 FF 00 00 00
  can0  110   [8]  00 00 00 00 00 00 00 00
  can0  111   [8]  1B 0E 02 00 00 00 00 00
  can0  112   [8]  03 03 77 77 04 04 04 04
  can0  113   [8]  87 46 0A 00 09 60 0A 00
  can0  114   [8]  00 00 00 00 00 00 80 00
  can0  115   [8]  00 00 00 00 00 00 00 00
  can0  116   [8]  00 08 00 08 00 00 00 00
  can0  101   [8]  53 BE 00 00 00 00 00 11
  can0  103   [8]  00 00 00 00 00 00 00 00
  can0  100   [8]  98 35 64 9C 64 9C 77 33
  can0  102   [8]  00 00 00 00 FF 00 00 00
  can0  110   [8]  00 00 00 00 00 00 00 00
  can0  111   [8]  1C 0E 02 00 00 00 00 00
  can0  112   [8]  03 03 77 77 04 04 04 04
  can0  113   [8]  8C 46 0A 00 0E 60 0A 00
  can0  114   [8]  00 00 00 00 00 00 80 00
  can0  115   [8]  00 00 00 00 00 00 00 00
  can0  116   [8]  00 08 00 08 00 00 00 00
  can0  101   [8]  0E BF 00 00 00 00 00 11
  can0  103   [8]  00 00 00 00 00 00 00 00
  can0  610   [8]  C3 F5 30 BF 15 AE B7 BE
  can0  611   [4]  EC 51 18 3F
  can0  630   [1]  F0
  can0  100   [8]  7F 36 64 9C 64 9C 77 33
  can0  102   [8]  00 00 00 00 FF 00 00 00
  can0  110   [8]  00 00 00 00 00 00 00 00
  can0  111   [8]  1D 0E 02 00 00 00 00 00
  can0  112   [8]  03 03 77 77 04 04 04 04
  can0  113   [8]  91 46 0A 00 13 60 0A 00
  can0  114   [8]  00 00 00 00 00 00 80 00
  can0  115   [8]  00 00 00 00 00 00 00 00
  can0  116   [8]  00 08 00 08 00 00 00 00
  can0  101   [8]  5A C0 00 00 00 00 00 11
  can0  103   [8]  00 00 00 00 00 00 00 00
  can0  100   [8]  22 37 64 9C 64 9C 77 33
  can0  102   [8]  00 00 00 00 FF 00 00 00
  can0  110   [8]  00 00 00 00 00 00 00 00
  can0  111   [8]  1E 0E 02 00 00 00 00 00
  can0  112   [8]  03 03 77 77 04 04 04 04
  can0  113   [8]  96 46 0A 00 18 60 0A 00
  can0  114   [8]  00 00 00 00 00 00 80 00
  can0  115   [8]  00 00 00 00 00 00 00 00
  can0  116   [8]  00 08 00 08 00 00 00 00
  can0  101   [8]  07 C1 00 00 00 00 00 11
  can0  103   [8]  00 00 00 00 00 00 00 00
  can0  100   [8]  7E 38 64 9C 64 9C 77 33
  can0  102   [8]  00 00 00 00 FF 00 00 00
  can0  110   [8]  00 00 00 00 00 00 00 00
  can0  111   [8]  1F 0E 02 00 00 00 00 00
  can0  112   [8]  03 03 77 77 04 04 04 04
  can0  113   [8]  9B 46 0A 00 1D 60 0A 00
  can0  114   [8]  00 00 00 00 00 00 80 00
  can0  115   [8]  00 00 00 00 00 00 00 00
  can0  116   [8]  00 08 00 08 00 00 00 00
  can0  101   [8]  E0 C2 00 00 00 00 00 11
  can0  103   [8]  00 00 00 00 00 00 00 00
  can0  100   [8]  23 39 64 9C 64 9C 77 33
  can0  102   [8]  00 00 00 00 FF 00 00 00
  can0  110   [8]  00 00 00 00 00 00 00 00
  can0  111   [8]  20 0E 02 00 00 00 00 00
  can0  112   [8]  03 03 77 77 04 04 04 04
  can0  113   [8]  A0 46 0A 00 22 60 0A 00
  can0  114   [8]  00 00 00 00 00 00 80 00
  can0  115   [8]  00 00 00 00 00 00 00 00
  can0  116   [8]  00 08 00 08 00 00 00 00
  can0  101   [8]  BD C3 00 00 00 00 00 11
  can0  103   [8]  00 00 00 00 00 00 00 00
  can0  100   [8]  C4 3A 64 9C 64 9C 77 33
  can0  102   [8]  00 00 00 00 FF 00 00 00
  can0  110   [8]  00 00 00 00 00 00 00 00
  can0  111   [8]  21 0E 02 00 00 00 00 00
  can0  112   [8]  03 03 77 77 04 04 04 04
  can0  113   [8]  A5 46 0A 00 27 60 0A 00
  can0  114   [8]  00 00 00 00 00 00 80 00
  can0  115   [8]  00 00 00 00 00 00 00 00
  can0  116   [8]  00 08 00 08 00 00 00 00
  can0  101   [8]  33 C4 00 00 00 00 00 11
  can0  103   [8]  00 00 00 00 00 00 00 00
  can0  630   [1]  F0
  can0  100   [8]  99 3B 64 9C 64 9C 77 33
  can0  102   [8]  00 00 00 00 FF 00 00 00
  can0  110   [8]  00 00 00 00 00 00 00 00
  can0  111   [8]  22 0E 02 00 00 00 00 00
  can0  112   [8]  03 03 77 77 04 04 04 04
  can0  113   [8]  AA 46 0A 00 2C 60 0A 00
  can0  114   [8]  00 00 00 00 00 00 80 00
  can0  115   [8]  00 00 00 00 00 00 00 00
  can0  116   [8]  00 08 00 08 00 00 00 00
  can0  101   [8]  6E C5 00 00 00 00 00 11
  can0  103   [8]  00 00 00 00 00 00 00 00
  can0  100   [8]  17 3C 64 9C 64 9C 77 33
  can0  102   [8]  00 00 00 00 FF 00 00 00
  can0  110   [8]  00 00 00 00 00 00 00 00
  can0  111   [8]  23 0E 02 00 00 00 00 00
  can0  112   [8]  03 03 77 77 04 04 04 04
  can0  113   [8]  AF 46 0A 00 31 60 0A 00
  can0  114   [8]  00 00 00 00 00 00 80 00
  can0  115   [8]  00 00 00 00 00 00 00 00
  can0  116   [8]  00 08 00 08 00 00 00 00
  can0  101   [8]  89 C6 00 00 00 00 00 11
  can0  103   [8]  00 00 00 00 00 00 00 00
  can0  100   [8]  4A 3D 64 9C 64 9C 77 33
  can0  102   [8]  00 00 00 00 FF 00 00 00
  can0  110   [8]  00 00 00 00 00 00 00 00
  can0  111   [8]  24 0E 02 00 00 00 00 00
  can0  112   [8]  03 03 77 77 04 04 04 04
  can0  113   [8]  B4 46 0A 00 36 60 0A 00
  can0  114   [8]  00 00 00 00 00 00 80 00
  can0  115   [8]  00 00 00 00 00 00 00 00
  can0  116   [8]  00 08 00 08 00 00 00 00
  can0  101   [8]  D4 C7 00 00 00 00 00 11
  can0  103   [8]  00 00 00 00 00 00 00 00
  can0  620   [3]  02 00 01
  can0  621   [8]  00 00 00 00 00 00 00 00
  can0  622   [7]  00 00 00 00 00 00 00
  can0  623   [7]  00 00 00 00 00 00 00
  can0  624   [4]  00 00 00 00
  can0  625   [8]  E1 FA C7 42 E1 FA C7 42
  can0  626   [4]  E1 FA C7 42
  can0  100   [8]  AD 3E 64 9C 64 9C 77 33
  can0  102   [8]  00 00 00 00 FF 00 00 00
  can0  110   [8]  00 00 00 00 00 00 00 00
  can0  111   [8]  25 0E 02 00 00 00 00 00
  can0  112   [8]  03 03 77 77 04 04 04 04
  can0  113   [8]  B9 46 0A 00 3B 60 0A 00
  can0  114   [8]  00 00 00 00 00 00 80 00
  can0  115   [8]  00 00 00 00 00 00 00 00
  can0  101   [8]  88 C8 00 00 00 00 00 11
  can0  103   [8]  00 00 00 00 00 00 00 00
  can0  116   [8]  00 08 00 08 00 00 00 00
  can0  627   [6]  00 00 00 00 00 00
  can0  100   [8]  F0 3F 64 9C 64 9C 77 33
  can0  102   [8]  00 00 00 00 FF 00 00 00
  can0  110   [8]  00 00 00 00 00 00 00 00
  can0  111   [8]  26 0E 02 00 00 00 00 00
  can0  112   [8]  03 03 77 77 04 04 04 04
  can0  113   [8]  BE 46 0A 00 40 60 0A 00
  can0  114   [8]  00 00 00 00 00 00 80 00
  can0  115   [8]  00 00 00 00 00 00 00 00
  can0  116   [8]  00 08 00 08 00 00 00 00
  can0  101   [8]  D5 C9 00 00 00 00 00 11
  can0  103   [8]  00 00 00 00 00 00 00 00
  can0  600   [8]  EE FF F0 FF FC 00 01 03
  can0  601   [6]  12 00 F8 FF 83 01
  can0  610   [8]  9A 99 49 BF 3E 0A 57 BD
  can0  611   [4]  52 B8 AE 3E
  can0  630   [1]  F0
  can0  100   [8]  A4 40 64 9C 64 9C 77 33
  can0  102   [8]  00 00 00 00 FF 00 00 00
  can0  110   [8]  00 00 00 00 00 00 00 00
  can0  111   [8]  27 0E 02 00 00 00 00 00
  can0  112   [8]  03 03 77 77 04 04 04 04
  can0  113   [8]  C3 46 0A 00 45 60 0A 00
  can0  114   [8]  00 00 00 00 00 00 80 00
  can0  115   [8]  00 00 00 00 00 00 00 00
  can0  116   [8]  00 08 00 08 00 00 00 00
  can0  101   [8]  32 CA 00 00 00 00 00 11
  can0  103   [8]  00 00 00 00 00 00 00 00
  can0  100   [8]  F9 41 64 9C 64 9C 77 33
  can0  102   [8]  00 00 00 00 FF 00 00 00
  can0  110   [8]  00 00 00 00 00 00 00 00
  can0  111   [8]  28 0E 02 00 00 00 00 00
  can0  112   [8]  03 03 77 77 04 04 04 04
  can0  113   [8]  C8 46 0A 00 4A 60 0A 00
  can0  114   [8]  00 00 00 00 00 00 80 00
  can0  115   [8]  00 00 00 00 00 00 00 00
  can0  116   [8]  00 08 00 08 00 00 00 00
  can0  101   [8]  6F CB 00 00 00 00 00 11
  can0  103   [8]  00 00 00 00 00 00 00 00
  can0  100   [8]  1E 42 64 9C 64 9C 77 33
  can0  102   [8]  00 00 00 00 FF 00 00 00
  can0  110   [8]  00 00 00 00 00 00 00 00
  can0  111   [8]  29 0E 02 00 00 00 00 00
  can0  112   [8]  03 03 77 77 04 04 04 04
  can0  113   [8]  CD 46 0A 00 4F 60 0A 00
  can0  114   [8]  00 00 00 00 00 00 80 00
  can0  115   [8]  00 00 00 00 00 00 00 00
  can0  116   [8]  00 08 00 08 00 00 00 00
  can0  101   [8]  E1 CC 00 00 00 00 00 11
  can0  103   [8]  00 00 00 00 00 00 00 00
  can0  100   [8]  43 43 64 9C 64 9C 77 33
  can0  102   [8]  00 00 00 00 FF 00 00 00
  can0  110   [8]  00 00 00 00 00 00 00 00
  can0  111   [8]  2A 0E 02 00 00 00 00 00
  can0  112   [8]  03 03 77 77 04 04 04 04
  can0  113   [8]  D2 46 0A 00 54 60 0A 00
  can0  114   [8]  00 00 00 00 00 00 80 00
  can0  115   [8]  00 00 00 00 00 00 00 00
  can0  116   [8]  00 08 00 08 00 00 00 00
  can0  101   [8]  BC CD 00 00 00 00 00 11
  can0  103   [8]  00 00 00 00 00 00 00 00
  can0  100   [8]  CD 44 64 9C 64 9C 77 33
  can0  102   [8]  00 00 00 00 FF 00 00 00
  can0  110   [8]  00 00 00 00 00 00 00 00
  can0  111   [8]  2B 0E 02 00 00 00 00 00
  can0  112   [8]  03 03 77 77 04 04 04 04
  can0  113   [8]  D7 46 0A 00 59 60 0A 00
  can0  114   [8]  00 00 00 00 00 00 80 00
  can0  115   [8]  00 00 00 00 00 00 00 00
  can0  116   [8]  00 08 00 08 00 00 00 00
  can0  101   [8]  5B CE 00 00 00 00 00 11
  can0  103   [8]  00 00 00 00 00 00 00 00
  can0  630   [1]  F0
  can0  100   [8]  90 45 64 9C 64 9C 77 33
  can0  102   [8]  00 00 00 00 FF 00 00 00
  can0  110   [8]  00 00 00 00 00 00 00 00
  can0  111   [8]  2C 0E 02 00 00 00 00 00
  can0  112   [8]  03 03 77 77 04 04 04 04
  can0  113   [8]  DC 46 0A 00 5E 60 0A 00
  can0  114   [8]  00 00 00 00 00 00 80 00
  can0  115   [8]  00 00 00 00 00 00 00 00
  can0  116   [8]  00 08 00 08 00 00 00 00
  can0  101   [8]  06 CF 00 00 00 00 00 11
  can0  103   [8]  00 00 00 00 00 00 00 00
  can0  100   [8]  77 46 64 9C 64 9C 77 33
  can0  102   [8]  00 00 00 00 FF 00 00 00
  can0  110   [8]  00 00 00 00 00 00 00 00
  can0  111   [8]  2D 0E 02 00 00 00 00 00
  can0  112   [8]  03 03 77 77 04 04 04 04
  can0  113   [8]  E1 46 0A 00 63 60 0A 00
  can0  114   [8]  00 00 00 00 00 00 80 00
  can0  115   [8]  00 00 00 00 00 00 00 00
  can0  116   [8]  00 08 00 08 00 00 00 00
  can0  101   [8]  E3 D0 00 00 00 00 00 11
  can0  103   [8]  00 00 00 00 00 00 00 00
  can0  100   [8]  2A 47 64 9C 64 9C 77 33
  can0  102   [8]  00 00 00 00 FF 00 00 00
  can0  110   [8]  00 00 00 00 00 00 00 00
  can0  111   [8]  2E 0E 02 00 00 00 00 00
  can0  112   [8]  03 03 77 77 04 04 04 04
  can0  113   [8]  E6 46 0A 00 68 60 0A 00
  can0  114   [8]  00 00 00 00 00 00 80 00
  can0  115   [8]  00 00 00 00 00 00 00 00
  can0  116   [8]  00 08 00 08 00 00 00 00
  can0  101   [8]  BE D1 00 00 00 00 00 11
  can0  103   [8]  00 00 00 00 00 00 00 00
  can0  100   [8]  76 48 64 9C 64 9C 77 33
  can0  102   [8]  00 00 00 00 FF 00 00 00
  can0  110   [8]  00 00 00 00 00 00 00 00
  can0  111   [8]  2F 0E 02 00 00 00 00 00
  can0  112   [8]  03 03 77 77 04 04 04 04
  can0  113   [8]  EB 46 0A 00 6D 60 0A 00
  can0  114   [8]  00 00 00 00 00 00 80 00
  can0  115   [8]  00 00 00 00 00 00 00 00
  can0  116   [8]  00 08 00 08 00 00 00 00
  can0  101   [8]  59 D2 00 00 00 00 00 11
  can0  103   [8]  00 00 00 00 00 00 00 00
  can0  100   [8]  2B 49 64 9C 64 9C 77 33
  can0  102   [8]  00 00 00 00 FF 00 00 00
  can0  110   [8]  00 00 00 00 00 00 00 00
  can0  111   [8]  30 0E 02 00 00 00 00 00
  can0  112   [8]  03 03 77 77 04 04 04 04
  can0  113   [8]  F0 46 0A 00 72 60 0A 00
  can0  114   [8]  00 00 00 00 00 00 80 00
  can0  115   [8]  00 00 00 00 00 00 00 00
  can0  116   [8]  00 08 00 08 00 00 00 00
  can0  101   [8]  04 D3 00 00 00 00 00 11
  can0  103   [8]  00 00 00 00 00 00 00 00
  can0  610   [8]  9A 99 49 BF 3E 0A 57 BD
  can0  611   [4]  52 B8 AE 3E
  can0  630   [1]  F0
  can0  100   [8]  CC 4A 64 9C 64 9C 77 33
  can0  102   [8]  00 00 00 00 FF 00 00 00
  can0  110   [8]  00 00 00 00 00 00 00 00
  can0  111   [8]  31 0E 02 00 00 00 00 00
  can0  112   [8]  03 03 77 77 04 04 04 04
  can0  113   [8]  F5 46 0A 00 77 60 0A 00
  can0  114   [8]  00 00 00 00 00 00 80 00
  can0  115   [8]  00 00 00 00 00 00 00 00
  can0  116   [8]  00 08 00 08 00 00 00 00
  can0  101   [8]  8A D4 00 00 00 00 00 11
  can0  103   [8]  00 00 00 00 00 00 00 00
  can0  100   [8]  91 4B 64 9C 64 9C 77 33
  can0  102   [8]  00 00 00 00 FF 00 00 00
  can0  110   [8]  00 00 00 00 00 00 00 00
  can0  111   [8]  32 0E 02 00 00 00 00 00
  can0  112   [8]  03 03 77 77 04 04 04 04
  can0  113   [8]  FA 46 0A 00 7C 60 0A 00
  can0  114   [8]  00 00 00 00 00 00 80 00
  can0  115   [8]  00 00 00 00 00 00 00 00
  can0  116   [8]  00 08 00 08 00 00 00 00
  can0  101   [8]  D7 D5 00 00 00 00 00 11
  can0  103   [8]  00 00 00 00 00 00 00 00
  can0  100   [8]  1F 4C 64 9C 64 9C 77 33
  can0  102   [8]  00 00 00 00 FF 00 00 00
  can0  110   [8]  00 00 00 00 00 00 00 00
  can0  111   [8]  33 0E 02 00 00 00 00 00
  can0  112   [8]  03 03 77 77 04 04 04 04
  can0  113   [8]  FF 46 0A 00 81 60 0A 00
  can0  114   [8]  00 00 00 00 00 00 80 00
  can0  115   [8]  00 00 00 00 00 00 00 00
  can0  116   [8]  00 08 00 08 00 00 00 00
  can0  101   [8]  30 D6 00 00 00 00 00 11
  can0  103   [8]  00 00 00 00 00 00 00 00
  can0  402   [8]  02 00 17 15 FF 2C 00 10
  can0  404   [8]  03 00 00 00 00 00 00 00
  can0  403   [8]  02 01 2C 12 3C 34 00 00
  can0  405   [8]  03 01 00 00 00 00 00 00
  can0  100   [8]  42 4D 64 9C 64 9C 77 33
  can0  102   [8]  00 00 00 00 FF 00 00 00
  can0  110   [8]  00 00 00 00 00 00 00 00
  can0  111   [8]  34 0E 02 00 00 00 00 00
  can0  112   [8]  03 03 77 77 04 04 04 04
  can0  113   [8]  04 47 0A 00 86 60 0A 00
  can0  114   [8]  00 00 00 00 00 00 80 00
  can0  115   [8]  00 00 00 00 00 00 00 00
  can0  116   [8]  00 08 00 08 00 00 00 00
  can0  101   [8]  6D D7 00 00 00 00 00 11
  can0  103   [8]  00 00 00 00 00 00 00 00
  can0  100   [8]  A5 4E 64 9C 64 9C 77 33
  can0  102   [8]  00 00 00 00 FF 00 00 00
  can0  110   [8]  00 00 00 00 00 00 00 00
  can0  111   [8]  35 0E 02 00 00 00 00 00
  can0  112   [8]  03 03 77 77 04 04 04 04
  can0  113   [8]  09 47 0A 00 8B 60 0A 00
  can0  114   [8]  00 00 00 00 00 00 80 00
  can0  115   [8]  00 00 00 00 00 00 00 00
  can0  116   [8]  00 08 00 08 00 00 00 00
  can0  101   [8]  31 D8 00 00 00 00 00 11
  can0  103   [8]  00 00 00 00 00 00 00 00
  can0  600   [8]  EB FF F2 FF FA 00 02 03
  can0  601   [6]  16 00 FA FF 87 01
  can0  630   [1]  F0
  can0  100   [8]  F8 4F 64 9C 64 9C 77 33
  can0  102   [8]  00 00 00 00 FF 00 00 00
  can0  110   [8]  00 00 00 00 00 00 00 00
  can0  111   [8]  36 0E 02 00 00 00 00 00
  can0  112   [8]  03 03 77 77 04 04 04 04
  can0  113   [8]  0E 47 0A 00 90 60 0A 00
  can0  114   [8]  00 00 00 00 00 00 80 00
  can0  115   [8]  00 00 00 00 00 00 00 00
  can0  116   [8]  00 08 00 08 00 00 00 00
  can0  101   [8]  6C D9 00 00 00 00 00 11
  can0  103   [8]  00 00 00 00 00 00 00 00
  can0  100   [8]  1D 50 64 9C 64 9C 77 33
  can0  102   [8]  00 00 00 00 FF 00 00 00
  can0  110   [8]  00 00 00 00 00 00 00 00
  can0  111   [8]  37 0E 02 00 00 00 00 00
  can0  112   [8]  03 03 77 77 04 04 04 04
  can0  113   [8]  13 47 0A 00 95 60 0A 00
  can0  114   [8]  00 00 00 00 00 00 80 00
  can0  115   [8]  00 00 00 00 00 00 00 00
  can0  116   [8]  00 08 00 08 00 00 00 00
  can0  101   [8]  8B DA 00 00 00 00 00 11
  can0  103   [8]  00 00 00 00 00 00 00 00
  can0  100   [8]  40 51 64 9C 64 9C 77 33
  can0  102   [8]  00 00 00 00 FF 00 00 00
  can0  110   [8]  00 00 00 00 00 00 00 00
  can0  111   [8]  38 0E 02 00 00 00 00 00
  can0  112   [8]  03 03 77 77 04 04 04 04
  can0  113   [8]  18 47 0A 00 9A 60 0A 00
  can0  114   [8]  00 00 00 00 00 00 80 00
  can0  115   [8]  00 00 00 00 00 00 00 00
  can0  116   [8]  00 08 00 08 00 00 00 00
  can0  101   [8]  D6 DB 00 00 00 00 00 11
  can0  103   [8]  00 00 00 00 00 00 00 00
  can0  620   [3]  02 00 01
  can0  621   [8]  00 00 00 00 00 00 00 00
  can0  622   [7]  00 00 00 00 00 00 00
  can0  623   [7]  00 00 00 00 00 00 00
  can0  624   [4]  00 00 00 00
  can0  625   [8]  E1 FA C7 42 E1 FA C7 42
  can0  626   [4]  E1 FA C7 42
  can0  100   [8]  A7 52 64 9C 64 9C 77 33
  can0  102   [8]  00 00 00 00 FF 00 00 00
  can0  110   [8]  00 00 00 00 00 00 00 00
  can0  111   [8]  39 0E 02 00 00 00 00 00
  can0  112   [8]  03 03 77 77 04 04 04 04
  can0  113   [8]  1D 47 0A 00 9F 60 0A 00
  can0  114   [8]  00 00 00 00 00 00 80 00
  can0  115   [8]  00 00 00 00 00 00 00 00
  can0  101   [8]  58 DC 00 00 00 00 00 11
  can0  116   [8]  00 08 00 08 00 00 00 00
  can0  627   [6]  00 00 00 00 00 00
  can0  103   [8]  00 00 00 00 00 00 00 00
  can0  100   [8]  FA 53 64 9C 64 9C 77 33
  can0  102   [8]  00 00 00 00 FF 00 00 00
  can0  110   [8]  00 00 00 00 00 00 00 00
  can0  111   [8]  39 0E 02 00 00 00 00 00
  can0  112   [8]  03 03 77 77 04 04 04 04
  can0  113   [8]  1D 47 0A 00 A4 60 0A 00
  can0  114   [8]  00 00 00 00 00 00 80 00
  can0  115   [8]  00 00 00 00 00 00 00 00
  can0  116   [8]  00 08 00 08 00 00 00 00
  can0  101   [8]  05 DD 00 00 00 00 00 11
  can0  103   [8]  00 00 00 00 00 00 00 00
  can0  610   [8]  71 3D AA BE 66 66 06 BE
  can0  611   [4]  5C 8F 1A 3F
  can0  630   [1]  F0
  can0  100   [8]  74 54 64 9C 64 9C 77 33
  can0  102   [8]  00 00 00 00 FF 00 00 00
  can0  110   [8]  00 00 00 00 00 00 00 00
  can0  111   [8]  3A 0E 02 00 00 00 00 00
  can0  112   [8]  03 03 77 77 04 04 04 04
  can0  113   [8]  22 47 0A 00 A9 60 0A 00
  can0  114   [8]  00 00 00 00 00 00 80 00
  can0  115   [8]  00 00 00 00 00 00 00 00
  can0  116   [8]  00 08 00 08 00 00 00 00
  can0  101   [8]  E2 DE 00 00 00 00 00 11
  can0  103   [8]  00 00 00 00 00 00 00 00
  can0  100   [8]  29 55 64 9C 64 9C 77 33
  can0  102   [8]  00 00 00 00 FF 00 00 00
  can0  110   [8]  00 00 00 00 00 00 00 00
  can0  111   [8]  3B 0E 02 00 00 00 00 00
  can0  112   [8]  03 03 77 77 04 04 04 04
  can0  113   [8]  27 47 0A 00 AE 60 0A 00
  can0  114   [8]  00 00 00 00 00 00 80 00
  can0  115   [8]  00 00 00 00 00 00 00 00
  can0  116   [8]  00 08 00 08 00 00 00 00
  can0  101   [8]  BF DF 00 00 00 00 00 11
  can0  103   [8]  00 00 00 00 00 00 00 00
  can0  100   [8]  CE 56 64 9C 64 9C 77 33
  can0  102   [8]  00 00 00 00 FF 00 00 00
  can0  110   [8]  00 00 00 00 00 00 00 00
  can0  111   [8]  3C 0E 02 00 00 00 00 00
  can0  112   [8]  03 03 77 77 04 04 04 04
  can0  113   [8]  2C 47 0A 00 B3 60 0A 00
  can0  114   [8]  00 00 00 00 00 00 80 00
  can0  115   [8]  00 00 00 00 00 00 00 00
  can0  116   [8]  00 08 00 08 00 00 00 00
  can0  101   [8]  35 E0 00 00 00 00 00 11
  can0  103   [8]  00 00 00 00 00 00 00 00
  can0  100   [8]  93 57 64 9C 64 9C 77 33
  can0  102   [8]  00 00 00 00 FF 00 00 00
  can0  110   [8]  00 00 00 00 00 00 00 00
  can0  111   [8]  3D 0E 02 00 00 00 00 00
  can0  112   [8]  03 03 77 77 04 04 04 04
  can0  113   [8]  31 47 0A 00 B8 60 0A 00
  can0  114   [8]  00 00 00 00 00 00 80 00
  can0  115   [8]  00 00 00 00 00 00 00 00
  can0  116   [8]  00 08 00 08 00 00 00 00
  can0  101   [8]  68 E1 00 00 00 00 00 11
  can0  103   [8]  00 00 00 00 00 00 00 00
  can0  100   [8]  CF 58 64 9C 64 9C 77 33
  can0  102   [8]  00 00 00 00 FF 00 00 00
  can0  110   [8]  00 00 00 00 00 00 00 00
  can0  111   [8]  3E 0E 02 00 00 00 00 00
  can0  112   [8]  03 03 77 77 04 04 04 04
  can0  113   [8]  36 47 0A 00 BD 60 0A 00
  can0  114   [8]  00 00 00 00 00 00 80 00
  can0  115   [8]  00 00 00 00 00 00 00 00
  can0  116   [8]  00 08 00 08 00 00 00 00
  can0  101   [8]  8F E2 00 00 00 00 00 11
  can0  103   [8]  00 00 00 00 00 00 00 00
  can0  630   [1]  F0
  can0  100   [8]  92 59 64 9C 64 9C 77 33
  can0  102   [8]  00 00 00 00 FF 00 00 00
  can0  110   [8]  00 00 00 00 00 00 00 00
  can0  111   [8]  3F 0E 02 00 00 00 00 00
  can0  112   [8]  03 03 77 77 04 04 04 04
  can0  113   [8]  3B 47 0A 00 C2 60 0A 00
  can0  114   [8]  00 00 00 00 00 00 80 00
  can0  115   [8]  00 00 00 00 00 00 00 00
  can0  116   [8]  00 08 00 08 00 00 00 00
  can0  101   [8]  D2 E3 00 00 00 00 00 11
  can0  103   [8]  00 00 00 00 00 00 00 00
  can0  100   [8]  75 5A 64 9C 64 9C 77 33
  can0  102   [8]  00 00 00 00 FF 00 00 00
  can0  110   [8]  00 00 00 00 00 00 00 00
  can0  111   [8]  40 0E 02 00 00 00 00 00
  can0  112   [8]  03 03 77 77 04 04 04 04
  can0  113   [8]  40 47 0A 00 C7 60 0A 00
  can0  114   [8]  00 00 00 00 00 00 80 00
  can0  115   [8]  00 00 00 00 00 00 00 00
  can0  116   [8]  00 08 00 08 00 00 00 00
  can0  101   [8]  5C E4 00 00 00 00 00 11
  can0  103   [8]  00 00 00 00 00 00 00 00
  can0  100   [8]  28 5B 64 9C 64 9C 77 33
  can0  102   [8]  00 00 00 00 FF 00 00 00
  can0  110   [8]  00 00 00 00 00 00 00 00
  can0  111   [8]  41 0E 02 00 00 00 00 00
  can0  112   [8]  03 03 77 77 04 04 04 04
  can0  113   [8]  45 47 0A 00 CC 60 0A 00
  can0  114   [8]  00 00 00 00 00 00 80 00
  can0  115   [8]  00 00 00 00 00 00 00 00
  can0  116   [8]  00 08 00 08 00 00 00 00
  can0  101   [8]  01 E5 00 00 00 00 00 11
  can0  103   [8]  00 00 00 00 00 00 00 00
  can0  100   [8]  A6 5C 64 9C 64 9C 77 33
  can0  102   [8]  00 00 00 00 FF 00 00 00
  can0  110   [8]  00 00 00 00 00 00 00 00
  can0  111   [8]  42 0E 02 00 00 00 00 00
  can0  112   [8]  03 03 77 77 04 04 04 04
  can0  113   [8]  4A 47 0A 00 D1 60 0A 00
  can0  114   [8]  00 00 00 00 00 00 80 00
  can0  115   [8]  00 00 00 00 00 00 00 00
  can0  116   [8]  00 08 00 08 00 00 00 00
  can0  101   [8]  E6 E6 00 00 00 00 00 11
  can0  103   [8]  00 00 00 00 00 00 00 00
  can0  100   [8]  FB 5D 64 9C 64 9C 77 33
  can0  102   [8]  00 00 00 00 FF 00 00 00
  can0  110   [8]  00 00 00 00 00 00 00 00
  can0  111   [8]  43 0E 02 00 00 00 00 00
  can0  112   [8]  03 03 77 77 04 04 04 04
  can0  113   [8]  4F 47 0A 00 D6 60 0A 00
  can0  114   [8]  00 00 00 00 00 00 80 00
  can0  115   [8]  00 00 00 00 00 00 00 00
  can0  116   [8]  00 08 00 08 00 00 00 00
  can0  101   [8]  BB E7 00 00 00 00 00 11
  can0  103   [8]  00 00 00 00 00 00 00 00
  can0  600   [8]  ED FF F1 FF FC 00 01 03
  can0  601   [6]  0C 00 FC FF 84 01
  can0  610   [8]  71 3D AA BE 66 66 06 BE
  can0  611   [4]  5C 8F 1A 3F
  can0  630   [1]  F0
  can0  100   [8]  1C 5E 64 9C 64 9C 77 33
  can0  102   [8]  00 00 00 00 FF 00 00 00
  can0  110   [8]  00 00 00 00 00 00 00 00
  can0  111   [8]  44 0E 02 00 00 00 00 00
  can0  112   [8]  03 03 77 77 04 04 04 04
  can0  113   [8]  54 47 0A 00 DB 60 0A 00
  can0  114   [8]  00 00 00 00 00 00 80 00
  can0  115   [8]  00 00 00 00 00 00 00 00
  can0  116   [8]  00 08 00 08 00 00 00 00
  can0  101   [8]  E7 E8 00 00 00 00 00 11
  can0  103   [8]  00 00 00 00 00 00 00 00
  can0  100   [8]  41 5F 64 9C 64 9C 77 33
  can0  102   [8]  00 00 00 00 FF 00 00 00
  can0  110   [8]  00 00 00 00 00 00 00 00
  can0  111   [8]  45 0E 02 00 00 00 00 00
  can0  112   [8]  03 03 77 77 04 04 04 04
  can0  101   [8]  BA E9 00 00 00 00 00 11
  can0  103   [8]  00 00 00 00 00 00 00 00
  can0  113   [8]  59 47 0A 00 E0 60 0A 00
  can0  114   [8]  00 00 00 00 00 00 80 00
  can0  115   [8]  00 00 00 00 00 00 00 00
  can0  116   [8]  00 08 00 08 00 00 00 00
  can0  100   [8]  CB 60 64 9C 64 9C 77 33
  can0  102   [8]  00 00 00 00 FF 00 00 00
  can0  110   [8]  00 00 00 00 00 00 00 00
  can0  111   [8]  46 0E 02 00 00 00 00 00
  can0  112   [8]  03 03 77 77 04 04 04 04
  can0  101   [8]  5D EA 00 00 00 00 00 11
  can0  103   [8]  00 00 00 00 00 00 00 00
  can0  113   [8]  5E 47 0A 00 E5 60 0A 00
  can0  114   [8]  00 00 00 00 00 00 80 00
  can0  115   [8]  00 00 00 00 00 00 00 00
  can0  116   [8]  00 08 00 08 00 00 00 00
  can0  100   [8]  96 61 64 9C 64 9C 77 33
  can0  102   [8]  00 00 00 00 FF 00 00 00
  can0  110   [8]  00 00 00 00 00 00 00 00
  can0  111   [8]  47 0E 02 00 00 00 00 00
  can0  112   [8]  03 03 77 77 04 04 04 04
  can0  101   [8]  00 EB 00 00 00 00 00 11
  can0  103   [8]  00 00 00 00 00 00 00 00
  can0  113   [8]  63 47 0A 00 EA 60 0A 00
  can0  114   [8]  00 00 00 00 00 00 80 00
  can0  115   [8]  00 00 00 00 00 00 00 00
  can0  116   [8]  00 08 00 08 00 00 00 00
  can0  100   [8]  71 62 64 9C 64 9C 77 33
  can0  102   [8]  00 00 00 00 FF 00 00 00
  can0  110   [8]  00 00 00 00 00 00 00 00
  can0  111   [8]  48 0E 02 00 00 00 00 00
  can0  112   [8]  03 03 77 77 04 04 04 04
  can0  101   [8]  8E EC 00 00 00 00 00 11
  can0  103   [8]  00 00 00 00 00 00 00 00
  can0  113   [8]  68 47 0A 00 EF 60 0A 00
  can0  114   [8]  00 00 00 00 00 00 80 00
  can0  115   [8]  00 00 00 00 00 00 00 00
  can0  116   [8]  00 08 00 08 00 00 00 00
  can0  630   [1]  F0
  can0  100   [8]  2C 63 64 9C 64 9C 77 33
  can0  102   [8]  00 00 00 00 FF 00 00 00
  can0  110   [8]  00 00 00 00 00 00 00 00
  can0  111   [8]  49 0E 02 00 00 00 00 00
  can0  112   [8]  03 03 77 77 04 04 04 04
  can0  101   [8]  D3 ED 00 00 00 00 00 11
  can0  103   [8]  00 00 00 00 00 00 00 00
  can0  113   [8]  6D 47 0A 00 F4 60 0A 00
  can0  114   [8]  00 00 00 00 00 00 80 00
  can0  115   [8]  00 00 00 00 00 00 00 00
  can0  116   [8]  00 08 00 08 00 00 00 00
  can0  100   [8]  A2 64 64 9C 64 9C 77 33
  can0  102   [8]  00 00 00 00 FF 00 00 00
  can0  110   [8]  00 00 00 00 00 00 00 00
  can0  111   [8]  4A 0E 02 00 00 00 00 00
  can0  112   [8]  03 03 77 77 04 04 04 04
  can0  101   [8]  34 EE 00 00 00 00 00 11
  can0  103   [8]  00 00 00 00 00 00 00 00
  can0  113   [8]  72 47 0A 00 F9 60 0A 00
  can0  114   [8]  00 00 00 00 00 00 80 00
  can0  115   [8]  00 00 00 00 00 00 00 00
  can0  116   [8]  00 08 00 08 00 00 00 00
  can0  100   [8]  FF 65 64 9C 64 9C 77 33
  can0  102   [8]  00 00 00 00 FF 00 00 00
  can0  110   [8]  00 00 00 00 00 00 00 00
  can0  111   [8]  4B 0E 02 00 00 00 00 00
  can0  112   [8]  03 03 77 77 04 04 04 04
  can0  101   [8]  69 EF 00 00 00 00 00 11
  can0  103   [8]  00 00 00 00 00 00 00 00
  can0  113   [8]  77 47 0A 00 FE 60 0A 00
  can0  114   [8]  00 00 00 00 00 00 80 00
  can0  115   [8]  00 00 00 00 00 00 00 00
  can0  116   [8]  00 08 00 08 00 00 00 00
  can0  620   [3]  02 00 01
  can0  621   [8]  00 00 00 00 00 00 00 00
  can0  622   [7]  00 00 00 00 00 00 00
  can0  623   [7]  00 00 00 00 00 00 00
  can0  624   [4]  00 00 00 00
  can0  625   [8]  E1 FA C7 42 E1 FA C7 42
  can0  626   [4]  E1 FA C7 42
  can0  627   [6]  00 00 00 00 00 00
  can0  100   [8]  18 66 64 9C 64 9C 77 33
  can0  102   [8]  00 00 00 00 FF 00 00 00
  can0  110   [8]  00 00 00 00 00 00 00 00
  can0  111   [8]  4C 0E 02 00 00 00 00 00
  can0  112   [8]  03 03 77 77 04 04 04 04
  can0  101   [8]  8C F0 00 00 00 00 00 11
  can0  103   [8]  00 00 00 00 00 00 00 00
  can0  113   [8]  7C 47 0A 00 03 61 0A 00
  can0  114   [8]  00 00 00 00 00 00 80 00
  can0  115   [8]  00 00 00 00 00 00 00 00
  can0  116   [8]  00 08 00 08 00 00 00 00
  can0  100   [8]  45 67 64 9C 64 9C 77 33
  can0  102   [8]  00 00 00 00 FF 00 00 00
  can0  110   [8]  00 00 00 00 00 00 00 00
  can0  111   [8]  4D 0E 02 00 00 00 00 00
  can0  112   [8]  03 03 77 77 04 04 04 04
  can0  101   [8]  D1 F1 00 00 00 00 00 11
  can0  103   [8]  00 00 00 00 00 00 00 00
  can0  113   [8]  81 47 0A 00 08 61 0A 00
  can0  114   [8]  00 00 00 00 00 00 80 00
  can0  115   [8]  00 00 00 00 00 00 00 00
  can0  116   [8]  00 08 00 08 00 00 00 00
  can0  610   [8]  15 AE B7 BE 29 5C 8F 3E
  can0  611   [4]  CD CC 9C 3E
  can0  630   [1]  F0
  can0  100   [8]  19 68 64 9C 64 9C 77 33
  can0  102   [8]  00 00 00 00 FF 00 00 00
  can0  110   [8]  00 00 00 00 00 00 00 00
  can0  111   [8]  4E 0E 02 00 00 00 00 00
  can0  112   [8]  03 03 77 77 04 04 04 04
  can0  101   [8]  36 F2 00 00 00 00 00 11
  can0  103   [8]  00 00 00 00 00 00 00 00
  can0  113   [8]  86 47 0A 00 0D 61 0A 00
  can0  114   [8]  00 00 00 00 00 00 80 00
  can0  115   [8]  00 00 00 00 00 00 00 00
  can0  116   [8]  00 08 00 08 00 00 00 00
  can0  100   [8]  44 69 64 9C 64 9C 77 33
  can0  102   [8]  00 00 00 00 FF 00 00 00
  can0  110   [8]  00 00 00 00 00 00 00 00
  can0  111   [8]  4F 0E 02 00 00 00 00 00
  can0  112   [8]  03 03 77 77 04 04 04 04
  can0  101   [8]  6B F3 00 00 00 00 00 11
  can0  103   [8]  00 00 00 00 00 00 00 00
  can0  113   [8]  8B 47 0A 00 12 61 0A 00
  can0  114   [8]  00 00 00 00 00 00 80 00
  can0  115   [8]  00 00 00 00 00 00 00 00
  can0  116   [8]  00 08 00 08 00 00 00 00
  can0  100   [8]  A3 6A 64 9C 64 9C 77 33
  can0  102   [8]  00 00 00 00 FF 00 00 00
  can0  110   [8]  00 00 00 00 00 00 00 00
  can0  111   [8]  50 0E 02 00 00 00 00 00
  can0  112   [8]  03 03 77 77 04 04 04 04
  can0  101   [8]  E5 F4 00 00 00 00 00 11
  can0  103   [8]  00 00 00 00 00 00 00 00
  can0  113   [8]  90 47 0A 00 17 61 0A 00
  can0  114   [8]  00 00 00 00 00 00 80 00
  can0  115   [8]  00 00 00 00 00 00 00 00
  can0  116   [8]  00 08 00 08 00 00 00 00
  can0  100   [8]  FE 6B 64 9C 64 9C 77 33
  can0  102   [8]  00 00 00 00 FF 00 00 00
  can0  110   [8]  00 00 00 00 00 00 00 00
  can0  111   [8]  51 0E 02 00 00 00 00 00
  can0  112   [8]  03 03 77 77 04 04 04 04
  can0  101   [8]  B8 F5 00 00 00 00 00 11
  can0  103   [8]  00 00 00 00 00 00 00 00
  can0  113   [8]  95 47 0A 00 1C 61 0A 00
  can0  114   [8]  00 00 00 00 00 00 80 00
  can0  115   [8]  00 00 00 00 00 00 00 00
  can0  116   [8]  00 08 00 08 00 00 00 00
  can0  100   [8]  70 6C 64 9C 64 9C 77 33
  can0  102   [8]  00 00 00 00 FF 00 00 00
  can0  110   [8]  00 00 00 00 00 00 00 00
  can0  111   [8]  52 0E 02 00 00 00 00 00
  can0  112   [8]  03 03 77 77 04 04 04 04
  can0  101   [8]  5F F6 00 00 00 00 00 11
  can0  103   [8]  00 00 00 00 00 00 00 00
  can0  113   [8]  9A 47 0A 00 21 61 0A 00
  can0  114   [8]  00 00 00 00 00 00 80 00
  can0  115   [8]  00 00 00 00 00 00 00 00
  can0  116   [8]  00 08 00 08 00 00 00 00
  can0  600   [8]  EC FF F0 FF FA 00 02 03
  can0  601   [6]  12 00 F8 FF 85 01
  can0  630   [1]  F0
  can0  100   [8]  2D 6D 64 9C 64 9C 77 33
  can0  102   [8]  00 00 00 00 FF 00 00 00
  can0  110   [8]  00 00 00 00 00 00 00 00
  can0  111   [8]  53 0E 02 00 00 00 00 00
  can0  112   [8]  03 03 77 77 04 04 04 04
  can0  101   [8]  02 F7 00 00 00 00 00 11
  can0  103   [8]  00 00 00 00 00 00 00 00
  can0  113   [8]  9F 47 0A 00 26 61 0A 00
  can0  114   [8]  00 00 00 00 00 00 80 00
  can0  115   [8]  00 00 00 00 00 00 00 00
  can0  116   [8]  00 08 00 08 00 00 00 00
  can0  100   [8]  CA 6E 64 9C 64 9C 77 33
  can0  102   [8]  00 00 00 00 FF 00 00 00
  can0  110   [8]  00 00 00 00 00 00 00 00
  can0  111   [8]  54 0E 02 00 00 00 00 00
  can0  112   [8]  03 03 77 77 04 04 04 04
  can0  101   [8]  5E F8 00 00 00 00 00 11
  can0  103   [8]  00 00 00 00 00 00 00 00
  can0  113   [8]  A4 47 0A 00 2B 61 0A 00
  can0  114   [8]  00 00 00 00 00 00 80 00
  can0  115   [8]  00 00 00 00 00 00 00 00
  can0  116   [8]  00 08 00 08 00 00 00 00
  can0  100   [8]  97 6F 64 9C 64 9C 77 33
  can0  102   [8]  00 00 00 00 FF 00 00 00
  can0  110   [8]  00 00 00 00 00 00 00 00
  can0  111   [8]  55 0E 02 00 00 00 00 00
  can0  112   [8]  03 03 77 77 04 04 04 04
  can0  101   [8]  03 F9 00 00 00 00 00 11
  can0  103   [8]  00 00 00 00 00 00 00 00
  can0  113   [8]  A9 47 0A 00 30 61 0A 00
  can0  114   [8]  00 00 00 00 00 00 80 00
  can0  115   [8]  00 00 00 00 00 00 00 00
  can0  116   [8]  00 08 00 08 00 00 00 00
  can0  100   [8]  72 70 64 9C 64 9C 77 33
  can0  102   [8]  00 00 00 00 FF 00 00 00
  can0  110   [8]  00 00 00 00 00 00 00 00
  can0  111   [8]  56 0E 02 00 00 00 00 00
  can0  112   [8]  03 03 77 77 04 04 04 04
  can0  101   [8]  E4 FA 00 00 00 00 00 11
  can0  103   [8]  00 00 00 00 00 00 00 00
  can0  113   [8]  AE 47 0A 00 35 61 0A 00
  can0  114   [8]  00 00 00 00 00 00 80 00
  can0  115   [8]  00 00 00 00 00 00 00 00
  can0  116   [8]  00 08 00 08 00 00 00 00
  can0  100   [8]  2F 71 64 9C 64 9C 77 33
  can0  102   [8]  00 00 00 00 FF 00 00 00
  can0  110   [8]  00 00 00 00 00 00 00 00
  can0  111   [8]  57 0E 02 00 00 00 00 00
  can0  112   [8]  03 03 77 77 04 04 04 04
  can0  101   [8]  B9 FB 00 00 00 00 00 11
  can0  103   [8]  00 00 00 00 00 00 00 00
  can0  113   [8]  B3 47 0A 00 3A 61 0A 00
  can0  114   [8]  00 00 00 00 00 00 80 00
  can0  115   [8]  00 00 00 00 00 00 00 00
  can0  116   [8]  00 08 00 08 00 00 00 00
  can0  610   [8]  15 AE B7 BE 29 5C 8F 3E
  can0  611   [4]  CD CC 9C 3E
  can0  630   [1]  F0
  can0  100   [8]  C8 72 64 9C 64 9C 77 33
  can0  102   [8]  00 00 00 00 FF 00 00 00
  can0  110   [8]  00 00 00 00 00 00 00 00
  can0  111   [8]  58 0E 02 00 00 00 00 00
  can0  112   [8]  03 03 77 77 04 04 04 04
  can0  101   [8]  37 FC 00 00 00 00 00 11
  can0  103   [8]  00 00 00 00 00 00 00 00
  can0  113   [8]  B8 47 0A 00 3F 61 0A 00
  can0  114   [8]  00 00 00 00 00 00 80 00
  can0  115   [8]  00 00 00 00 00 00 00 00
  can0  116   [8]  00 08 00 08 00 00 00 00
  can0  101   [8]  6A FD 00 00 00 00 00 11
  can0  100   [8]  95 73 64 9C 64 9C 77 33
  can0  102   [8]  00 00 00 00 FF 00 00 00
  can0  110   [8]  00 00 00 00 00 00 00 00
  can0  111   [8]  59 0E 02 00 00 00 00 00
  can0  112   [8]  03 03 77 77 04 04 04 04
  can0  103   [8]  00 00 00 00 00 00 00 00
  can0  113   [8]  BD 47 0A 00 44 61 0A 00
  can0  114   [8]  00 00 00 00 00 00 80 00
  can0  115   [8]  00 00 00 00 00 00 00 00
  can0  116   [8]  00 08 00 08 00 00 00 00
  can0  101   [8]  8D FE 00 00 00 00 00 11
  can0  103   [8]  00 00 00 00 00 00 00 00
  can0  100   [8]  1B 74 64 9C 64 9C 77 33
  can0  102   [8]  00 00 00 00 FF 00 00 00
  can0  110   [8]  00 00 00 00 00 00 00 00
  can0  111   [8]  5A 0E 02 00 00 00 00 00
  can0  112   [8]  03 03 77 77 04 04 04 04
  can0  113   [8]  C2 47 0A 00 49 61 0A 00
  can0  114   [8]  00 00 00 00 00 00 80 00
  can0  115   [8]  00 00 00 00 00 00 00 00
  can0  116   [8]  00 08 00 08 00 00 00 00
  can0  402   [8]  02 00 17 15 FF 2C 00 10
  can0  403   [8]  02 01 2C 1F 3C 34 00 00
  can0  405   [8]  03 01 00 00 00 00 00 00
  can0  404   [8]  03 00 00 00 00 00 00 00
  can0  101   [8]  D0 FF 00 00 00 00 00 11
  can0  100   [8]  46 75 64 9C 64 9C 77 33
  can0  102   [8]  00 00 00 00 FF 00 00 00
  can0  110   [8]  00 00 00 00 00 00 00 00
  can0  111   [8]  5B 0E 02 00 00 00 00 00
  can0  112   [8]  03 03 77 77 04 04 04 04
  can0  103   [8]  00 00 00 00 00 00 00 00
  can0  113   [8]  C7 47 0A 00 4E 61 0A 00
  can0  114   [8]  00 00 00 00 00 00 80 00
  can0  115   [8]  00 00 00 00 00 00 00 00
  can0  116   [8]  00 08 00 08 00 00 00 00
  can0  101   [8]  25 00 00 00 00 00 00 11
  can0  100   [8]  A1 76 64 9C 64 9C 77 33
  can0  102   [8]  00 00 00 00 FF 00 00 00
  can0  110   [8]  00 00 00 00 00 00 00 00
  can0  111   [8]  5C 0E 02 00 00 00 00 00
  can0  112   [8]  03 03 77 77 04 04 04 04
  can0  103   [8]  00 00 00 00 00 00 00 00
  can0  113   [8]  CC 47 0A 00 53 61 0A 00
  can0  114   [8]  00 00 00 00 00 00 80 00
  can0  115   [8]  00 00 00 00 00 00 00 00
  can0  116   [8]  00 08 00 08 00 00 00 00
  can0  630   [1]  F0
  can0  101   [8]  78 01 00 00 00 00 00 11
  can0  103   [8]  00 00 00 00 00 00 00 00
  can0  100   [8]  FC 77 64 9C 64 9C 77 33
  can0  102   [8]  00 00 00 00 FF 00 00 00
  can0  110   [8]  01 00 00 00 00 00 00 00
  can0  111   [8]  5D 0E 02 00 00 00 00 00
  can0  112   [8]  03 03 77 77 04 04 04 04
  can0  113   [8]  D1 47 0A 00 58 61 0A 00
  can0  114   [8]  00 00 00 00 00 00 80 00
  can0  115   [8]  00 00 00 00 00 00 00 00
  can0  116   [8]  00 08 00 08 00 00 00 00
  can0  100   [8]  A0 78 64 9C 64 9C 77 33
  can0  102   [8]  00 00 00 00 FF 00 00 00
  can0  110   [8]  01 00 00 00 00 00 00 00
  can0  111   [8]  5E 0E 02 00 00 00 00 00
  can0  112   [8]  03 03 77 77 04 04 04 04
  can0  101   [8]  9F 02 00 00 00 00 00 11
  can0  103   [8]  00 00 00 00 00 00 00 00
  can0  113   [8]  D6 47 0A 00 5D 61 0A 00
  can0  114   [8]  00 00 00 00 00 00 80 00
  can0  115   [8]  00 00 00 00 00 00 00 00
  can0  116   [8]  00 08 00 08 00 00 00 00
  can0  101   [8]  C2 03 00 00 00 00 00 11
  can0  100   [8]  FD 79 64 9C 64 9C 77 33
  can0  102   [8]  00 00 00 00 FF 00 00 00
  can0  110   [8]  01 00 00 00 00 00 00 00
  can0  111   [8]  5F 0E 02 00 00 00 00 00
  can0  112   [8]  03 03 77 77 04 04 04 04
  can0  103   [8]  00 00 00 00 00 00 00 00
  can0  113   [8]  DB 47 0A 00 62 61 0A 00
  can0  114   [8]  00 00 00 00 00 00 80 00
  can0  115   [8]  00 00 00 00 00 00 00 00
  can0  116   [8]  00 08 00 08 00 00 00 00
  can0  620   [3]  02 00 01
  can0  621   [8]  00 00 00 00 00 00 00 00
  can0  622   [7]  00 00 00 00 00 00 00
  can0  623   [7]  00 00 00 00 00 00 00
  can0  624   [4]  00 00 00 00
  can0  625   [8]  E1 FA C7 42 E1 FA C7 42
  can0  626   [4]  E1 FA C7 42
  can0  627   [6]  00 00 00 00 00 00
  can0  101   [8]  4C 04 00 00 00 00 00 11
  can0  100   [8]  1A 7A 64 9C 64 9C 77 33
  can0  102   [8]  00 00 00 00 FF 00 00 00
  can0  110   [8]  01 00 00 00 00 00 00 00
  can0  111   [8]  60 0E 02 00 00 00 00 00
  can0  112   [8]  03 03 77 77 04 04 04 04
  can0  103   [8]  00 00 00 00 00 00 00 00
  can0  113   [8]  E0 47 0A 00 67 61 0A 00
  can0  114   [8]  00 00 00 00 00 00 80 00
  can0  115   [8]  00 00 00 00 00 00 00 00
  can0  116   [8]  00 08 00 08 00 00 00 00
  can0  640   [8]  33 21 07 06 13 07 19 00
  can0  100   [8]  47 7B 64 9C 64 9C 77 33
  can0  102   [8]  00 00 00 00 FF 00 00 00
  can0  110   [8]  01 00 00 00 00 00 00 00
  can0  111   [8]  61 0E 02 00 00 00 00 00
  can0  112   [8]  03 03 77 77 04 04 04 04
  can0  101   [8]  11 05 00 00 00 00 00 11
  can0  103   [8]  00 00 00 00 00 00 00 00
  can0  113   [8]  E5 47 0A 00 6C 61 0A 00
  can0  114   [8]  00 00 00 00 00 00 80 00
  can0  115   [8]  00 00 00 00 00 00 00 00
  can0  116   [8]  00 08 00 08 00 00 00 00
  can0  600   [8]  EC FF F0 FF FC 00 02 03
  can0  601   [6]  12 00 F8 FF 85 01
  can0  610   [8]  5C 8F 1A BF 7B 14 4E BE
  can0  611   [4]  52 B8 2E 3F
  can0  630   [1]  F0
  can0  101   [8]  F6 06 00 00 00 00 00 11
  can0  100   [8]  C9 7C 64 9C 64 9C 77 33
  can0  102   [8]  00 00 00 00 FF 00 00 00
  can0  110   [8]  01 00 00 00 00 00 00 00
  can0  111   [8]  62 0E 02 00 00 00 00 00
  can0  112   [8]  03 03 77 77 04 04 04 04
  can0  103   [8]  00 00 00 00 00 00 00 00
  can0  113   [8]  EA 47 0A 00 71 61 0A 00
  can0  114   [8]  00 00 00 00 00 00 80 00
  can0  115   [8]  00 00 00 00 00 00 00 00
  can0  116   [8]  00 08 00 08 00 00 00 00
  can0  101   [8]  AB 07 00 00 00 00 00 11
  can0  100   [8]  94 7D 64 9C 64 9C 77 33
  can0  102   [8]  00 00 00 00 FF 00 00 00
  can0  110   [8]  01 00 00 00 00 00 00 00
  can0  111   [8]  63 0E 02 00 00 00 00 00
  can0  112   [8]  03 03 77 77 04 04 04 04
  can0  103   [8]  00 00 00 00 00 00 00 00
  can0  113   [8]  EF 47 0A 00 76 61 0A 00
  can0  114   [8]  00 00 00 00 00 00 80 00
  can0  115   [8]  00 00 00 00 00 00 00 00
  can0  116   [8]  00 08 00 08 00 00 00 00
  can0  101   [8]  F7 08 00 00 00 00 00 11
  can0  103   [8]  00 00 00 00 00 00 00 00
  can0  100   [8]  73 7E 64 9C 64 9C 77 33
  can0  102   [8]  00 00 00 00 FF 00 00 00
  can0  110   [8]  01 00 00 00 00 00 00 00
  can0  111   [8]  64 0E 02 00 00 00 00 00
  can0  112   [8]  03 03 77 77 04 04 04 04
  can0  113   [8]  F4 47 0A 00 7B 61 0A 00
  can0  114   [8]  00 00 00 00 00 00 80 00
  can0  115   [8]  00 00 00 00 00 00 00 00
  can0  116   [8]  00 08 00 08 00 00 00 00
  can0  101   [8]  AA 09 00 00 00 00 00 11
  can0  103   [8]  00 00 00 00 00 00 00 00
  can0  100   [8]  2E 7F 64 9C 64 9C 77 33
  can0  102   [8]  00 00 00 00 FF 00 00 00
  can0  110   [8]  01 00 00 00 00 00 00 00
  can0  111   [8]  65 0E 02 00 00 00 00 00
  can0  112   [8]  03 03 77 77 04 04 04 04
  can0  113   [8]  F9 47 0A 00 80 61 0A 00
  can0  114   [8]  00 00 00 00 00 00 80 00
  can0  115   [8]  00 00 00 00 00 00 00 00
  can0  116   [8]  00 08 00 08 00 00 00 00
  can0  100   [8]  DB 80 64 9C 64 9C 77 33
  can0  102   [8]  00 00 00 00 FF 00 00 00
  can0  110   [8]  01 00 00 00 00 00 00 00
  can0  111   [8]  66 0E 02 00 00 00 00 00
  can0  112   [8]  03 03 77 77 04 04 04 04
  can0  101   [8]  4D 0A 00 00 00 00 00 11
  can0  103   [8]  00 00 00 00 00 00 00 00
  can0  113   [8]  FE 47 0A 00 85 61 0A 00
  can0  114   [8]  00 00 00 00 00 00 80 00
  can0  115   [8]  00 00 00 00 00 00 00 00
  can0  116   [8]  00 08 00 08 00 00 00 00
  can0  630   [1]  F0
  can0  101   [8]  10 0B 00 00 00 00 00 11
  can0  100   [8]  86 81 64 9C 64 9C 77 33
  can0  102   [8]  00 00 00 00 FF 00 00 00
  can0  110   [8]  01 00 00 00 00 00 00 00
  can0  111   [8]  67 0E 02 00 00 00 00 00
  can0  112   [8]  03 03 77 77 04 04 04 04
  can0  103   [8]  00 00 00 00 00 00 00 00
  can0  113   [8]  03 48 0A 00 8A 61 0A 00
  can0  114   [8]  00 00 00 00 00 00 80 00
  can0  115   [8]  00 00 00 00 00 00 00 00
  can0  116   [8]  00 08 00 08 00 00 00 00
  can0  101   [8]  9E 0C 00 00 00 00 00 11
  can0  103   [8]  00 00 00 00 00 00 00 00
  can0  100   [8]  61 82 64 9C 64 9C 77 33
  can0  102   [8]  00 00 00 00 FF 00 00 00
  can0  110   [8]  01 00 00 00 00 00 00 00
  can0  111   [8]  68 0E 02 00 00 00 00 00
  can0  112   [8]  03 03 77 77 04 04 04 04
  can0  113   [8]  08 48 0A 00 8F 61 0A 00
  can0  114   [8]  00 00 00 00 00 00 80 00
  can0  115   [8]  00 00 00 00 00 00 00 00
  can0  116   [8]  00 08 00 08 00 00 00 00
  can0  100   [8]  3C 83 64 9C 64 9C 77 33
  can0  102   [8]  00 00 00 00 FF 00 00 00
  can0  110   [8]  01 00 00 00 00 00 00 00
  can0  111   [8]  69 0E 02 00 00 00 00 00
  can0  112   [8]  03 03 77 77 04 04 04 04
  can0  101   [8]  C3 0D 00 00 00 00 00 11
  can0  103   [8]  00 00 00 00 00 00 00 00
  can0  113   [8]  0D 48 0A 00 94 61 0A 00
  can0  114   [8]  00 00 00 00 00 00 80 00
  can0  115   [8]  00 00 00 00 00 00 00 00
  can0  116   [8]  00 08 00 08 00 00 00 00
  can0  101   [8]  24 0E 00 00 00 00 00 11
  can0  100   [8]  B2 84 64 9C 64 9C 77 33
  can0  102   [8]  00 00 00 00 FF 00 00 00
  can0  110   [8]  01 00 00 00 00 00 00 00
  can0  111   [8]  6A 0E 02 00 00 00 00 00
  can0  112   [8]  03 03 77 77 04 04 04 04
  can0  103   [8]  00 00 00 00 00 00 00 00
  can0  113   [8]  12 48 0A 00 99 61 0A 00
  can0  114   [8]  00 00 00 00 00 00 80 00
  can0  115   [8]  00 00 00 00 00 00 00 00
  can0  116   [8]  00 08 00 08 00 00 00 00
  can0  101   [8]  79 0F 00 00 00 00 00 11
  can0  103   [8]  00 00 00 00 00 00 00 00
  can0  100   [8]  EF 85 64 9C 64 9C 77 33
  can0  102   [8]  00 00 00 00 FF 00 00 00
  can0  110   [8]  01 00 00 00 00 00 00 00
  can0  111   [8]  6B 0E 02 00 00 00 00 00
  can0  112   [8]  03 03 77 77 04 04 04 04
  can0  113   [8]  17 48 0A 00 9E 61 0A 00
  can0  114   [8]  00 00 00 00 00 00 80 00
  can0  115   [8]  00 00 00 00 00 00 00 00
  can0  116   [8]  00 08 00 08 00 00 00 00
  can0  610   [8]  5C 8F 1A BF 7B 14 4E BE
  can0  611   [4]  52 B8 2E 3F
  can0  630   [1]  F0
  can0  101   [8]  9C 10 00 00 00 00 00 11
  can0  103   [8]  00 00 00 00 00 00 00 00
  can0  100   [8]  08 86 64 9C 64 9C 77 33
  can0  102   [8]  00 00 00 00 FF 00 00 00
  can0  110   [8]  01 00 00 00 00 00 00 00
  can0  111   [8]  6C 0E 02 00 00 00 00 00
  can0  112   [8]  03 03 77 77 04 04 04 04
  can0  113   [8]  1C 48 0A 00 A3 61 0A 00
  can0  114   [8]  00 00 00 00 00 00 80 00
  can0  115   [8]  00 00 00 00 00 00 00 00
  can0  116   [8]  00 08 00 08 00 00 00 00
  can0  101   [8]  C1 11 00 00 00 00 00 11
  can0  103   [8]  00 00 00 00 00 00 00 00
  can0  100   [8]  55 87 64 9C 64 9C 77 33
  can0  102   [8]  00 00 00 00 FF 00 00 00
  can0  110   [8]  01 00 00 00 00 00 00 00
  can0  111   [8]  6D 0E 02 00 00 00 00 00
  can0  112   [8]  03 03 77 77 04 04 04 04
  can0  113   [8]  21 48 0A 00 A8 61 0A 00
  can0  114   [8]  00 00 00 00 00 00 80 00
  can0  115   [8]  00 00 00 00 00 00 00 00
  can0  116   [8]  00 08 00 08 00 00 00 00
  can0  101   [8]  26 12 00 00 00 00 00 11
  can0  103   [8]  00 00 00 00 00 00 00 00
  can0  100   [8]  09 88 64 9C 64 9C 77 33
  can0  102   [8]  00 00 00 00 FF 00 00 00
  can0  110   [8]  01 00 00 00 00 00 00 00
  can0  111   [8]  6E 0E 02 00 00 00 00 00
  can0  112   [8]  03 03 77 77 04 04 04 04
  can0  113   [8]  26 48 0A 00 AD 61 0A 00
  can0  114   [8]  00 00 00 00 00 00 80 00
  can0  115   [8]  00 00 00 00 00 00 00 00
  can0  116   [8]  00 08 00 08 00 00 00 00
  can0  101   [8]  7B 13 00 00 00 00 00 11
  can0  103   [8]  00 00 00 00 00 00 00 00
  can0  100   [8]  54 89 64 9C 64 9C 77 33
  can0  102   [8]  00 00 00 00 FF 00 00 00
  can0  110   [8]  01 00 00 00 00 00 00 00
  can0  111   [8]  6F 0E 02 00 00 00 00 00
  can0  112   [8]  03 03 77 77 04 04 04 04
  can0  113   [8]  2B 48 0A 00 B2 61 0A 00
  can0  114   [8]  00 00 00 00 00 00 80 00
  can0  115   [8]  00 00 00 00 00 00 00 00
  can0  116   [8]  00 08 00 08 00 00 00 00
  can0  101   [8]  F5 14 00 00 00 00 00 11
  can0  103   [8]  00 00 00 00 00 00 00 00
  can0  100   [8]  B3 8A 64 9C 64 9C 77 33
  can0  102   [8]  00 00 00 00 FF 00 00 00
  can0  110   [8]  01 00 00 00 00 00 00 00
  can0  111   [8]  70 0E 02 00 00 00 00 00
  can0  112   [8]  03 03 77 77 04 04 04 04
  can0  113   [8]  30 48 0A 00 B7 61 0A 00
  can0  114   [8]  00 00 00 00 00 00 80 00
  can0  115   [8]  00 00 00 00 00 00 00 00
  can0  116   [8]  00 08 00 08 00 00 00 00
  can0  600   [8]  EC FF F1 FF FC 00 02 03
  can0  601   [6]  17 00 FA FF 80 01
  can0  630   [1]  F0
  can0  101   [8]  A8 15 00 00 00 00 00 11
  can0  103   [8]  00 00 00 00 00 00 00 00
  can0  100   [8]  EE 8B 64 9C 64 9C 77 33
  can0  102   [8]  00 00 00 00 FF 00 00 00
  can0  110   [8]  01 00 00 00 00 00 00 00
  can0  111   [8]  71 0E 02 00 00 00 00 00
  can0  112   [8]  03 03 77 77 04 04 04 04
  can0  113   [8]  35 48 0A 00 BC 61 0A 00
  can0  114   [8]  00 00 00 00 00 00 80 00
  can0  115   [8]  00 00 00 00 00 00 00 00
  can0  116   [8]  00 08 00 08 00 00 00 00
  can0  101   [8]  4F 16 00 00 00 00 00 11
  can0  103   [8]  00 00 00 00 00 00 00 00
  can0  100   [8]  60 8C 64 9C 64 9C 77 33
  can0  102   [8]  00 00 00 00 FF 00 00 00
  can0  110   [8]  01 00 00 00 00 00 00 00
  can0  111   [8]  72 0E 02 00 00 00 00 00
  can0  112   [8]  03 03 77 77 04 04 04 04
  can0  113   [8]  3A 48 0A 00 C1 61 0A 00
  can0  114   [8]  00 00 00 00 00 00 80 00
  can0  115   [8]  00 00 00 00 00 00 00 00
  can0  116   [8]  00 08 00 08 00 00 00 00
  can0  101   [8]  12 17 00 00 00 00 00 11
  can0  103   [8]  00 00 00 00 00 00 00 00
  can0  100   [8]  3D 8D 64 9C 64 9C 77 33
  can0  102   [8]  00 00 00 00 FF 00 00 00
  can0  110   [8]  01 00 00 00 00 00 00 00
  can0  111   [8]  73 0E 02 00 00 00 00 00
  can0  112   [8]  03 03 77 77 04 04 04 04
  can0  113   [8]  3F 48 0A 00 C6 61 0A 00
  can0  114   [8]  00 00 00 00 00 00 80 00
  can0  115   [8]  00 00 00 00 00 00 00 00
  can0  116   [8]  00 08 00 08 00 00 00 00
  can0  620   [3]  02 00 01
  can0  621   [8]  00 00 00 00 00 00 00 00
  can0  622   [7]  00 00 00 00 00 00 00
  can0  623   [7]  00 00 00 00 00 00 00
  can0  624   [4]  00 00 00 00
  can0  625   [8]  E1 FA C7 42 E1 FA C7 42
  can0  626   [4]  E1 FA C7 42
  can0  627   [6]  00 00 00 00 00 00
  can0  101   [8]  4E 18 00 00 00 00 00 11
  can0  103   [8]  00 00 00 00 00 00 00 00
  can0  100   [8]  DA 8E 64 9C 64 9C 77 33
  can0  102   [8]  00 00 00 00 FF 00 00 00
  can0  110   [8]  01 00 00 00 00 00 00 00
  can0  111   [8]  74 0E 02 00 00 00 00 00
  can0  112   [8]  03 03 77 77 04 04 04 04
  can0  113   [8]  44 48 0A 00 CB 61 0A 00
  can0  114   [8]  00 00 00 00 00 00 80 00
  can0  115   [8]  00 00 00 00 00 00 00 00
  can0  116   [8]  00 08 00 08 00 00 00 00
  can0  101   [8]  13 19 00 00 00 00 00 11
  can0  103   [8]  00 00 00 00 00 00 00 00
  can0  100   [8]  87 8F 64 9C 64 9C 77 33
  can0  102   [8]  00 00 00 00 FF 00 00 00
  can0  110   [8]  01 00 00 00 00 00 00 00
  can0  111   [8]  75 0E 02 00 00 00 00 00
  can0  112   [8]  03 03 77 77 04 04 04 04
  can0  113   [8]  49 48 0A 00 D0 61 0A 00
  can0  114   [8]  00 00 00 00 00 00 80 00
  can0  115   [8]  00 00 00 00 00 00 00 00
  can0  116   [8]  00 08 00 08 00 00 00 00
  can0  610   [8]  D7 A3 88 BF 29 5C 0F BC
  can0  611   [4]  52 B8 AE 3E
  can0  630   [1]  F0
  can0  101   [8]  F4 1A 00 00 00 00 00 11
  can0  103   [8]  00 00 00 00 00 00 00 00
  can0  100   [8]  62 90 64 9C 64 9C 77 33
  can0  102   [8]  00 00 00 00 FF 00 00 00
  can0  110   [8]  01 00 00 00 00 00 00 00
  can0  111   [8]  76 0E 02 00 00 00 00 00
  can0  112   [8]  03 03 77 77 04 04 04 04
  can0  113   [8]  4E 48 0A 00 D5 61 0A 00
  can0  114   [8]  00 00 00 00 00 00 80 00
  can0  115   [8]  00 00 00 00 00 00 00 00
  can0  116   [8]  00 08 00 08 00 00 00 00
  can0  101   [8]  A9 1B 00 00 00 00 00 11
  can0  103   [8]  00 00 00 00 00 00 00 00
  can0  100   [8]  3F 91 64 9C 64 9C 77 33
  can0  102   [8]  00 00 00 00 FF 00 00 00
  can0  110   [8]  01 00 00 00 00 00 00 00
  can0  111   [8]  77 0E 02 00 00 00 00 00
  can0  112   [8]  03 03 77 77 04 04 04 04
  can0  113   [8]  53 48 0A 00 DA 61 0A 00
  can0  114   [8]  00 00 00 00 00 00 80 00
  can0  115   [8]  00 00 00 00 00 00 00 00
  can0  116   [8]  00 08 00 08 00 00 00 00
  can0  101   [8]  27 1C 00 00 00 00 00 11
  can0  103   [8]  00 00 00 00 00 00 00 00
  can0  100   [8]  D8 92 64 9C 64 9C 77 33
  can0  102   [8]  00 00 00 00 FF 00 00 00
  can0  110   [8]  01 00 00 00 00 00 00 00
  can0  111   [8]  78 0E 02 00 00 00 00 00
  can0  112   [8]  03 03 77 77 04 04 04 04
  can0  113   [8]  58 48 0A 00 DF 61 0A 00
  can0  114   [8]  00 00 00 00 00 00 80 00
  can0  115   [8]  00 00 00 00 00 00 00 00
  can0  116   [8]  00 08 00 08 00 00 00 00
  can0  101   [8]  7A 1D 00 00 00 00 00 11
  can0  103   [8]  00 00 00 00 00 00 00 00
  can0  100   [8]  85 93 64 9C 64 9C 77 33
  can0  102   [8]  00 00 00 00 FF 00 00 00
  can0  110   [8]  01 00 00 00 00 00 00 00
  can0  111   [8]  79 0E 02 00 00 00 00 00
  can0  112   [8]  03 03 77 77 04 04 04 04
  can0  113   [8]  5D 48 0A 00 E4 61 0A 00
  can0  114   [8]  00 00 00 00 00 00 80 00
  can0  115   [8]  00 00 00 00 00 00 00 00
  can0  116   [8]  00 08 00 08 00 00 00 00
  can0  101   [8]  9D 1E 00 00 00 00 00 11
  can0  103   [8]  00 00 00 00 00 00 00 00
  can0  100   [8]  0B 94 64 9C 64 9C 77 33
  can0  102   [8]  00 00 00 00 FF 00 00 00
  can0  110   [8]  01 00 00 00 00 00 00 00
  can0  111   [8]  7A 0E 02 00 00 00 00 00
  can0  112   [8]  03 03 77 77 04 04 04 04
  can0  113   [8]  62 48 0A 00 E9 61 0A 00
  can0  114   [8]  00 00 00 00 00 00 80 00
  can0  115   [8]  00 00 00 00 00 00 00 00
  can0  116   [8]  00 08 00 08 00 00 00 00
  can0  630   [1]  F0
  can0  101   [8]  C0 1F 00 00 00 00 00 11
  can0  103   [8]  00 00 00 00 00 00 00 00
  can0  100   [8]  56 95 64 9C 64 9C 77 33
  can0  102   [8]  00 00 00 00 FF 00 00 00
  can0  110   [8]  01 00 00 00 00 00 00 00
  can0  111   [8]  7B 0E 02 00 00 00 00 00
  can0  112   [8]  03 03 77 77 04 04 04 04
  can0  113   [8]  67 48 0A 00 EE 61 0A 00
  can0  114   [8]  00 00 00 00 00 00 80 00
  can0  115   [8]  00 00 00 00 00 00 00 00
  can0  116   [8]  00 08 00 08 00 00 00 00
  can0  101   [8]  4A 20 00 00 00 00 00 11
  can0  103   [8]  00 00 00 00 00 00 00 00
  can0  100   [8]  B1 96 64 9C 64 9C 77 33
  can0  102   [8]  00 00 00 00 FF 00 00 00
  can0  110   [8]  01 00 00 00 00 00 00 00
  can0  111   [8]  7C 0E 02 00 00 00 00 00
  can0  112   [8]  03 03 77 77 04 04 04 04
  can0  113   [8]  6C 48 0A 00 F3 61 0A 00
  can0  114   [8]  00 00 00 00 00 00 80 00
  can0  115   [8]  00 00 00 00 00 00 00 00
  can0  116   [8]  00 08 00 08 00 00 00 00
  can0  101   [8]  17 21 00 00 00 00 00 11
  can0  103   [8]  00 00 00 00 00 00 00 00
  can0  100   [8]  EC 97 64 9C 64 9C 77 33
  can0  102   [8]  00 00 00 00 FF 00 00 00
  can0  110   [8]  01 00 00 00 00 00 00 00
  can0  111   [8]  7D 0E 02 00 00 00 00 00
  can0  112   [8]  03 03 77 77 04 04 04 04
  can0  113   [8]  71 48 0A 00 F8 61 0A 00
  can0  114   [8]  00 00 00 00 00 00 80 00
  can0  115   [8]  00 00 00 00 00 00 00 00
  can0  116   [8]  00 08 00 08 00 00 00 00
  can0  101   [8]  F0 22 00 00 00 00 00 11
  can0  103   [8]  00 00 00 00 00 00 00 00
  can0  100   [8]  B0 98 64 9C 64 9C 77 33
  can0  102   [8]  00 00 00 00 FF 00 00 00
  can0  110   [8]  01 00 00 00 00 00 00 00
  can0  111   [8]  7E 0E 02 00 00 00 00 00
  can0  112   [8]  03 03 77 77 04 04 04 04
  can0  113   [8]  76 48 0A 00 FD 61 0A 00
  can0  114   [8]  00 00 00 00 00 00 80 00
  can0  115   [8]  00 00 00 00 00 00 00 00
  can0  116   [8]  00 08 00 08 00 00 00 00
  can0  101   [8]  AD 23 00 00 00 00 00 11
  can0  103   [8]  00 00 00 00 00 00 00 00
  can0  100   [8]  ED 99 64 9C 64 9C 77 33
  can0  102   [8]  00 00 00 00 FF 00 00 00
  can0  110   [8]  01 00 00 00 00 00 00 00
  can0  111   [8]  7F 0E 02 00 00 00 00 00
  can0  112   [8]  03 03 77 77 04 04 04 04
  can0  113   [8]  7B 48 0A 00 02 62 0A 00
  can0  114   [8]  00 00 00 00 00 00 80 00
  can0  115   [8]  00 00 00 00 00 00 00 00
  can0  116   [8]  00 08 00 08 00 00 00 00
  can0  600   [8]  EC FF EF FF FA 00 02 03
  can0  601   [6]  16 00 FC FF 82 01
  can0  610   [8]  D7 A3 88 BF 29 5C 0F BC
  can0  611   [4]  52 B8 AE 3E
  can0  630   [1]  F0
  can0  101   [8]  23 24 00 00 00 00 00 11
  can0  103   [8]  00 00 00 00 00 00 00 00
  can0  100   [8]  0A 9A 64 9C 64 9C 77 33
  can0  102   [8]  00 00 00 00 FF 00 00 00
  can0  110   [8]  01 00 00 00 00 00 00 00
  can0  111   [8]  80 0E 02 00 00 00 00 00
  can0  112   [8]  03 03 77 77 04 04 04 04
  can0  113   [8]  80 48 0A 00 07 62 0A 00
  can0  114   [8]  00 00 00 00 00 00 80 00
  can0  115   [8]  00 00 00 00 00 00 00 00
  can0  116   [8]  00 08 00 08 00 00 00 00
  can0  101   [8]  7E 25 00 00 00 00 00 11
  can0  103   [8]  00 00 00 00 00 00 00 00
  can0  100   [8]  57 9B 64 9C 64 9C 77 33
  can0  102   [8]  00 00 00 00 FF 00 00 00
  can0  110   [8]  01 00 00 00 00 00 00 00
  can0  111   [8]  81 0E 02 00 00 00 00 00
  can0  112   [8]  03 03 77 77 04 04 04 04
  can0  113   [8]  85 48 0A 00 0C 62 0A 00
  can0  114   [8]  00 00 00 00 00 00 80 00
  can0  115   [8]  00 00 00 00 00 00 00 00
  can0  116   [8]  00 08 00 08 00 00 00 00
  can0  101   [8]  99 26 00 00 00 00 00 11
  can0  103   [8]  00 00 00 00 00 00 00 00
  can0  100   [8]  D9 9C 64 9C 64 9C 77 33
  can0  102   [8]  00 00 00 00 FF 00 00 00
  can0  110   [8]  01 00 00 00 00 00 00 00
  can0  111   [8]  82 0E 02 00 00 00 00 00
  can0  112   [8]  03 03 77 77 04 04 04 04
  can0  113   [8]  8A 48 0A 00 11 62 0A 00
  can0  114   [8]  00 00 00 00 00 00 80 00
  can0  115   [8]  00 00 00 00 00 00 00 00
  can0  116   [8]  00 08 00 08 00 00 00 00
  can0  402   [8]  02 00 17 15 FF 2C 00 10
  can0  403   [8]  02 01 2C 12 3C 34 00 00
  can0  405   [8]  03 01 00 00 00 00 00 00
  can0  404   [8]  03 00 00 00 00 00 00 00
  can0  101   [8]  C4 27 00 00 00 00 00 11
  can0  103   [8]  00 00 00 00 00 00 00 00
  can0  100   [8]  84 9D 64 9C 64 9C 77 33
  can0  102   [8]  00 00 00 00 FF 00 00 00
  can0  110   [8]  01 00 00 00 00 00 00 00
  can0  111   [8]  83 0E 02 00 00 00 00 00
  can0  112   [8]  03 03 77 77 04 04 04 04
  can0  113   [8]  8F 48 0A 00 16 62 0A 00
  can0  114   [8]  00 00 00 00 00 00 80 00
  can0  115   [8]  00 00 00 00 00 00 00 00
  can0  116   [8]  00 08 00 08 00 00 00 00
  can0  101   [8]  98 28 00 00 00 00 00 11
  can0  103   [8]  00 00 00 00 00 00 00 00
  can0  630   [1]  F0
  can0  100   [8]  63 9E 64 9C 64 9C 77 33
  can0  102   [8]  00 00 00 00 FF 00 00 00
  can0  110   [8]  01 00 00 00 00 00 00 00
  can0  111   [8]  84 0E 02 00 00 00 00 00
  can0  112   [8]  03 03 77 77 04 04 04 04
  can0  113   [8]  94 48 0A 00 1B 62 0A 00
  can0  114   [8]  00 00 00 00 00 00 80 00
  can0  115   [8]  00 00 00 00 00 00 00 00
  can0  116   [8]  00 08 00 08 00 00 00 00
  can0  101   [8]  C5 29 00 00 00 00 00 11
  can0  103   [8]  00 00 00 00 00 00 00 00
  can0  100   [8]  3E 9F 64 9C 64 9C 77 33
  can0  102   [8]  00 00 00 00 FF 00 00 00
  can0  110   [8]  01 00 00 00 00 00 00 00
  can0  111   [8]  85 0E 02 00 00 00 00 00
  can0  112   [8]  03 03 77 77 04 04 04 04
  can0  113   [8]  99 48 0A 00 20 62 0A 00
  can0  114   [8]  00 00 00 00 00 00 80 00
  can0  115   [8]  00 00 00 00 00 00 00 00
  can0  116   [8]  00 08 00 08 00 00 00 00
  can0  101   [8]  22 2A 00 00 00 00 00 11
  can0  103   [8]  00 00 00 00 00 00 00 00
  can0  100   [8]  B4 A0 64 9C 64 9C 77 33
  can0  102   [8]  00 00 00 00 FF 00 00 00
  can0  110   [8]  01 00 00 00 00 00 00 00
  can0  111   [8]  86 0E 02 00 00 00 00 00
  can0  112   [8]  03 03 77 77 04 04 04 04
  can0  113   [8]  9E 48 0A 00 25 62 0A 00
  can0  114   [8]  00 00 00 00 00 00 80 00
  can0  115   [8]  00 00 00 00 00 00 00 00
  can0  116   [8]  00 08 00 08 00 00 00 00
  can0  101   [8]  7F 2B 00 00 00 00 00 11
  can0  103   [8]  00 00 00 00 00 00 00 00
  can0  620   [3]  02 00 01
  can0  621   [8]  00 00 00 00 00 00 00 00
  can0  100   [8]  E9 A1 64 9C 64 9C 77 33
  can0  102   [8]  00 00 00 00 FF 00 00 00
  can0  110   [8]  01 00 00 00 00 00 00 00
  can0  111   [8]  87 0E 02 00 00 00 00 00
  can0  112   [8]  03 03 77 77 04 04 04 04
  can0  113   [8]  A3 48 0A 00 2A 62 0A 00
  can0  114   [8]  00 00 00 00 00 00 80 00
  can0  115   [8]  00 00 00 00 00 00 00 00
  can0  116   [8]  00 08 00 08 00 00 00 00
  can0  622   [7]  00 00 00 00 00 00 00
  can0  623   [7]  00 00 00 00 00 00 00
  can0  624   [4]  00 00 00 00
  can0  101   [8]  F1 2C 00 00 00 00 00 11
  can0  103   [8]  00 00 00 00 00 00 00 00
  can0  625   [8]  E1 FA C7 42 E1 FA C7 42
  can0  626   [4]  E1 FA C7 42
  can0  627   [6]  00 00 00 00 00 00
  can0  100   [8]  0E A2 64 9C 64 9C 77 33
  can0  102   [8]  00 00 00 00 FF 00 00 00
  can0  110   [8]  01 00 00 00 00 00 00 00
  can0  111   [8]  88 0E 02 00 00 00 00 00
  can0  112   [8]  03 03 77 77 04 04 04 04
  can0  113   [8]  A8 48 0A 00 2F 62 0A 00
  can0  114   [8]  00 00 00 00 00 00 80 00
  can0  115   [8]  00 00 00 00 00 00 00 00
  can0  116   [8]  00 08 00 08 00 00 00 00
  can0  101   [8]  AC 2D 00 00 00 00 00 11
  can0  103   [8]  00 00 00 00 00 00 00 00
  can0  610   [8]  71 3D 2A BE 29 5C 8F 3C
  can0  100   [8]  53 A3 64 9C 64 9C 77 33
  can0  102   [8]  00 00 00 00 FF 00 00 00
  can0  110   [8]  00 00 00 00 00 00 00 00
  can0  111   [8]  88 0E 02 00 00 00 00 00
  can0  112   [8]  03 03 77 77 04 04 04 04
  can0  113   [8]  A8 48 0A 00 34 62 0A 00
  can0  114   [8]  00 00 00 00 00 00 80 00
  can0  115   [8]  00 00 00 00 00 00 00 00
  can0  116   [8]  00 08 00 08 00 00 00 00
  can0  611   [4]  A4 70 ED 3E
  can0  630   [1]  F0
  can0  101   [8]  4B 2E 00 00 00 00 00 11
  can0  103   [8]  00 00 00 00 00 00 00 00
  can0  100   [8]  DD A4 64 9C 64 9C 77 33
  can0  102   [8]  00 00 00 00 FF 00 00 00
  can0  110   [8]  00 00 00 00 00 00 00 00
  can0  111   [8]  89 0E 02 00 00 00 00 00
  can0  112   [8]  03 03 77 77 04 04 04 04
  can0  113   [8]  AD 48 0A 00 39 62 0A 00
  can0  114   [8]  00 00 00 00 00 00 80 00
  can0  115   [8]  00 00 00 00 00 00 00 00
  can0  116   [8]  00 08 00 08 00 00 00 00
  can0  101   [8]  16 2F 00 00 00 00 00 11
  can0  103   [8]  00 00 00 00 00 00 00 00
  can0  100   [8]  80 A5 64 9C 64 9C 77 33
  can0  102   [8]  00 00 00 00 FF 00 00 00
  can0  110   [8]  00 00 00 00 00 00 00 00
  can0  111   [8]  8A 0E 02 00 00 00 00 00
  can0  112   [8]  03 03 77 77 04 04 04 04
  can0  113   [8]  B2 48 0A 00 3E 62 0A 00
  can0  114   [8]  00 00 00 00 00 00 80 00
  can0  115   [8]  00 00 00 00 00 00 00 00
  can0  116   [8]  00 08 00 08 00 00 00 00
  can0  101   [8]  F3 30 00 00 00 00 00 11
  can0  103   [8]  00 00 00 00 00 00 00 00
  can0  100   [8]  67 A6 64 9C 64 9C 77 33
  can0  102   [8]  00 00 00 00 FF 00 00 00
  can0  110   [8]  00 00 00 00 00 00 00 00
  can0  111   [8]  8B 0E 02 00 00 00 00 00
  can0  112   [8]  03 03 77 77 04 04 04 04
  can0  113   [8]  B7 48 0A 00 43 62 0A 00
  can0  114   [8]  00 00 00 00 00 00 80 00
  can0  115   [8]  00 00 00 00 00 00 00 00
  can0  116   [8]  00 08 00 08 00 00 00 00
  can0  101   [8]  AE 31 00 00 00 00 00 11
  can0  103   [8]  00 00 00 00 00 00 00 00
  can0  100   [8]  3A A7 64 9C 64 9C 77 33
  can0  102   [8]  00 00 00 00 FF 00 00 00
  can0  110   [8]  00 00 00 00 00 00 00 00
  can0  111   [8]  8C 0E 02 00 00 00 00 00
  can0  112   [8]  03 03 77 77 04 04 04 04
  can0  113   [8]  BC 48 0A 00 48 62 0A 00
  can0  114   [8]  00 00 00 00 00 00 80 00
  can0  115   [8]  00 00 00 00 00 00 00 00
  can0  116   [8]  00 08 00 08 00 00 00 00
  can0  101   [8]  49 32 00 00 00 00 00 11
  can0  103   [8]  00 00 00 00 00 00 00 00
  can0  600   [8]  EC FF F0 FF FC 00 02 03
  can0  100   [8]  66 A8 64 9C 64 9C 77 33
  can0  102   [8]  00 00 00 00 FF 00 00 00
  can0  110   [8]  00 00 00 00 00 00 00 00
  can0  111   [8]  8D 0E 02 00 00 00 00 00
  can0  112   [8]  03 03 77 77 04 04 04 04
  can0  113   [8]  C1 48 0A 00 4D 62 0A 00
  can0  114   [8]  00 00 00 00 00 00 80 00
  can0  115   [8]  00 00 00 00 00 00 00 00
  can0  116   [8]  00 08 00 08 00 00 00 00
  can0  601   [6]  0F 00 FA FF 7E 01
  can0  630   [1]  F0
  can0  101   [8]  14 33 00 00 00 00 00 11
  can0  103   [8]  00 00 00 00 00 00 00 00
  can0  100   [8]  3B A9 64 9C 64 9C 77 33
  can0  102   [8]  00 00 00 00 FF 00 00 00
  can0  110   [8]  00 00 00 00 00 00 00 00
  can0  111   [8]  8E 0E 02 00 00 00 00 00
  can0  112   [8]  03 03 77 77 04 04 04 04
  can0  113   [8]  C6 48 0A 00 52 62 0A 00
  can0  114   [8]  00 00 00 00 00 00 80 00
  can0  115   [8]  00 00 00 00 00 00 00 00
  can0  116   [8]  00 08 00 08 00 00 00 00
  can0  101   [8]  9A 34 00 00 00 00 00 11
  can0  103   [8]  00 00 00 00 00 00 00 00
  can0  100   [8]  DC AA 64 9C 64 9C 77 33
  can0  102   [8]  00 00 00 00 FF 00 00 00
  can0  110   [8]  00 00 00 00 00 00 00 00
  can0  111   [8]  8F 0E 02 00 00 00 00 00
  can0  112   [8]  03 03 77 77 04 04 04 04
  can0  113   [8]  CB 48 0A 00 57 62 0A 00
  can0  114   [8]  00 00 00 00 00 00 80 00
  can0  115   [8]  00 00 00 00 00 00 00 00
  can0  116   [8]  00 08 00 08 00 00 00 00
  can0  101   [8]  C7 35 00 00 00 00 00 11
  can0  103   [8]  00 00 00 00 00 00 00 00
  can0  100   [8]  81 AB 64 9C 64 9C 77 33
  can0  102   [8]  00 00 00 00 FF 00 00 00
  can0  110   [8]  00 00 00 00 00 00 00 00
  can0  111   [8]  90 0E 02 00 00 00 00 00
  can0  112   [8]  03 03 77 77 04 04 04 04
  can0  113   [8]  D0 48 0A 00 5C 62 0A 00
  can0  114   [8]  00 00 00 00 00 00 80 00
  can0  115   [8]  00 00 00 00 00 00 00 00
  can0  116   [8]  00 08 00 08 00 00 00 00
  can0  101   [8]  20 36 00 00 00 00 00 11
  can0  103   [8]  00 00 00 00 00 00 00 00
  can0  100   [8]  0F AC 64 9C 64 9C 77 33
  can0  102   [8]  00 00 00 00 FF 00 00 00
  can0  110   [8]  00 00 00 00 00 00 00 00
  can0  111   [8]  91 0E 02 00 00 00 00 00
  can0  112   [8]  03 03 77 77 04 04 04 04
  can0  113   [8]  D5 48 0A 00 61 62 0A 00
  can0  114   [8]  00 00 00 00 00 00 80 00
  can0  115   [8]  00 00 00 00 00 00 00 00
  can0  116   [8]  00 08 00 08 00 00 00 00
  can0  101   [8]  7D 37 00 00 00 00 00 11
  can0  103   [8]  00 00 00 00 00 00 00 00
  can0  610   [8]  71 3D 2A BE 29 5C 8F 3C
  can0  611   [4]  A4 70 ED 3E
  can0  100   [8]  52 AD 64 9C 64 9C 77 33
  can0  102   [8]  00 00 00 00 FF 00 00 00
  can0  110   [8]  00 00 00 00 00 00 00 00
  can0  111   [8]  92 0E 02 00 00 00 00 00
  can0  112   [8]  03 03 77 77 04 04 04 04
  can0  113   [8]  DA 48 0A 00 66 62 0A 00
  can0  114   [8]  00 00 00 00 00 00 80 00
  can0  115   [8]  00 00 00 00 00 00 00 00
  can0  116   [8]  00 08 00 08 00 00 00 00
  can0  630   [1]  F0
  can0  101   [8]  21 38 00 00 00 00 00 11
  can0  103   [8]  00 00 00 00 00 00 00 00
  can0  100   [8]  B5 AE 64 9C 64 9C 77 33
  can0  102   [8]  00 00 00 00 FF 00 00 00
  can0  110   [8]  00 00 00 00 00 00 00 00
  can0  111   [8]  93 0E 02 00 00 00 00 00
  can0  112   [8]  03 03 77 77 04 04 04 04
  can0  113   [8]  DF 48 0A 00 6B 62 0A 00
  can0  114   [8]  00 00 00 00 00 00 80 00
  can0  115   [8]  00 00 00 00 00 00 00 00
  can0  116   [8]  00 08 00 08 00 00 00 00
  can0  101   [8]  7C 39 00 00 00 00 00 11
  can0  103   [8]  00 00 00 00 00 00 00 00
  can0  100   [8]  E8 AF 64 9C 64 9C 77 33
  can0  102   [8]  00 00 00 00 FF 00 00 00
  can0  110   [8]  00 00 00 00 00 00 00 00
  can0  111   [8]  95 0E 02 00 00 00 00 00
  can0  112   [8]  03 03 77 77 04 04 04 04
  can0  113   [8]  E9 48 0A 00 70 62 0A 00
  can0  114   [8]  00 00 00 00 00 00 80 00
  can0  115   [8]  00 00 00 00 00 00 00 00
  can0  116   [8]  00 08 00 08 00 00 00 00
  can0  101   [8]  9B 3A 00 00 00 00 00 11
  can0  103   [8]  00 00 00 00 00 00 00 00
  can0  100   [8]  0D B0 64 9C 64 9C 77 33
  can0  102   [8]  00 00 00 00 FF 00 00 00
  can0  110   [8]  00 00 00 00 00 00 00 00
  can0  111   [8]  96 0E 02 00 00 00 00 00
  can0  112   [8]  03 03 77 77 04 04 04 04
  can0  113   [8]  EE 48 0A 00 75 62 0A 00
  can0  114   [8]  00 00 00 00 00 00 80 00
  can0  115   [8]  00 00 00 00 00 00 00 00
  can0  116   [8]  00 08 00 08 00 00 00 00
  can0  101   [8]  C6 3B 00 00 00 00 00 11
  can0  103   [8]  00 00 00 00 00 00 00 00
  can0  100   [8]  50 B1 64 9C 64 9C 77 33
  can0  102   [8]  00 00 00 00 FF 00 00 00
  can0  110   [8]  00 00 00 00 00 00 00 00
  can0  111   [8]  97 0E 02 00 00 00 00 00
  can0  112   [8]  03 03 77 77 04 04 04 04
  can0  113   [8]  F3 48 0A 00 7A 62 0A 00
  can0  114   [8]  00 00 00 00 00 00 80 00
  can0  115   [8]  00 00 00 00 00 00 00 00
  can0  116   [8]  00 08 00 08 00 00 00 00
  can0  101   [8]  48 3C 00 00 00 00 00 11
  can0  103   [8]  00 00 00 00 00 00 00 00
  can0  630   [1]  F0
  can0  100   [8]  B7 B2 64 9C 64 9C 77 33
  can0  102   [8]  00 00 00 00 FF 00 00 00
  can0  110   [8]  00 00 00 00 00 00 00 00
  can0  111   [8]  98 0E 02 00 00 00 00 00
  can0  112   [8]  03 03 77 77 04 04 04 04
  can0  113   [8]  F8 48 0A 00 7F 62 0A 00
  can0  114   [8]  00 00 00 00 00 00 80 00
  can0  115   [8]  00 00 00 00 00 00 00 00
  can0  116   [8]  00 08 00 08 00 00 00 00
  can0  101   [8]  15 3D 00 00 00 00 00 11
  can0  103   [8]  00 00 00 00 00 00 00 00
  can0  100   [8]  EA B3 64 9C 64 9C 77 33
  can0  102   [8]  00 00 00 00 FF 00 00 00
  can0  110   [8]  00 00 00 00 00 00 00 00
  can0  111   [8]  99 0E 02 00 00 00 00 00
  can0  112   [8]  03 03 77 77 04 04 04 04
  can0  113   [8]  FD 48 0A 00 84 62 0A 00
  can0  114   [8]  00 00 00 00 00 00 80 00
  can0  115   [8]  00 00 00 00 00 00 00 00
  can0  116   [8]  00 08 00 08 00 00 00 00
  can0  101   [8]  F2 3E 00 00 00 00 00 11
  can0  103   [8]  00 00 00 00 00 00 00 00
  can0  100   [8]  64 B4 64 9C 64 9C 77 33
  can0  102   [8]  00 00 00 00 FF 00 00 00
  can0  110   [8]  00 00 00 00 00 00 00 00
  can0  111   [8]  9A 0E 02 00 00 00 00 00
  can0  112   [8]  03 03 77 77 04 04 04 04
  can0  113   [8]  02 49 0A 00 89 62 0A 00
  can0  114   [8]  00 00 00 00 00 00 80 00
  can0  115   [8]  00 00 00 00 00 00 00 00
  can0  116   [8]  00 08 00 08 00 00 00 00
  can0  101   [8]  AF 3F 00 00 00 00 00 11
  can0  103   [8]  00 00 00 00 00 00 00 00
  can0  620   [3]  02 00 01
  can0  621   [8]  00 00 00 00 00 00 00 00
  can0  622   [7]  00 00 00 00 00 00 00
  can0  623   [7]  00 00 00 00 00 00 00
  can0  624   [4]  00 00 00 00
  can0  625   [8]  E1 FA C7 42 E1 FA C7 42
  can0  626   [4]  E1 FA C7 42
  can0  627   [6]  00 00 00 00 00 00
  can0  100   [8]  39 B5 64 9C 64 9C 77 33
  can0  102   [8]  00 00 00 00 FF 00 00 00
  can0  110   [8]  00 00 00 00 00 00 00 00
  can0  111   [8]  9B 0E 02 00 00 00 00 00
  can0  112   [8]  03 03 77 77 04 04 04 04
  can0  113   [8]  07 49 0A 00 8E 62 0A 00
  can0  114   [8]  00 00 00 00 00 00 80 00
  can0  101   [8]  FB 40 00 00 00 00 00 11
  can0  115   [8]  00 00 00 00 00 00 00 00
  can0  116   [8]  00 08 00 08 00 00 00 00
  can0  103   [8]  00 00 00 00 00 00 00 00
  can0  100   [8]  DE B6 64 9C 64 9C 77 33
  can0  102   [8]  00 00 00 00 FF 00 00 00
  can0  110   [8]  00 00 00 00 00 00 00 00
  can0  111   [8]  9C 0E 02 00 00 00 00 00
  can0  112   [8]  03 03 77 77 04 04 04 04
  can0  113   [8]  0C 49 0A 00 93 62 0A 00
  can0  114   [8]  00 00 00 00 00 00 80 00
  can0  115   [8]  00 00 00 00 00 00 00 00
  can0  116   [8]  00 08 00 08 00 00 00 00
  can0  101   [8]  A6 41 00 00 00 00 00 11
  can0  103   [8]  00 00 00 00 00 00 00 00
  can0  600   [8]  EC FF F1 FF FB 00 02 03
  can0  601   [6]  0F 00 FA FF 7E 01
  can0  610   [8]  7B 14 4E BF 3E 0A 57 3D
  can0  611   [4]  48 E1 0A 3F
  can0  630   [1]  F0
  can0  100   [8]  83 B7 64 9C 64 9C 77 33
  can0  102   [8]  00 00 00 00 FF 00 00 00
  can0  110   [8]  00 00 00 00 00 00 00 00
  can0  111   [8]  9C 0E 02 00 00 00 00 00
  can0  112   [8]  03 03 77 77 04 04 04 04
  can0  113   [8]  0C 49 0A 00 98 62 0A 00
  can0  114   [8]  00 00 00 00 00 00 80 00
  can0  115   [8]  00 00 00 00 00 00 00 00
  can0  116   [8]  00 08 00 08 00 00 00 00
  can0  101   [8]  41 42 00 00 00 00 00 11
  can0  103   [8]  00 00 00 00 00 00 00 00
  can0  100   [8]  DF B8 64 9C 64 9C 77 33
  can0  102   [8]  00 00 00 00 FF 00 00 00
  can0  110   [8]  00 00 00 00 00 00 00 00
  can0  111   [8]  9D 0E 02 00 00 00 00 00
  can0  112   [8]  03 03 77 77 04 04 04 04
  can0  113   [8]  11 49 0A 00 9D 62 0A 00
  can0  114   [8]  00 00 00 00 00 00 80 00
  can0  115   [8]  00 00 00 00 00 00 00 00
  can0  116   [8]  00 08 00 08 00 00 00 00
  can0  101   [8]  1C 43 00 00 00 00 00 11
  can0  103   [8]  00 00 00 00 00 00 00 00
  can0  100   [8]  82 B9 64 9C 64 9C 77 33
  can0  102   [8]  00 00 00 00 FF 00 00 00
  can0  110   [8]  00 00 00 00 00 00 00 00
  can0  111   [8]  9E 0E 02 00 00 00 00 00
  can0  112   [8]  03 03 77 77 04 04 04 04
  can0  113   [8]  16 49 0A 00 A2 62 0A 00
  can0  114   [8]  00 00 00 00 00 00 80 00
  can0  115   [8]  00 00 00 00 00 00 00 00
  can0  116   [8]  00 08 00 08 00 00 00 00
  can0  101   [8]  92 44 00 00 00 00 00 11
  can0  103   [8]  00 00 00 00 00 00 00 00
  can0  100   [8]  65 BA 64 9C 64 9C 77 33
  can0  102   [8]  00 00 00 00 FF 00 00 00
  can0  110   [8]  00 00 00 00 00 00 00 00
  can0  111   [8]  9F 0E 02 00 00 00 00 00
  can0  112   [8]  03 03 77 77 04 04 04 04
  can0  113   [8]  1B 49 0A 00 A7 62 0A 00
  can0  114   [8]  00 00 00 00 00 00 80 00
  can0  115   [8]  00 00 00 00 00 00 00 00
  can0  116   [8]  00 08 00 08 00 00 00 00
  can0  101   [8]  CF 45 00 00 00 00 00 11
  can0  103   [8]  00 00 00 00 00 00 00 00
  can0  100   [8]  38 BB 64 9C 64 9C 77 33
  can0  102   [8]  00 00 00 00 FF 00 00 00
  can0  110   [8]  00 00 00 00 00 00 00 00
  can0  111   [8]  A0 0E 02 00 00 00 00 00
  can0  112   [8]  03 03 77 77 04 04 04 04
  can0  113   [8]  20 49 0A 00 AC 62 0A 00
  can0  114   [8]  00 00 00 00 00 00 80 00
  can0  115   [8]  00 00 00 00 00 00 00 00
  can0  116   [8]  00 08 00 08 00 00 00 00
  can0  101   [8]  28 46 00 00 00 00 00 11
  can0  103   [8]  00 00 00 00 00 00 00 00
  can0  630   [1]  F0
  can0  100   [8]  B6 BC 64 9C 64 9C 77 33
  can0  102   [8]  00 00 00 00 FF 00 00 00
  can0  110   [8]  00 00 00 00 00 00 00 00
  can0  111   [8]  A1 0E 02 00 00 00 00 00
  can0  112   [8]  03 03 77 77 04 04 04 04
  can0  113   [8]  25 49 0A 00 B1 62 0A 00
  can0  114   [8]  00 00 00 00 00 00 80 00
  can0  115   [8]  00 00 00 00 00 00 00 00
  can0  116   [8]  00 08 00 08 00 00 00 00
  can0  101   [8]  75 47 00 00 00 00 00 11
  can0  103   [8]  00 00 00 00 00 00 00 00
  can0  100   [8]  EB BD 64 9C 64 9C 77 33
  can0  102   [8]  00 00 00 00 FF 00 00 00
  can0  110   [8]  00 00 00 00 00 00 00 00
  can0  111   [8]  A2 0E 02 00 00 00 00 00
  can0  112   [8]  03 03 77 77 04 04 04 04
  can0  113   [8]  2A 49 0A 00 B6 62 0A 00
  can0  114   [8]  00 00 00 00 00 00 80 00
  can0  115   [8]  00 00 00 00 00 00 00 00
  can0  116   [8]  00 08 00 08 00 00 00 00
  can0  101   [8]  29 48 00 00 00 00 00 11
  can0  103   [8]  00 00 00 00 00 00 00 00
  can0  100   [8]  0C BE 64 9C 64 9C 77 33
  can0  102   [8]  00 00 00 00 FF 00 00 00
  can0  110   [8]  00 00 00 00 00 00 00 00
  can0  111   [8]  A3 0E 02 00 00 00 00 00
  can0  112   [8]  03 03 77 77 04 04 04 04
  can0  113   [8]  2F 49 0A 00 BB 62 0A 00
  can0  114   [8]  00 00 00 00 00 00 80 00
  can0  115   [8]  00 00 00 00 00 00 00 00
  can0  116   [8]  00 08 00 08 00 00 00 00
  can0  101   [8]  74 49 00 00 00 00 00 11
  can0  103   [8]  00 00 00 00 00 00 00 00
  can0  100   [8]  51 BF 64 9C 64 9C 77 33
  can0  102   [8]  00 00 00 00 FF 00 00 00
  can0  110   [8]  00 00 00 00 00 00 00 00
  can0  111   [8]  A4 0E 02 00 00 00 00 00
  can0  112   [8]  03 03 77 77 04 04 04 04
  can0  113   [8]  34 49 0A 00 C0 62 0A 00
  can0  114   [8]  00 00 00 00 00 00 80 00
  can0  115   [8]  00 00 00 00 00 00 00 00
  can0  116   [8]  00 08 00 08 00 00 00 00
  can0  101   [8]  93 4A 00 00 00 00 00 11
  can0  103   [8]  00 00 00 00 00 00 00 00
  can0  100   [8]  05 C0 64 9C 64 9C 77 33
  can0  102   [8]  00 00 00 00 FF 00 00 00
  can0  110   [8]  00 00 00 00 00 00 00 00
  can0  111   [8]  A5 0E 02 00 00 00 00 00
  can0  112   [8]  03 03 77 77 04 04 04 04
  can0  113   [8]  39 49 0A 00 C5 62 0A 00
  can0  114   [8]  00 00 00 00 00 00 80 00
  can0  115   [8]  00 00 00 00 00 00 00 00
  can0  116   [8]  00 08 00 08 00 00 00 00
  can0  101   [8]  CE 4B 00 00 00 00 00 11
  can0  103   [8]  00 00 00 00 00 00 00 00
  can0  610   [8]  7B 14 4E BF 3E 0A 57 3D
  can0  611   [4]  48 E1 0A 3F
  can0  630   [1]  F0
  can0  100   [8]  58 C1 64 9C 64 9C 77 33
  can0  102   [8]  00 00 00 00 FF 00 00 00
  can0  110   [8]  00 00 00 00 00 00 00 00
  can0  111   [8]  A6 0E 02 00 00 00 00 00
  can0  112   [8]  03 03 77 77 04 04 04 04
  can0  113   [8]  3E 49 0A 00 CA 62 0A 00
  can0  114   [8]  00 00 00 00 00 00 80 00
  can0  115   [8]  00 00 00 00 00 00 00 00
  can0  116   [8]  00 08 00 08 00 00 00 00
  can0  101   [8]  40 4C 00 00 00 00 00 11
  can0  103   [8]  00 00 00 00 00 00 00 00
  can0  100   [8]  BF C2 64 9C 64 9C 77 33
  can0  102   [8]  00 00 00 00 FF 00 00 00
  can0  110   [8]  00 00 00 00 00 00 00 00
  can0  111   [8]  A7 0E 02 00 00 00 00 00
  can0  112   [8]  03 03 77 77 04 04 04 04
  can0  113   [8]  43 49 0A 00 CF 62 0A 00
  can0  114   [8]  00 00 00 00 00 00 80 00
  can0  115   [8]  00 00 00 00 00 00 00 00
  can0  116   [8]  00 08 00 08 00 00 00 00
  can0  101   [8]  1D 4D 00 00 00 00 00 11
  can0  103   [8]  00 00 00 00 00 00 00 00
  can0  100   [8]  E2 C3 64 9C 64 9C 77 33
  can0  102   [8]  00 00 00 00 FF 00 00 00
  can0  110   [8]  00 00 00 00 00 00 00 00
  can0  111   [8]  A8 0E 02 00 00 00 00 00
  can0  112   [8]  03 03 77 77 04 04 04 04
  can0  101   [8]  FA 4E 00 00 00 00 00 11
  can0  103   [8]  00 00 00 00 00 00 00 00
  can0  113   [8]  48 49 0A 00 D4 62 0A 00
  can0  114   [8]  00 00 00 00 00 00 80 00
  can0  115   [8]  00 00 00 00 00 00 00 00
  can0  116   [8]  00 08 00 08 00 00 00 00
  can0  404   [8]  03 00 00 00 00 00 00 00
  can0  405   [8]  03 01 00 00 00 00 00 00
  can0  403   [8]  02 01 2C 12 3C 34 00 00
  can0  402   [8]  02 00 17 15 FF 2C 00 10
  can0  100   [8]  6C C4 64 9C 64 9C 77 33
  can0  102   [8]  00 00 00 00 FF 00 00 00
  can0  110   [8]  00 00 00 00 00 00 00 00
  can0  111   [8]  A9 0E 02 00 00 00 00 00
  can0  112   [8]  03 03 77 77 04 04 04 04
  can0  101   [8]  A7 4F 00 00 00 00 00 11
  can0  103   [8]  00 00 00 00 00 00 00 00
  can0  113   [8]  4D 49 0A 00 D9 62 0A 00
  can0  114   [8]  00 00 00 00 00 00 80 00
  can0  115   [8]  00 00 00 00 00 00 00 00
  can0  116   [8]  00 08 00 08 00 00 00 00
  can0  100   [8]  31 C5 64 9C 64 9C 77 33
  can0  102   [8]  00 00 00 00 FF 00 00 00
  can0  110   [8]  00 00 00 00 00 00 00 00
  can0  111   [8]  AA 0E 02 00 00 00 00 00
  can0  112   [8]  03 03 77 77 04 04 04 04
  can0  101   [8]  42 50 00 00 00 00 00 11
  can0  103   [8]  00 00 00 00 00 00 00 00
  can0  113   [8]  52 49 0A 00 DE 62 0A 00
  can0  114   [8]  00 00 00 00 00 00 80 00
  can0  115   [8]  00 00 00 00 00 00 00 00
  can0  116   [8]  00 08 00 08 00 00 00 00
  can0  600   [8]  EE FF F1 FF FA 00 01 03
  can0  601   [6]  14 00 FA FF 85 01
  can0  630   [1]  F0
  can0  100   [8]  D6 C6 64 9C 64 9C 77 33
  can0  102   [8]  00 00 00 00 FF 00 00 00
  can0  110   [8]  00 00 00 00 00 00 00 00
  can0  111   [8]  AB 0E 02 00 00 00 00 00
  can0  112   [8]  03 03 77 77 04 04 04 04
  can0  101   [8]  1F 51 00 00 00 00 00 11
  can0  103   [8]  00 00 00 00 00 00 00 00
  can0  113   [8]  57 49 0A 00 E3 62 0A 00
  can0  114   [8]  00 00 00 00 00 00 80 00
  can0  115   [8]  00 00 00 00 00 00 00 00
  can0  116   [8]  00 08 00 08 00 00 00 00
  can0  100   [8]  8B C7 64 9C 64 9C 77 33
  can0  102   [8]  00 00 00 00 FF 00 00 00
  can0  110   [8]  00 00 00 00 00 00 00 00
  can0  111   [8]  AC 0E 02 00 00 00 00 00
  can0  112   [8]  03 03 77 77 04 04 04 04
  can0  101   [8]  F8 52 00 00 00 00 00 11
  can0  103   [8]  00 00 00 00 00 00 00 00
  can0  113   [8]  5C 49 0A 00 E8 62 0A 00
  can0  114   [8]  00 00 00 00 00 00 80 00
  can0  115   [8]  00 00 00 00 00 00 00 00
  can0  116   [8]  00 08 00 08 00 00 00 00
  can0  100   [8]  D7 C8 64 9C 64 9C 77 33
  can0  102   [8]  00 00 00 00 FF 00 00 00
  can0  110   [8]  00 00 00 00 00 00 00 00
  can0  111   [8]  AD 0E 02 00 00 00 00 00
  can0  112   [8]  03 03 77 77 04 04 04 04
  can0  101   [8]  A5 53 00 00 00 00 00 11
  can0  103   [8]  00 00 00 00 00 00 00 00
  can0  113   [8]  61 49 0A 00 ED 62 0A 00
  can0  114   [8]  00 00 00 00 00 00 80 00
  can0  115   [8]  00 00 00 00 00 00 00 00
  can0  116   [8]  00 08 00 08 00 00 00 00
  can0  620   [3]  02 00 01
  can0  621   [8]  00 00 00 00 00 00 00 00
  can0  622   [7]  00 00 00 00 00 00 00
  can0  623   [7]  00 00 00 00 00 00 00
  can0  624   [4]  00 00 00 00
  can0  625   [8]  E1 FA C7 42 E1 FA C7 42
  can0  626   [4]  E1 FA C7 42
  can0  627   [6]  00 00 00 00 00 00
  can0  100   [8]  8A C9 64 9C 64 9C 77 33
  can0  102   [8]  00 00 00 00 FF 00 00 00
  can0  110   [8]  00 00 00 00 00 00 00 00
  can0  111   [8]  AE 0E 02 00 00 00 00 00
  can0  112   [8]  03 03 77 77 04 04 04 04
  can0  101   [8]  2B 54 00 00 00 00 00 11
  can0  103   [8]  00 00 00 00 00 00 00 00
  can0  113   [8]  66 49 0A 00 F2 62 0A 00
  can0  114   [8]  00 00 00 00 00 00 80 00
  can0  115   [8]  00 00 00 00 00 00 00 00
  can0  116   [8]  00 08 00 08 00 00 00 00
  can0  100   [8]  6D CA 64 9C 64 9C 77 33
  can0  102   [8]  00 00 00 00 FF 00 00 00
  can0  110   [8]  00 00 00 00 00 00 00 00
  can0  111   [8]  AF 0E 02 00 00 00 00 00
  can0  112   [8]  03 03 77 77 04 04 04 04
  can0  101   [8]  76 55 00 00 00 00 00 11
  can0  103   [8]  00 00 00 00 00 00 00 00
  can0  113   [8]  6B 49 0A 00 F7 62 0A 00
  can0  114   [8]  00 00 00 00 00 00 80 00
  can0  115   [8]  00 00 00 00 00 00 00 00
  can0  116   [8]  00 08 00 08 00 00 00 00
  can0  610   [8]  CD CC 1C BF 33 33 B3 3D
  can0  611   [4]  48 E1 8A 3E
  can0  630   [1]  F0
  can0  100   [8]  30 CB 64 9C 64 9C 77 33
  can0  102   [8]  00 00 00 00 FF 00 00 00
  can0  110   [8]  00 00 00 00 00 00 00 00
  can0  111   [8]  B0 0E 02 00 00 00 00 00
  can0  112   [8]  03 03 77 77 04 04 04 04
  can0  101   [8]  91 56 00 00 00 00 00 11
  can0  103   [8]  00 00 00 00 00 00 00 00
  can0  113   [8]  70 49 0A 00 FC 62 0A 00
  can0  114   [8]  00 00 00 00 00 00 80 00
  can0  115   [8]  00 00 00 00 00 00 00 00
  can0  116   [8]  00 08 00 08 00 00 00 00
  can0  100   [8]  BE CC 64 9C 64 9C 77 33
  can0  102   [8]  00 00 00 00 FF 00 00 00
  can0  110   [8]  00 00 00 00 00 00 00 00
  can0  111   [8]  B1 0E 02 00 00 00 00 00
  can0  112   [8]  03 03 77 77 04 04 04 04
  can0  101   [8]  CC 57 00 00 00 00 00 11
  can0  103   [8]  00 00 00 00 00 00 00 00
  can0  113   [8]  75 49 0A 00 01 63 0A 00
  can0  114   [8]  00 00 00 00 00 00 80 00
  can0  115   [8]  00 00 00 00 00 00 00 00
  can0  116   [8]  00 08 00 08 00 00 00 00
  can0  100   [8]  E3 CD 64 9C 64 9C 77 33
  can0  102   [8]  00 00 00 00 FF 00 00 00
  can0  110   [8]  00 00 00 00 00 00 00 00
  can0  111   [8]  B2 0E 02 00 00 00 00 00
  can0  112   [8]  03 03 77 77 04 04 04 04
  can0  101   [8]  90 58 00 00 00 00 00 11
  can0  103   [8]  00 00 00 00 00 00 00 00
  can0  113   [8]  7A 49 0A 00 06 63 0A 00
  can0  114   [8]  00 00 00 00 00 00 80 00
  can0  115   [8]  00 00 00 00 00 00 00 00
  can0  116   [8]  00 08 00 08 00 00 00 00
  can0  100   [8]  04 CE 64 9C 64 9C 77 33
  can0  102   [8]  00 00 00 00 FF 00 00 00
  can0  110   [8]  00 00 00 00 00 00 00 00
  can0  111   [8]  B3 0E 02 00 00 00 00 00
  can0  112   [8]  03 03 77 77 04 04 04 04
  can0  101   [8]  CD 59 00 00 00 00 00 11
  can0  103   [8]  00 00 00 00 00 00 00 00
  can0  113   [8]  7F 49 0A 00 0B 63 0A 00
  can0  114   [8]  00 00 00 00 00 00 80 00
  can0  115   [8]  00 00 00 00 00 00 00 00
  can0  116   [8]  00 08 00 08 00 00 00 00
  can0  100   [8]  59 CF 64 9C 64 9C 77 33
  can0  102   [8]  00 00 00 00 FF 00 00 00
  can0  110   [8]  00 00 00 00 00 00 00 00
  can0  111   [8]  B4 0E 02 00 00 00 00 00
  can0  112   [8]  03 03 77 77 04 04 04 04
  can0  101   [8]  2A 5A 00 00 00 00 00 11
  can0  103   [8]  00 00 00 00 00 00 00 00
  can0  113   [8]  84 49 0A 00 10 63 0A 00
  can0  114   [8]  00 00 00 00 00 00 80 00
  can0  115   [8]  00 00 00 00 00 00 00 00
  can0  116   [8]  00 08 00 08 00 00 00 00
  can0  630   [1]  F0
  can0  100   [8]  BC D0 64 9C 64 9C 77 33
  can0  102   [8]  00 00 00 00 FF 00 00 00
  can0  110   [8]  00 00 00 00 00 00 00 00
  can0  111   [8]  B5 0E 02 00 00 00 00 00
  can0  112   [8]  03 03 77 77 04 04 04 04
  can0  101   [8]  77 5B 00 00 00 00 00 11
  can0  103   [8]  00 00 00 00 00 00 00 00
  can0  113   [8]  89 49 0A 00 15 63 0A 00
  can0  114   [8]  00 00 00 00 00 00 80 00
  can0  115   [8]  00 00 00 00 00 00 00 00
  can0  116   [8]  00 08 00 08 00 00 00 00
  can0  100   [8]  E1 D1 64 9C 64 9C 77 33
  can0  102   [8]  00 00 00 00 FF 00 00 00
  can0  110   [8]  00 00 00 00 00 00 00 00
  can0  111   [8]  B6 0E 02 00 00 00 00 00
  can0  112   [8]  03 03 77 77 04 04 04 04
  can0  101   [8]  F9 5C 00 00 00 00 00 11
  can0  103   [8]  00 00 00 00 00 00 00 00
  can0  113   [8]  8E 49 0A 00 1A 63 0A 00
  can0  114   [8]  00 00 00 00 00 00 80 00
  can0  115   [8]  00 00 00 00 00 00 00 00
  can0  116   [8]  00 08 00 08 00 00 00 00
  can0  100   [8]  06 D2 64 9C 64 9C 77 33
  can0  102   [8]  00 00 00 00 FF 00 00 00
  can0  110   [8]  00 00 00 00 00 00 00 00
  can0  111   [8]  B7 0E 02 00 00 00 00 00
  can0  112   [8]  03 03 77 77 04 04 04 04
  can0  101   [8]  A4 5D 00 00 00 00 00 11
  can0  103   [8]  00 00 00 00 00 00 00 00
  can0  113   [8]  93 49 0A 00 1F 63 0A 00
  can0  114   [8]  00 00 00 00 00 00 80 00
  can0  115   [8]  00 00 00 00 00 00 00 00
  can0  116   [8]  00 08 00 08 00 00 00 00
  can0  100   [8]  5B D3 64 9C 64 9C 77 33
  can0  102   [8]  00 00 00 00 FF 00 00 00
  can0  110   [8]  00 00 00 00 00 00 00 00
  can0  111   [8]  B8 0E 02 00 00 00 00 00
  can0  112   [8]  03 03 77 77 04 04 04 04
  can0  101   [8]  43 5E 00 00 00 00 00 11
  can0  103   [8]  00 00 00 00 00 00 00 00
  can0  113   [8]  98 49 0A 00 24 63 0A 00
  can0  114   [8]  00 00 00 00 00 00 80 00
  can0  115   [8]  00 00 00 00 00 00 00 00
  can0  116   [8]  00 08 00 08 00 00 00 00
  can0  100   [8]  D5 D4 64 9C 64 9C 77 33
  can0  102   [8]  00 00 00 00 FF 00 00 00
  can0  110   [8]  00 00 00 00 00 00 00 00
  can0  111   [8]  B9 0E 02 00 00 00 00 00
  can0  112   [8]  03 03 77 77 04 04 04 04
  can0  101   [8]  1E 5F 00 00 00 00 00 11
  can0  103   [8]  00 00 00 00 00 00 00 00
  can0  113   [8]  9D 49 0A 00 29 63 0A 00
  can0  114   [8]  00 00 00 00 00 00 80 00
  can0  115   [8]  00 00 00 00 00 00 00 00
  can0  116   [8]  00 08 00 08 00 00 00 00
  can0  600   [8]  ED FF F1 FF FA 00 01 03
  can0  601   [6]  13 00 FA FF 86 01
  can0  610   [8]  CD CC 1C BF 33 33 B3 3D
  can0  611   [4]  48 E1 8A 3E
  can0  630   [1]  F0
  can0  100   [8]  88 D5 64 9C 64 9C 77 33
  can0  102   [8]  00 00 00 00 FF 00 00 00
  can0  110   [8]  00 00 00 00 00 00 00 00
  can0  111   [8]  BA 0E 02 00 00 00 00 00
  can0  112   [8]  03 03 77 77 04 04 04 04
  can0  101   [8]  94 60 00 00 00 00 00 11
  can0  103   [8]  00 00 00 00 00 00 00 00
  can0  113   [8]  A2 49 0A 00 2E 63 0A 00
  can0  114   [8]  00 00 00 00 00 00 80 00
  can0  115   [8]  00 00 00 00 00 00 00 00
  can0  116   [8]  00 08 00 08 00 00 00 00
  can0  100   [8]  6F D6 64 9C 64 9C 77 33
  can0  102   [8]  00 00 00 00 FF 00 00 00
  can0  110   [8]  00 00 00 00 00 00 00 00
  can0  111   [8]  BB 0E 02 00 00 00 00 00
  can0  112   [8]  03 03 77 77 04 04 04 04
  can0  101   [8]  C9 61 00 00 00 00 00 11
  can0  103   [8]  00 00 00 00 00 00 00 00
  can0  113   [8]  A7 49 0A 00 33 63 0A 00
  can0  114   [8]  00 00 00 00 00 00 80 00
  can0  115   [8]  00 00 00 00 00 00 00 00
  can0  116   [8]  00 08 00 08 00 00 00 00
  can0  101   [8]  2E 62 00 00 00 00 00 11
  can0  100   [8]  32 D7 64 9C 64 9C 77 33
  can0  102   [8]  00 00 00 00 FF 00 00 00
  can0  110   [8]  00 00 00 00 00 00 00 00
  can0  111   [8]  BC 0E 02 00 00 00 00 00
  can0  112   [8]  03 03 77 77 04 04 04 04
  can0  103   [8]  00 00 00 00 00 00 00 00
  can0  113   [8]  AC 49 0A 00 38 63 0A 00
  can0  114   [8]  00 00 00 00 00 00 80 00
  can0  115   [8]  00 00 00 00 00 00 00 00
  can0  116   [8]  00 08 00 08 00 00 00 00
  can0  101   [8]  73 63 00 00 00 00 00 11
  can0  103   [8]  00 00 00 00 00 00 00 00
  can0  100   [8]  6E D8 64 9C 64 9C 77 33
  can0  102   [8]  00 00 00 00 FF 00 00 00
  can0  110   [8]  00 00 00 00 00 00 00 00
  can0  111   [8]  BD 0E 02 00 00 00 00 00
  can0  112   [8]  03 03 77 77 04 04 04 04
  can0  113   [8]  B1 49 0A 00 3D 63 0A 00
  can0  114   [8]  00 00 00 00 00 00 80 00
  can0  115   [8]  00 00 00 00 00 00 00 00
  can0  116   [8]  00 08 00 08 00 00 00 00
  can0  101   [8]  FD 64 00 00 00 00 00 11
  can0  100   [8]  33 D9 64 9C 64 9C 77 33
  can0  102   [8]  00 00 00 00 FF 00 00 00
  can0  110   [8]  00 00 00 00 00 00 00 00
  can0  111   [8]  BE 0E 02 00 00 00 00 00
  can0  112   [8]  03 03 77 77 04 04 04 04
  can0  103   [8]  00 00 00 00 00 00 00 00
  can0  113   [8]  B6 49 0A 00 42 63 0A 00
  can0  114   [8]  00 00 00 00 00 00 80 00
  can0  115   [8]  00 00 00 00 00 00 00 00
  can0  116   [8]  00 08 00 08 00 00 00 00
  can0  630   [1]  F0
  can0  101   [8]  A0 65 00 00 00 00 00 11
  can0  103   [8]  00 00 00 00 00 00 00 00
  can0  100   [8]  D4 DA 64 9C 64 9C 77 33
  can0  102   [8]  00 00 00 00 FF 00 00 00
  can0  110   [8]  00 00 00 00 00 00 00 00
  can0  111   [8]  BF 0E 02 00 00 00 00 00
  can0  112   [8]  03 03 77 77 04 04 04 04
  can0  113   [8]  BB 49 0A 00 47 63 0A 00
  can0  114   [8]  00 00 00 00 00 00 80 00
  can0  115   [8]  00 00 00 00 00 00 00 00
  can0  116   [8]  00 08 00 08 00 00 00 00
  can0  101   [8]  47 66 00 00 00 00 00 11
  can0  100   [8]  89 DB 64 9C 64 9C 77 33
  can0  102   [8]  00 00 00 00 FF 00 00 00
  can0  110   [8]  00 00 00 00 00 00 00 00
  can0  111   [8]  C0 0E 02 00 00 00 00 00
  can0  112   [8]  03 03 77 77 04 04 04 04
  can0  103   [8]  00 00 00 00 00 00 00 00
  can0  113   [8]  C0 49 0A 00 4C 63 0A 00
  can0  114   [8]  00 00 00 00 00 00 80 00
  can0  115   [8]  00 00 00 00 00 00 00 00
  can0  116   [8]  00 08 00 08 00 00 00 00
  can0  101   [8]  1A 67 00 00 00 00 00 11
  can0  103   [8]  00 00 00 00 00 00 00 00
  can0  100   [8]  07 DC 64 9C 64 9C 77 33
  can0  102   [8]  00 00 00 00 FF 00 00 00
  can0  110   [8]  00 00 00 00 00 00 00 00
  can0  111   [8]  C1 0E 02 00 00 00 00 00
  can0  112   [8]  03 03 77 77 04 04 04 04
  can0  113   [8]  C5 49 0A 00 51 63 0A 00
  can0  114   [8]  00 00 00 00 00 00 80 00
  can0  115   [8]  00 00 00 00 00 00 00 00
  can0  116   [8]  00 08 00 08 00 00 00 00
  can0  620   [3]  02 00 01
  can0  621   [8]  00 00 00 00 00 00 00 00
  can0  622   [7]  00 00 00 00 00 00 00
  can0  623   [7]  00 00 00 00 00 00 00
  can0  624   [4]  00 00 00 00
  can0  625   [8]  E1 FA C7 42 E1 FA C7 42
  can0  626   [4]  E1 FA C7 42
  can0  627   [6]  00 00 00 00 00 00
  can0  101   [8]  46 68 00 00 00 00 00 11
  can0  103   [8]  00 00 00 00 00 00 00 00
  can0  100   [8]  5A DD 64 9C 64 9C 77 33
  can0  102   [8]  00 00 00 00 FF 00 00 00
  can0  110   [8]  00 00 00 00 00 00 00 00
  can0  111   [8]  C3 0E 02 00 00 00 00 00
  can0  112   [8]  03 03 77 77 04 04 04 04
  can0  113   [8]  CF 49 0A 00 56 63 0A 00
  can0  114   [8]  00 00 00 00 00 00 80 00
  can0  115   [8]  00 00 00 00 00 00 00 00
  can0  116   [8]  00 08 00 08 00 00 00 00
  can0  640   [8]  33 21 07 06 13 07 19 00
  can0  101   [8]  1B 69 00 00 00 00 00 11
  can0  103   [8]  00 00 00 00 00 00 00 00
  can0  100   [8]  BD DE 64 9C 64 9C 77 33
  can0  102   [8]  00 00 00 00 FF 00 00 00
  can0  110   [8]  00 00 00 00 00 00 00 00
  can0  111   [8]  C4 0E 02 00 00 00 00 00
  can0  112   [8]  03 03 77 77 04 04 04 04
  can0  113   [8]  D4 49 0A 00 5B 63 0A 00
  can0  114   [8]  00 00 00 00 00 00 80 00
  can0  115   [8]  00 00 00 00 00 00 00 00
  can0  116   [8]  00 08 00 08 00 00 00 00
  can0  610   [8]  15 AE 37 BF AE 47 A1 BE
  can0  611   [4]  E1 7A E4 3E
  can0  630   [1]  F0
  can0  101   [8]  FC 6A 00 00 00 00 00 11
  can0  103   [8]  00 00 00 00 00 00 00 00
  can0  100   [8]  E0 DF 64 9C 64 9C 77 33
  can0  102   [8]  00 00 00 00 FF 00 00 00
  can0  110   [8]  00 00 00 00 00 00 00 00
  can0  111   [8]  C4 0E 02 00 00 00 00 00
  can0  112   [8]  03 03 77 77 04 04 04 04
  can0  113   [8]  D4 49 0A 00 60 63 0A 00
  can0  114   [8]  00 00 00 00 00 00 80 00
  can0  115   [8]  00 00 00 00 00 00 00 00
  can0  116   [8]  00 08 00 08 00 00 00 00
  can0  101   [8]  A1 6B 00 00 00 00 00 11
  can0  103   [8]  00 00 00 00 00 00 00 00
  can0  100   [8]  6A E0 64 9C 64 9C 77 33
  can0  102   [8]  00 00 00 00 FF 00 00 00
  can0  110   [8]  00 00 00 00 00 00 00 00
  can0  111   [8]  C5 0E 02 00 00 00 00 00
  can0  112   [8]  03 03 77 77 04 04 04 04
  can0  113   [8]  D9 49 0A 00 65 63 0A 00
  can0  114   [8]  00 00 00 00 00 00 80 00
  can0  115   [8]  00 00 00 00 00 00 00 00
  can0  116   [8]  00 08 00 08 00 00 00 00
  can0  101   [8]  2F 6C 00 00 00 00 00 11
  can0  103   [8]  00 00 00 00 00 00 00 00
  can0  100   [8]  37 E1 64 9C 64 9C 77 33
  can0  102   [8]  00 00 00 00 FF 00 00 00
  can0  110   [8]  00 00 00 00 00 00 00 00
  can0  111   [8]  C6 0E 02 00 00 00 00 00
  can0  112   [8]  03 03 77 77 04 04 04 04
  can0  113   [8]  DE 49 0A 00 6A 63 0A 00
  can0  114   [8]  00 00 00 00 00 00 80 00
  can0  115   [8]  00 00 00 00 00 00 00 00
  can0  116   [8]  00 08 00 08 00 00 00 00
  can0  101   [8]  72 6D 00 00 00 00 00 11
  can0  103   [8]  00 00 00 00 00 00 00 00
  can0  100   [8]  D0 E2 64 9C 64 9C 77 33
  can0  102   [8]  00 00 00 00 FF 00 00 00
  can0  110   [8]  00 00 00 00 00 00 00 00
  can0  111   [8]  C7 0E 02 00 00 00 00 00
  can0  112   [8]  03 03 77 77 04 04 04 04
  can0  113   [8]  E3 49 0A 00 6F 63 0A 00
  can0  114   [8]  00 00 00 00 00 00 80 00
  can0  115   [8]  00 00 00 00 00 00 00 00
  can0  116   [8]  00 08 00 08 00 00 00 00
  can0  101   [8]  95 6E 00 00 00 00 00 11
  can0  103   [8]  00 00 00 00 00 00 00 00
  can0  100   [8]  8D E3 64 9C 64 9C 77 33
  can0  102   [8]  00 00 00 00 FF 00 00 00
  can0  110   [8]  00 00 00 00 00 00 00 00
  can0  111   [8]  C8 0E 02 00 00 00 00 00
  can0  112   [8]  03 03 77 77 04 04 04 04
  can0  113   [8]  E8 49 0A 00 74 63 0A 00
  can0  114   [8]  00 00 00 00 00 00 80 00
  can0  115   [8]  00 00 00 00 00 00 00 00
  can0  116   [8]  00 08 00 08 00 00 00 00
  can0  600   [8]  ED FF F1 FF FB 00 01 03
  can0  601   [6]  0E 00 FB FF 80 01
  can0  630   [1]  F0
  can0  101   [8]  C8 6F 00 00 00 00 00 11
  can0  103   [8]  00 00 00 00 00 00 00 00
  can0  100   [8]  03 E4 64 9C 64 9C 77 33
  can0  102   [8]  00 00 00 00 FF 00 00 00
  can0  110   [8]  00 00 00 00 00 00 00 00
  can0  111   [8]  C9 0E 02 00 00 00 00 00
  can0  112   [8]  03 03 77 77 04 04 04 04
  can0  113   [8]  ED 49 0A 00 79 63 0A 00
  can0  114   [8]  00 00 00 00 00 00 80 00
  can0  115   [8]  00 00 00 00 00 00 00 00
  can0  116   [8]  00 08 00 08 00 00 00 00
  can0  101   [8]  2D 70 00 00 00 00 00 11
  can0  103   [8]  00 00 00 00 00 00 00 00
  can0  100   [8]  5E E5 64 9C 64 9C 77 33
  can0  102   [8]  00 00 00 00 FF 00 00 00
  can0  110   [8]  00 00 00 00 00 00 00 00
  can0  111   [8]  CA 0E 02 00 00 00 00 00
  can0  112   [8]  03 03 77 77 04 04 04 04
  can0  113   [8]  F2 49 0A 00 7E 63 0A 00
  can0  114   [8]  00 00 00 00 00 00 80 00
  can0  115   [8]  00 00 00 00 00 00 00 00
  can0  116   [8]  00 08 00 08 00 00 00 00
  can0  101   [8]  70 71 00 00 00 00 00 11
  can0  103   [8]  00 00 00 00 00 00 00 00
  can0  100   [8]  B9 E6 64 9C 64 9C 77 33
  can0  102   [8]  00 00 00 00 FF 00 00 00
  can0  110   [8]  00 00 00 00 00 00 00 00
  can0  111   [8]  CB 0E 02 00 00 00 00 00
  can0  112   [8]  03 03 77 77 04 04 04 04
  can0  113   [8]  F7 49 0A 00 83 63 0A 00
  can0  114   [8]  00 00 00 00 00 00 80 00
  can0  115   [8]  00 00 00 00 00 00 00 00
  can0  116   [8]  00 08 00 08 00 00 00 00
  can0  101   [8]  97 72 00 00 00 00 00 11
  can0  103   [8]  00 00 00 00 00 00 00 00
  can0  100   [8]  E4 E7 64 9C 64 9C 77 33
  can0  102   [8]  00 00 00 00 FF 00 00 00
  can0  110   [8]  00 00 00 00 00 00 00 00
  can0  111   [8]  CC 0E 02 00 00 00 00 00
  can0  112   [8]  03 03 77 77 04 04 04 04
  can0  113   [8]  FC 49 0A 00 88 63 0A 00
  can0  114   [8]  00 00 00 00 00 00 80 00
  can0  115   [8]  00 00 00 00 00 00 00 00
  can0  116   [8]  00 08 00 08 00 00 00 00
  can0  101   [8]  CA 73 00 00 00 00 00 11
  can0  103   [8]  00 00 00 00 00 00 00 00
  can0  100   [8]  B8 E8 64 9C 64 9C 77 33
  can0  102   [8]  00 00 00 00 FF 00 00 00
  can0  110   [8]  00 00 00 00 00 00 00 00
  can0  111   [8]  CD 0E 02 00 00 00 00 00
  can0  112   [8]  03 03 77 77 04 04 04 04
  can0  113   [8]  01 4A 0A 00 8D 63 0A 00
  can0  114   [8]  00 00 00 00 00 00 80 00
  can0  115   [8]  00 00 00 00 00 00 00 00
  can0  116   [8]  00 08 00 08 00 00 00 00
  can0  610   [8]  15 AE 37 BF AE 47 A1 BE
  can0  611   [4]  E1 7A E4 3E
  can0  630   [1]  F0
  can0  101   [8]  44 74 00 00 00 00 00 11
  can0  103   [8]  00 00 00 00 00 00 00 00
  can0  100   [8]  E5 E9 64 9C 64 9C 77 33
  can0  102   [8]  00 00 00 00 FF 00 00 00
  can0  110   [8]  00 00 00 00 00 00 00 00
  can0  111   [8]  CE 0E 02 00 00 00 00 00
  can0  112   [8]  03 03 77 77 04 04 04 04
  can0  113   [8]  06 4A 0A 00 92 63 0A 00
  can0  114   [8]  00 00 00 00 00 00 80 00
  can0  115   [8]  00 00 00 00 00 00 00 00
  can0  116   [8]  00 08 00 08 00 00 00 00
  can0  101   [8]  19 75 00 00 00 00 00 11
  can0  103   [8]  00 00 00 00 00 00 00 00
  can0  100   [8]  02 EA 64 9C 64 9C 77 33
  can0  102   [8]  00 00 00 00 FF 00 00 00
  can0  110   [8]  00 00 00 00 00 00 00 00
  can0  111   [8]  CF 0E 02 00 00 00 00 00
  can0  112   [8]  03 03 77 77 04 04 04 04
  can0  113   [8]  0B 4A 0A 00 97 63 0A 00
  can0  114   [8]  00 00 00 00 00 00 80 00
  can0  115   [8]  00 00 00 00 00 00 00 00
  can0  116   [8]  00 08 00 08 00 00 00 00
  can0  101   [8]  FE 76 00 00 00 00 00 11
  can0  103   [8]  00 00 00 00 00 00 00 00
  can0  100   [8]  5F EB 64 9C 64 9C 77 33
  can0  102   [8]  00 00 00 00 FF 00 00 00
  can0  110   [8]  00 00 00 00 00 00 00 00
  can0  111   [8]  D1 0E 02 00 00 00 00 00
  can0  112   [8]  03 03 77 77 04 04 04 04
  can0  113   [8]  15 4A 0A 00 9C 63 0A 00
  can0  114   [8]  00 00 00 00 00 00 80 00
  can0  115   [8]  00 00 00 00 00 00 00 00
  can0  116   [8]  00 08 00 08 00 00 00 00
  can0  402   [8]  02 00 17 15 FF 2C 00 10
  can0  403   [8]  02 01 2C 12 3C 34 00 00
  can0  405   [8]  03 01 00 00 00 00 00 00
  can0  404   [8]  03 00 00 00 00 00 00 00
  can0  101   [8]  A3 77 00 00 00 00 00 11
  can0  103   [8]  00 00 00 00 00 00 00 00
  can0  100   [8]  D1 EC 64 9C 64 9C 77 33
  can0  102   [8]  00 00 00 00 FF 00 00 00
  can0  110   [8]  00 00 00 00 00 00 00 00
  can0  111   [8]  D2 0E 02 00 00 00 00 00
  can0  112   [8]  03 03 77 77 04 04 04 04
  can0  113   [8]  1A 4A 0A 00 A1 63 0A 00
  can0  114   [8]  00 00 00 00 00 00 80 00
  can0  115   [8]  00 00 00 00 00 00 00 00
  can0  116   [8]  00 08 00 08 00 00 00 00
  can0  101   [8]  FF 78 00 00 00 00 00 11
  can0  103   [8]  00 00 00 00 00 00 00 00
  can0  630   [1]  F0
  can0  100   [8]  8C ED 64 9C 64 9C 77 33
  can0  102   [8]  00 00 00 00 FF 00 00 00
  can0  110   [8]  00 00 00 00 00 00 00 00
  can0  111   [8]  D3 0E 02 00 00 00 00 00
  can0  112   [8]  03 03 77 77 04 04 04 04
  can0  113   [8]  1F 4A 0A 00 A6 63 0A 00
  can0  114   [8]  00 00 00 00 00 00 80 00
  can0  115   [8]  00 00 00 00 00 00 00 00
  can0  116   [8]  00 08 00 08 00 00 00 00
  can0  101   [8]  A2 79 00 00 00 00 00 11
  can0  103   [8]  00 00 00 00 00 00 00 00
  can0  100   [8]  6B EE 64 9C 64 9C 77 33
  can0  102   [8]  00 00 00 00 FF 00 00 00
  can0  110   [8]  00 00 00 00 00 00 00 00
  can0  111   [8]  D4 0E 02 00 00 00 00 00
  can0  112   [8]  03 03 77 77 04 04 04 04
  can0  113   [8]  24 4A 0A 00 AB 63 0A 00
  can0  114   [8]  00 00 00 00 00 00 80 00
  can0  115   [8]  00 00 00 00 00 00 00 00
  can0  116   [8]  00 08 00 08 00 00 00 00
  can0  101   [8]  45 7A 00 00 00 00 00 11
  can0  103   [8]  00 00 00 00 00 00 00 00
  can0  100   [8]  36 EF 64 9C 64 9C 77 33
  can0  102   [8]  00 00 00 00 FF 00 00 00
  can0  110   [8]  00 00 00 00 00 00 00 00
  can0  111   [8]  D5 0E 02 00 00 00 00 00
  can0  112   [8]  03 03 77 77 04 04 04 04
  can0  113   [8]  29 4A 0A 00 B0 63 0A 00
  can0  114   [8]  00 00 00 00 00 00 80 00
  can0  115   [8]  00 00 00 00 00 00 00 00
  can0  116   [8]  00 08 00 08 00 00 00 00
  can0  101   [8]  18 7B 00 00 00 00 00 11
  can0  103   [8]  00 00 00 00 00 00 00 00
  can0  620   [3]  02 00 01
  can0  621   [8]  00 00 00 00 00 00 00 00
  can0  100   [8]  D3 F0 64 9C 64 9C 77 33
  can0  102   [8]  00 00 00 00 FF 00 00 00
  can0  110   [8]  00 00 00 00 00 00 00 00
  can0  111   [8]  D6 0E 02 00 00 00 00 00
  can0  112   [8]  03 03 77 77 04 04 04 04
  can0  113   [8]  2E 4A 0A 00 B5 63 0A 00
  can0  114   [8]  00 00 00 00 00 00 80 00
  can0  115   [8]  00 00 00 00 00 00 00 00
  can0  116   [8]  00 08 00 08 00 00 00 00
  can0  622   [7]  00 00 00 00 00 00 00
  can0  623   [7]  00 00 00 00 00 00 00
  can0  624   [4]  00 00 00 00
  can0  101   [8]  96 7C 00 00 00 00 00 11
  can0  103   [8]  00 00 00 00 00 00 00 00
  can0  625   [8]  E1 FA C7 42 E1 FA C7 42
  can0  626   [4]  E1 FA C7 42
  can0  627   [6]  00 00 00 00 00 00
  can0  100   [8]  8E F1 64 9C 64 9C 77 33
  can0  102   [8]  00 00 00 00 FF 00 00 00
  can0  110   [8]  00 00 00 00 00 00 00 00
  can0  111   [8]  D7 0E 02 00 00 00 00 00
  can0  112   [8]  03 03 77 77 04 04 04 04
  can0  113   [8]  33 4A 0A 00 BA 63 0A 00
  can0  114   [8]  00 00 00 00 00 00 80 00
  can0  115   [8]  00 00 00 00 00 00 00 00
  can0  116   [8]  00 08 00 08 00 00 00 00
  can0  101   [8]  CB 7D 00 00 00 00 00 11
  can0  103   [8]  00 00 00 00 00 00 00 00
  can0  600   [8]  ED FF F1 FF FC 00 01 03
  can0  601   [6]  0E 00 FB FF 80 01
  can0  100   [8]  69 F2 64 9C 64 9C 77 33
  can0  102   [8]  00 00 00 00 FF 00 00 00
  can0  110   [8]  00 00 00 00 00 00 00 00
  can0  111   [8]  D7 0E 02 00 00 00 00 00
  can0  112   [8]  03 03 77 77 04 04 04 04
  can0  113   [8]  33 4A 0A 00 BF 63 0A 00
  can0  114   [8]  00 00 00 00 00 00 80 00
  can0  115   [8]  00 00 00 00 00 00 00 00
  can0  116   [8]  00 08 00 08 00 00 00 00
  can0  610   [8]  EC 51 18 BF 29 5C 0F 3E
  can0  611   [4]  1F 85 DB 3E
  can0  630   [1]  F0
  can0  101   [8]  2C 7E 00 00 00 00 00 11
  can0  103   [8]  00 00 00 00 00 00 00 00
  can0  100   [8]  34 F3 64 9C 64 9C 77 33
  can0  102   [8]  00 00 00 00 FF 00 00 00
  can0  110   [8]  00 00 00 00 00 00 00 00
  can0  111   [8]  D8 0E 02 00 00 00 00 00
  can0  112   [8]  03 03 77 77 04 04 04 04
  can0  113   [8]  38 4A 0A 00 C4 63 0A 00
  can0  114   [8]  00 00 00 00 00 00 80 00
  can0  115   [8]  00 00 00 00 00 00 00 00
  can0  116   [8]  00 08 00 08 00 00 00 00
  can0  101   [8]  71 7F 00 00 00 00 00 11
  can0  103   [8]  00 00 00 00 00 00 00 00
  can0  100   [8]  BA F4 64 9C 64 9C 77 33
  can0  102   [8]  00 00 00 00 FF 00 00 00
  can0  110   [8]  00 00 00 00 00 00 00 00
  can0  111   [8]  D9 0E 02 00 00 00 00 00
  can0  112   [8]  03 03 77 77 04 04 04 04
  can0  113   [8]  3D 4A 0A 00 C9 63 0A 00
  can0  114   [8]  00 00 00 00 00 00 80 00
  can0  115   [8]  00 00 00 00 00 00 00 00
  can0  116   [8]  00 08 00 08 00 00 00 00
  can0  101   [8]  84 80 00 00 00 00 00 11
  can0  103   [8]  00 00 00 00 00 00 00 00
  can0  100   [8]  E7 F5 64 9C 64 9C 77 33
  can0  102   [8]  00 00 00 00 FF 00 00 00
  can0  110   [8]  00 00 00 00 00 00 00 00
  can0  111   [8]  DA 0E 02 00 00 00 00 00
  can0  112   [8]  03 03 77 77 04 04 04 04
  can0  113   [8]  42 4A 0A 00 CE 63 0A 00
  can0  114   [8]  00 00 00 00 00 00 80 00
  can0  115   [8]  00 00 00 00 00 00 00 00
  can0  116   [8]  00 08 00 08 00 00 00 00
  can0  101   [8]  D9 81 00 00 00 00 00 11
  can0  103   [8]  00 00 00 00 00 00 00 00
  can0  100   [8]  00 F6 64 9C 64 9C 77 33
  can0  102   [8]  00 00 00 00 FF 00 00 00
  can0  110   [8]  00 00 00 00 00 00 00 00
  can0  111   [8]  DB 0E 02 00 00 00 00 00
  can0  112   [8]  03 03 77 77 04 04 04 04
  can0  113   [8]  47 4A 0A 00 D3 63 0A 00
  can0  114   [8]  00 00 00 00 00 00 80 00
  can0  115   [8]  00 00 00 00 00 00 00 00
  can0  116   [8]  00 08 00 08 00 00 00 00
  can0  101   [8]  3E 82 00 00 00 00 00 11
  can0  103   [8]  00 00 00 00 00 00 00 00
  can0  630   [1]  F0
  can0  100   [8]  5D F7 64 9C 64 9C 77 33
  can0  102   [8]  00 00 00 00 FF 00 00 00
  can0  110   [8]  00 00 00 00 00 00 00 00
  can0  111   [8]  DC 0E 02 00 00 00 00 00
  can0  112   [8]  03 03 77 77 04 04 04 04
  can0  113   [8]  4C 4A 0A 00 D8 63 0A 00
  can0  114   [8]  00 00 00 00 00 00 80 00
  can0  115   [8]  00 00 00 00 00 00 00 00
  can0  116   [8]  00 08 00 08 00 00 00 00
  can0  101   [8]  63 83 00 00 00 00 00 11
  can0  103   [8]  00 00 00 00 00 00 00 00
  can0  100   [8]  01 F8 64 9C 64 9C 77 33
  can0  102   [8]  00 00 00 00 FF 00 00 00
  can0  110   [8]  00 00 00 00 00 00 00 00
  can0  111   [8]  DD 0E 02 00 00 00 00 00
  can0  112   [8]  03 03 77 77 04 04 04 04
  can0  113   [8]  51 4A 0A 00 DD 63 0A 00
  can0  114   [8]  00 00 00 00 00 00 80 00
  can0  115   [8]  00 00 00 00 00 00 00 00
  can0  116   [8]  00 08 00 08 00 00 00 00
  can0  101   [8]  ED 84 00 00 00 00 00 11
  can0  103   [8]  00 00 00 00 00 00 00 00
  can0  100   [8]  5C F9 64 9C 64 9C 77 33
  can0  102   [8]  00 00 00 00 FF 00 00 00
  can0  110   [8]  00 00 00 00 00 00 00 00
  can0  111   [8]  DE 0E 02 00 00 00 00 00
  can0  112   [8]  03 03 77 77 04 04 04 04
  can0  113   [8]  56 4A 0A 00 E2 63 0A 00
  can0  114   [8]  00 00 00 00 00 00 80 00
  can0  115   [8]  00 00 00 00 00 00 00 00
  can0  116   [8]  00 08 00 08 00 00 00 00
  can0  101   [8]  B0 85 00 00 00 00 00 11
  can0  103   [8]  00 00 00 00 00 00 00 00
  can0  100   [8]  BB FA 64 9C 64 9C 77 33
  can0  102   [8]  00 00 00 00 FF 00 00 00
  can0  110   [8]  00 00 00 00 00 00 00 00
  can0  111   [8]  DF 0E 02 00 00 00 00 00
  can0  112   [8]  03 03 77 77 04 04 04 04
  can0  113   [8]  5B 4A 0A 00 E7 63 0A 00
  can0  114   [8]  00 00 00 00 00 00 80 00
  can0  115   [8]  00 00 00 00 00 00 00 00
  can0  116   [8]  00 08 00 08 00 00 00 00
  can0  101   [8]  57 86 00 00 00 00 00 11
  can0  103   [8]  00 00 00 00 00 00 00 00
  can0  100   [8]  E6 FB 64 9C 64 9C 77 33
  can0  102   [8]  00 00 00 00 FF 00 00 00
  can0  110   [8]  00 00 00 00 00 00 00 00
  can0  111   [8]  E0 0E 02 00 00 00 00 00
  can0  112   [8]  03 03 77 77 04 04 04 04
  can0  113   [8]  60 4A 0A 00 EC 63 0A 00
  can0  114   [8]  00 00 00 00 00 00 80 00
  can0  115   [8]  00 00 00 00 00 00 00 00
  can0  116   [8]  00 08 00 08 00 00 00 00
  can0  101   [8]  0A 87 00 00 00 00 00 11
  can0  103   [8]  00 00 00 00 00 00 00 00
  can0  610   [8]  EC 51 18 BF 29 5C 0F 3E
  can0  611   [4]  1F 85 DB 3E
  can0  630   [1]  F0
  can0  100   [8]  68 FC 64 9C 64 9C 77 33
  can0  102   [8]  00 00 00 00 FF 00 00 00
  can0  110   [8]  00 00 00 00 00 00 00 00
  can0  111   [8]  E1 0E 02 00 00 00 00 00
  can0  112   [8]  03 03 77 77 04 04 04 04
  can0  113   [8]  65 4A 0A 00 F1 63 0A 00
  can0  114   [8]  00 00 00 00 00 00 80 00
  can0  115   [8]  00 00 00 00 00 00 00 00
  can0  116   [8]  00 08 00 08 00 00 00 00
  can0  101   [8]  56 88 00 00 00 00 00 11
  can0  103   [8]  00 00 00 00 00 00 00 00
  can0  100   [8]  35 FD 64 9C 64 9C 77 33
  can0  102   [8]  00 00 00 00 FF 00 00 00
  can0  110   [8]  00 00 00 00 00 00 00 00
  can0  111   [8]  E2 0E 02 00 00 00 00 00
  can0  112   [8]  03 03 77 77 04 04 04 04
  can0  113   [8]  6A 4A 0A 00 F6 63 0A 00
  can0  114   [8]  00 00 00 00 00 00 80 00
  can0  115   [8]  00 00 00 00 00 00 00 00
  can0  116   [8]  00 08 00 08 00 00 00 00
  can0  101   [8]  0B 89 00 00 00 00 00 11
  can0  103   [8]  00 00 00 00 00 00 00 00
  can0  100   [8]  D2 FE 64 9C 64 9C 77 33
  can0  102   [8]  00 00 00 00 FF 00 00 00
  can0  110   [8]  00 00 00 00 00 00 00 00
  can0  111   [8]  E3 0E 02 00 00 00 00 00
  can0  112   [8]  03 03 77 77 04 04 04 04
  can0  113   [8]  6F 4A 0A 00 FB 63 0A 00
  can0  114   [8]  00 00 00 00 00 00 80 00
  can0  115   [8]  00 00 00 00 00 00 00 00
  can0  116   [8]  00 08 00 08 00 00 00 00
  can0  101   [8]  EC 8A 00 00 00 00 00 11
  can0  103   [8]  00 00 00 00 00 00 00 00
  can0  100   [8]  8F FF 64 9C 64 9C 77 33
  can0  102   [8]  00 00 00 00 FF 00 00 00
  can0  110   [8]  00 00 00 00 00 00 00 00
  can0  111   [8]  E4 0E 02 00 00 00 00 00
  can0  112   [8]  03 03 77 77 04 04 04 04
  can0  113   [8]  74 4A 0A 00 00 64 0A 00
  can0  114   [8]  00 00 00 00 00 00 80 00
  can0  115   [8]  00 00 00 00 00 00 00 00
  can0  116   [8]  00 08 00 08 00 00 00 00
  can0  101   [8]  B1 8B 00 00 00 00 00 11
  can0  103   [8]  00 00 00 00 00 00 00 00
  can0  100   [8]  7A 00 64 9C 64 9C 77 33
  can0  102   [8]  00 00 00 00 FF 00 00 00
  can0  110   [8]  00 00 00 00 00 00 00 00
  can0  111   [8]  E5 0E 02 00 00 00 00 00
  can0  112   [8]  03 03 77 77 04 04 04 04
  can0  113   [8]  79 4A 0A 00 05 64 0A 00
  can0  114   [8]  00 00 00 00 00 00 80 00
  can0  115   [8]  00 00 00 00 00 00 00 00
  can0  116   [8]  00 08 00 08 00 00 00 00
  can0  101   [8]  3F 8C 00 00 00 00 00 11
  can0  103   [8]  00 00 00 00 00 00 00 00
  can0  600   [8]  EB FF F1 FF FB 00 01 03
  can0  100   [8]  27 01 64 9C 64 9C 77 33
  can0  102   [8]  00 00 00 00 FF 00 00 00
  can0  110   [8]  00 00 00 00 00 00 00 00
  can0  111   [8]  E6 0E 02 00 00 00 00 00
  can0  112   [8]  03 03 77 77 04 04 04 04
  can0  113   [8]  7E 4A 0A 00 0A 64 0A 00
  can0  114   [8]  00 00 00 00 00 00 80 00
  can0  115   [8]  00 00 00 00 00 00 00 00
  can0  116   [8]  00 08 00 08 00 00 00 00
  can0  601   [6]  13 00 F8 FF 85 01
  can0  630   [1]  F0
  can0  101   [8]  62 8D 00 00 00 00 00 11
  can0  103   [8]  00 00 00 00 00 00 00 00
  can0  100   [8]  C0 02 64 9C 64 9C 77 33
  can0  102   [8]  00 00 00 00 FF 00 00 00
  can0  110   [8]  00 00 00 00 00 00 00 00
  can0  111   [8]  E7 0E 02 00 00 00 00 00
  can0  112   [8]  03 03 77 77 04 04 04 04
  can0  113   [8]  83 4A 0A 00 0F 64 0A 00
  can0  114   [8]  00 00 00 00 00 00 80 00
  can0  115   [8]  00 00 00 00 00 00 00 00
  can0  116   [8]  00 08 00 08 00 00 00 00
  can0  101   [8]  85 8E 00 00 00 00 00 11
  can0  103   [8]  00 00 00 00 00 00 00 00
  can0  100   [8]  9D 03 64 9C 64 9C 77 33
  can0  102   [8]  00 00 00 00 FF 00 00 00
  can0  110   [8]  00 00 00 00 00 00 00 00
  can0  111   [8]  E8 0E 02 00 00 00 00 00
  can0  112   [8]  03 03 77 77 04 04 04 04
  can0  113   [8]  88 4A 0A 00 14 64 0A 00
  can0  114   [8]  00 00 00 00 00 00 80 00
  can0  115   [8]  00 00 00 00 00 00 00 00
  can0  116   [8]  00 08 00 08 00 00 00 00
  can0  101   [8]  D8 8F 00 00 00 00 00 11
  can0  103   [8]  00 00 00 00 00 00 00 00
  can0  620   [3]  02 00 01
  can0  621   [8]  00 00 00 00 00 00 00 00
  can0  100   [8]  13 04 64 9C 64 9C 77 33
  can0  102   [8]  00 00 00 00 FF 00 00 00
  can0  110   [8]  00 00 00 00 00 00 00 00
  can0  111   [8]  E9 0E 02 00 00 00 00 00
  can0  112   [8]  03 03 77 77 04 04 04 04
  can0  113   [8]  8D 4A 0A 00 19 64 0A 00
  can0  114   [8]  00 00 00 00 00 00 80 00
  can0  115   [8]  00 00 00 00 00 00 00 00
  can0  116   [8]  00 08 00 08 00 00 00 00
  can0  622   [7]  00 00 00 00 00 00 00
  can0  623   [7]  00 00 00 00 00 00 00
  can0  624   [4]  00 00 00 00
  can0  101   [8]  3D 90 00 00 00 00 00 11
  can0  103   [8]  00 00 00 00 00 00 00 00
  can0  625   [8]  E1 FA C7 42 E1 FA C7 42
  can0  626   [4]  E1 FA C7 42
  can0  627   [6]  00 00 00 00 00 00
  can0  100   [8]  4E 05 64 9C 64 9C 77 33
  can0  102   [8]  00 00 00 00 FF 00 00 00
  can0  110   [8]  00 00 00 00 00 00 00 00
  can0  111   [8]  EA 0E 02 00 00 00 00 00
  can0  112   [8]  03 03 77 77 04 04 04 04
  can0  113   [8]  92 4A 0A 00 1E 64 0A 00
  can0  114   [8]  00 00 00 00 00 00 80 00
  can0  115   [8]  00 00 00 00 00 00 00 00
  can0  116   [8]  00 08 00 08 00 00 00 00
  can0  101   [8]  60 91 00 00 00 00 00 11
  can0  103   [8]  00 00 00 00 00 00 00 00
  can0  610   [8]  CD CC 1C BF AE 47 A1 3D
  can0  611   [4]  85 EB 71 3E
  can0  100   [8]  A9 06 64 9C 64 9C 77 33
  can0  102   [8]  00 00 00 00 FF 00 00 00
  can0  110   [8]  00 00 00 00 00 00 00 00
  can0  111   [8]  EB 0E 02 00 00 00 00 00
  can0  112   [8]  03 03 77 77 04 04 04 04
  can0  113   [8]  97 4A 0A 00 23 64 0A 00
  can0  114   [8]  00 00 00 00 00 00 80 00
  can0  115   [8]  00 00 00 00 00 00 00 00
  can0  116   [8]  00 08 00 08 00 00 00 00
  can0  630   [1]  F0
  can0  101   [8]  87 92 00 00 00 00 00 11
  can0  103   [8]  00 00 00 00 00 00 00 00
  can0  100   [8]  F4 07 64 9C 64 9C 77 33
  can0  102   [8]  00 00 00 00 FF 00 00 00
  can0  110   [8]  00 00 00 00 00 00 00 00
  can0  111   [8]  EC 0E 02 00 00 00 00 00
  can0  112   [8]  03 03 77 77 04 04 04 04
  can0  113   [8]  9C 4A 0A 00 28 64 0A 00
  can0  114   [8]  00 00 00 00 00 00 80 00
  can0  115   [8]  00 00 00 00 00 00 00 00
  can0  116   [8]  00 08 00 08 00 00 00 00
  can0  101   [8]  DA 93 00 00 00 00 00 11
  can0  103   [8]  00 00 00 00 00 00 00 00
  can0  100   [8]  A8 08 64 9C 64 9C 77 33
  can0  102   [8]  00 00 00 00 FF 00 00 00
  can0  110   [8]  00 00 00 00 00 00 00 00
  can0  111   [8]  ED 0E 02 00 00 00 00 00
  can0  112   [8]  03 03 77 77 04 04 04 04
  can0  113   [8]  A1 4A 0A 00 2D 64 0A 00
  can0  114   [8]  00 00 00 00 00 00 80 00
  can0  115   [8]  00 00 00 00 00 00 00 00
  can0  116   [8]  00 08 00 08 00 00 00 00
  can0  101   [8]  54 94 00 00 00 00 00 11
  can0  103   [8]  00 00 00 00 00 00 00 00
  can0  100   [8]  F5 09 64 9C 64 9C 77 33
  can0  102   [8]  00 00 00 00 FF 00 00 00
  can0  110   [8]  00 00 00 00 00 00 00 00
  can0  111   [8]  EE 0E 02 00 00 00 00 00
  can0  112   [8]  03 03 77 77 04 04 04 04
  can0  113   [8]  A6 4A 0A 00 32 64 0A 00
  can0  114   [8]  00 00 00 00 00 00 80 00
  can0  115   [8]  00 00 00 00 00 00 00 00
  can0  116   [8]  00 08 00 08 00 00 00 00
  can0  101   [8]  09 95 00 00 00 00 00 11
  can0  103   [8]  00 00 00 00 00 00 00 00
  can0  100   [8]  12 0A 64 9C 64 9C 77 33
  can0  102   [8]  00 00 00 00 FF 00 00 00
  can0  110   [8]  00 00 00 00 00 00 00 00
  can0  111   [8]  EF 0E 02 00 00 00 00 00
  can0  112   [8]  03 03 77 77 04 04 04 04
  can0  113   [8]  AB 4A 0A 00 37 64 0A 00
  can0  114   [8]  00 00 00 00 00 00 80 00
  can0  115   [8]  00 00 00 00 00 00 00 00
  can0  116   [8]  00 08 00 08 00 00 00 00
  can0  101   [8]  EE 96 00 00 00 00 00 11
  can0  103   [8]  00 00 00 00 00 00 00 00
  can0  630   [1]  F0
  can0  100   [8]  4F 0B 64 9C 64 9C 77 33
  can0  102   [8]  00 00 00 00 FF 00 00 00
  can0  110   [8]  00 00 00 00 00 00 00 00
  can0  111   [8]  F0 0E 02 00 00 00 00 00
  can0  112   [8]  03 03 77 77 04 04 04 04
  can0  113   [8]  B0 4A 0A 00 3C 64 0A 00
  can0  114   [8]  00 00 00 00 00 00 80 00
  can0  115   [8]  00 00 00 00 00 00 00 00
  can0  116   [8]  00 08 00 08 00 00 00 00
  can0  101   [8]  B3 97 00 00 00 00 00 11
  can0  103   [8]  00 00 00 00 00 00 00 00
  can0  100   [8]  C1 0C 64 9C 64 9C 77 33
  can0  102   [8]  00 00 00 00 FF 00 00 00
  can0  110   [8]  00 00 00 00 00 00 00 00
  can0  111   [8]  F1 0E 02 00 00 00 00 00
  can0  112   [8]  03 03 77 77 04 04 04 04
  can0  113   [8]  B5 4A 0A 00 41 64 0A 00
  can0  114   [8]  00 00 00 00 00 00 80 00
  can0  115   [8]  00 00 00 00 00 00 00 00
  can0  116   [8]  00 08 00 08 00 00 00 00
  can0  101   [8]  EF 98 00 00 00 00 00 11
  can0  103   [8]  00 00 00 00 00 00 00 00
  can0  100   [8]  9C 0D 64 9C 64 9C 77 33
  can0  102   [8]  00 00 00 00 FF 00 00 00
  can0  110   [8]  00 00 00 00 00 00 00 00
  can0  111   [8]  F2 0E 02 00 00 00 00 00
  can0  112   [8]  03 03 77 77 04 04 04 04
  can0  113   [8]  BA 4A 0A 00 46 64 0A 00
  can0  114   [8]  00 00 00 00 00 00 80 00
  can0  115   [8]  00 00 00 00 00 00 00 00
  can0  116   [8]  00 08 00 08 00 00 00 00
  can0  101   [8]  B2 99 00 00 00 00 00 11
  can0  103   [8]  00 00 00 00 00 00 00 00
  can0  100   [8]  7B 0E 64 9C 64 9C 77 33
  can0  102   [8]  00 00 00 00 FF 00 00 00
  can0  110   [8]  00 00 00 00 00 00 00 00
  can0  111   [8]  F3 0E 02 00 00 00 00 00
  can0  112   [8]  03 03 77 77 04 04 04 04
  can0  113   [8]  BF 4A 0A 00 4B 64 0A 00
  can0  114   [8]  00 00 00 00 00 00 80 00
  can0  115   [8]  00 00 00 00 00 00 00 00
  can0  116   [8]  00 08 00 08 00 00 00 00
  can0  101   [8]  55 9A 00 00 00 00 00 11
  can0  103   [8]  00 00 00 00 00 00 00 00
  can0  100   [8]  26 0F 64 9C 64 9C 77 33
  can0  102   [8]  00 00 00 00 FF 00 00 00
  can0  110   [8]  00 00 00 00 00 00 00 00
  can0  111   [8]  F4 0E 02 00 00 00 00 00
  can0  112   [8]  03 03 77 77 04 04 04 04
  can0  113   [8]  C4 4A 0A 00 50 64 0A 00
  can0  114   [8]  00 00 00 00 00 00 80 00
  can0  115   [8]  00 00 00 00 00 00 00 00
  can0  116   [8]  00 08 00 08 00 00 00 00
  can0  101   [8]  08 9B 00 00 00 00 00 11
  can0  103   [8]  00 00 00 00 00 00 00 00
  can0  600   [8]  ED FF EF FF FC 00 02 03
  can0  601   [6]  13 00 F9 FF 86 01
  can0  100   [8]  C3 10 64 9C 64 9C 77 33
  can0  102   [8]  00 00 00 00 FF 00 00 00
  can0  110   [8]  00 00 00 00 00 00 00 00
  can0  111   [8]  F5 0E 02 00 00 00 00 00
  can0  112   [8]  03 03 77 77 04 04 04 04
  can0  113   [8]  C9 4A 0A 00 55 64 0A 00
  can0  114   [8]  00 00 00 00 00 00 80 00
  can0  115   [8]  00 00 00 00 00 00 00 00
  can0  116   [8]  00 08 00 08 00 00 00 00
  can0  610   [8]  CD CC 1C BF AE 47 A1 3D
  can0  611   [4]  85 EB 71 3E
  can0  630   [1]  F0
  can0  101   [8]  86 9C 00 00 00 00 00 11
  can0  103   [8]  00 00 00 00 00 00 00 00
  can0  100   [8]  9E 11 64 9C 64 9C 77 33
  can0  102   [8]  00 00 00 00 FF 00 00 00
  can0  110   [8]  00 00 00 00 00 00 00 00
  can0  111   [8]  F6 0E 02 00 00 00 00 00
  can0  112   [8]  03 03 77 77 04 04 04 04
  can0  113   [8]  CE 4A 0A 00 5A 64 0A 00
  can0  114   [8]  00 00 00 00 00 00 80 00
  can0  115   [8]  00 00 00 00 00 00 00 00
  can0  116   [8]  00 08 00 08 00 00 00 00
  can0  101   [8]  DB 9D 00 00 00 00 00 11
  can0  103   [8]  00 00 00 00 00 00 00 00
  can0  100   [8]  79 12 64 9C 64 9C 77 33
  can0  102   [8]  00 00 00 00 FF 00 00 00
  can0  110   [8]  00 00 00 00 00 00 00 00
  can0  111   [8]  F7 0E 02 00 00 00 00 00
  can0  112   [8]  03 03 77 77 04 04 04 04
  can0  113   [8]  D3 4A 0A 00 5F 64 0A 00
  can0  114   [8]  00 00 00 00 00 00 80 00
  can0  115   [8]  00 00 00 00 00 00 00 00
  can0  116   [8]  00 08 00 08 00 00 00 00
  can0  101   [8]  3C 9E 00 00 00 00 00 11
  can0  103   [8]  00 00 00 00 00 00 00 00
  can0  100   [8]  24 13 64 9C 64 9C 77 33
  can0  102   [8]  00 00 00 00 FF 00 00 00
  can0  110   [8]  00 00 00 00 00 00 00 00
  can0  111   [8]  F8 0E 02 00 00 00 00 00
  can0  112   [8]  03 03 77 77 04 04 04 04
  can0  113   [8]  D8 4A 0A 00 64 64 0A 00
  can0  114   [8]  00 00 00 00 00 00 80 00
  can0  115   [8]  00 00 00 00 00 00 00 00
  can0  116   [8]  00 08 00 08 00 00 00 00
  can0  402   [8]  02 00 17 15 FF 2C 00 10
  can0  101   [8]  61 9F 00 00 00 00 00 11
  can0  103   [8]  00 00 00 00 00 00 00 00
  can0  405   [8]  03 01 00 00 00 00 00 00
  can0  404   [8]  03 00 00 00 00 00 00 00
  can0  403   [8]  02 01 2C 12 3C 34 00 00
  can0  100   [8]  AA 14 64 9C 64 9C 77 33
  can0  102   [8]  00 00 00 00 FF 00 00 00
  can0  110   [8]  00 00 00 00 00 00 00 00
  can0  111   [8]  F9 0E 02 00 00 00 00 00
  can0  112   [8]  03 03 77 77 04 04 04 04
  can0  113   [8]  DD 4A 0A 00 69 64 0A 00
  can0  114   [8]  00 00 00 00 00 00 80 00
  can0  115   [8]  00 00 00 00 00 00 00 00
  can0  116   [8]  00 08 00 08 00 00 00 00
  can0  101   [8]  EB A0 00 00 00 00 00 11
  can0  103   [8]  00 00 00 00 00 00 00 00
  can0  630   [1]  F0
  can0  100   [8]  F7 15 64 9C 64 9C 77 33
  can0  102   [8]  00 00 00 00 FF 00 00 00
  can0  110   [8]  00 00 00 00 00 00 00 00
  can0  111   [8]  FA 0E 02 00 00 00 00 00
  can0  112   [8]  03 03 77 77 04 04 04 04
  can0  113   [8]  E2 4A 0A 00 6E 64 0A 00
  can0  114   [8]  00 00 00 00 00 00 80 00
  can0  115   [8]  00 00 00 00 00 00 00 00
  can0  116   [8]  00 08 00 08 00 00 00 00
  can0  101   [8]  B6 A1 00 00 00 00 00 11
  can0  103   [8]  00 00 00 00 00 00 00 00
  can0  100   [8]  10 16 64 9C 64 9C 77 33
  can0  102   [8]  00 00 00 00 FF 00 00 00
  can0  110   [8]  00 00 00 00 00 00 00 00
  can0  111   [8]  FB 0E 02 00 00 00 00 00
  can0  112   [8]  03 03 77 77 04 04 04 04
  can0  113   [8]  E7 4A 0A 00 73 64 0A 00
  can0  114   [8]  00 00 00 00 00 00 80 00
  can0  115   [8]  00 00 00 00 00 00 00 00
  can0  116   [8]  00 08 00 08 00 00 00 00
  can0  101   [8]  51 A2 00 00 00 00 00 11
  can0  103   [8]  00 00 00 00 00 00 00 00
  can0  100   [8]  4D 17 64 9C 64 9C 77 33
  can0  102   [8]  00 00 00 00 FF 00 00 00
  can0  110   [8]  00 00 00 00 00 00 00 00
  can0  111   [8]  FC 0E 02 00 00 00 00 00
  can0  112   [8]  03 03 77 77 04 04 04 04
  can0  113   [8]  EC 4A 0A 00 78 64 0A 00
  can0  114   [8]  00 00 00 00 00 00 80 00
  can0  115   [8]  00 00 00 00 00 00 00 00
  can0  116   [8]  00 08 00 08 00 00 00 00
  can0  101   [8]  0C A3 00 00 00 00 00 11
  can0  103   [8]  00 00 00 00 00 00 00 00
  can0  620   [3]  02 00 01
  can0  621   [8]  00 00 00 00 00 00 00 00
  can0  622   [7]  00 00 00 00 00 00 00
  can0  623   [7]  00 00 00 00 00 00 00
  can0  624   [4]  00 00 00 00
  can0  625   [8]  E1 FA C7 42 E1 FA C7 42
  can0  626   [4]  E1 FA C7 42
  can0  627   [6]  00 00 00 00 00 00
  can0  100   [8]  11 18 64 9C 64 9C 77 33
  can0  102   [8]  00 00 00 00 FF 00 00 00
  can0  110   [8]  00 00 00 00 00 00 00 00
  can0  111   [8]  FD 0E 02 00 00 00 00 00
  can0  112   [8]  03 03 77 77 04 04 04 04
  can0  113   [8]  F1 4A 0A 00 7D 64 0A 00
  can0  114   [8]  00 00 00 00 00 00 80 00
  can0  101   [8]  82 A4 00 00 00 00 00 11
  can0  103   [8]  00 00 00 00 00 00 00 00
  can0  115   [8]  00 00 00 00 00 00 00 00
  can0  116   [8]  00 08 00 08 00 00 00 00
  can0  100   [8]  4C 19 64 9C 64 9C 77 33
  can0  102   [8]  00 00 00 00 FF 00 00 00
  can0  110   [8]  00 00 00 00 00 00 00 00
  can0  111   [8]  FE 0E 02 00 00 00 00 00
  can0  112   [8]  03 03 77 77 04 04 04 04
  can0  113   [8]  F6 4A 0A 00 82 64 0A 00
  can0  114   [8]  00 00 00 00 00 00 80 00
  can0  115   [8]  00 00 00 00 00 00 00 00
  can0  116   [8]  00 08 00 08 00 00 00 00
  can0  101   [8]  DF A5 00 00 00 00 00 11
  can0  103   [8]  00 00 00 00 00 00 00 00
  can0  610   [8]  5C 8F D2 BE 3E 0A 57 3D
  can0  611   [4]  3E 0A 57 BD
  can0  630   [1]  F0
  can0  100   [8]  AB 1A 64 9C 64 9C 77 33
  can0  102   [8]  00 00 00 00 FF 00 00 00
  can0  110   [8]  00 00 00 00 00 00 00 00
  can0  111   [8]  FF 0E 02 00 00 00 00 00
  can0  112   [8]  03 03 77 77 04 04 04 04
  can0  113   [8]  FB 4A 0A 00 87 64 0A 00
  can0  114   [8]  00 00 00 00 00 00 80 00
  can0  115   [8]  00 00 00 00 00 00 00 00
  can0  116   [8]  00 08 00 08 00 00 00 00
  can0  101   [8]  38 A6 00 00 00 00 00 11
  can0  103   [8]  00 00 00 00 00 00 00 00
  can0  100   [8]  F6 1B 64 9C 64 9C 77 33
  can0  102   [8]  00 00 00 00 FF 00 00 00
  can0  110   [8]  00 00 00 00 00 00 00 00
  can0  111   [8]  00 0F 02 00 00 00 00 00
  can0  112   [8]  03 03 77 77 04 04 04 04
  can0  113   [8]  00 4B 0A 00 8C 64 0A 00
  can0  114   [8]  00 00 00 00 00 00 80 00
  can0  115   [8]  00 00 00 00 00 00 00 00
  can0  116   [8]  00 08 00 08 00 00 00 00
  can0  101   [8]  65 A7 00 00 00 00 00 11
  can0  103   [8]  00 00 00 00 00 00 00 00
  can0  100   [8]  78 1C 64 9C 64 9C 77 33
  can0  102   [8]  00 00 00 00 FF 00 00 00
  can0  110   [8]  00 00 00 00 00 00 00 00
  can0  111   [8]  01 0F 02 00 00 00 00 00
  can0  112   [8]  03 03 77 77 04 04 04 04
  can0  113   [8]  05 4B 0A 00 91 64 0A 00
  can0  114   [8]  00 00 00 00 00 00 80 00
  can0  115   [8]  00 00 00 00 00 00 00 00
  can0  116   [8]  00 08 00 08 00 00 00 00
  can0  101   [8]  39 A8 00 00 00 00 00 11
  can0  103   [8]  00 00 00 00 00 00 00 00
  can0  100   [8]  25 1D 64 9C 64 9C 77 33
  can0  102   [8]  00 00 00 00 FF 00 00 00
  can0  110   [8]  00 00 00 00 00 00 00 00
  can0  111   [8]  02 0F 02 00 00 00 00 00
  can0  112   [8]  03 03 77 77 04 04 04 04
  can0  113   [8]  0A 4B 0A 00 96 64 0A 00
  can0  114   [8]  00 00 00 00 00 00 80 00
  can0  115   [8]  00 00 00 00 00 00 00 00
  can0  116   [8]  00 08 00 08 00 00 00 00
  can0  101   [8]  64 A9 00 00 00 00 00 11
  can0  103   [8]  00 00 00 00 00 00 00 00
  can0  100   [8]  C2 1E 64 9C 64 9C 77 33
  can0  102   [8]  00 00 00 00 FF 00 00 00
  can0  110   [8]  00 00 00 00 00 00 00 00
  can0  111   [8]  03 0F 02 00 00 00 00 00
  can0  112   [8]  03 03 77 77 04 04 04 04
  can0  113   [8]  0F 4B 0A 00 9B 64 0A 00
  can0  114   [8]  00 00 00 00 00 00 80 00
  can0  115   [8]  00 00 00 00 00 00 00 00
  can0  116   [8]  00 08 00 08 00 00 00 00
  can0  101   [8]  83 AA 00 00 00 00 00 11
  can0  103   [8]  00 00 00 00 00 00 00 00
  can0  600   [8]  ED FF F2 FF FA 00 01 03
  can0  601   [6]  0E 00 FB FF 7E 01
  can0  630   [1]  F0
  can0  100   [8]  9F 1F 64 9C 64 9C 77 33
  can0  102   [8]  00 00 00 00 FF 00 00 00
  can0  110   [8]  00 00 00 00 00 00 00 00
  can0  111   [8]  04 0F 02 00 00 00 00 00
  can0  112   [8]  03 03 77 77 04 04 04 04
  can0  113   [8]  14 4B 0A 00 A0 64 0A 00
  can0  114   [8]  00 00 00 00 00 00 80 00
  can0  115   [8]  00 00 00 00 00 00 00 00
  can0  116   [8]  00 08 00 08 00 00 00 00
  can0  101   [8]  DE AB 00 00 00 00 00 11
  can0  103   [8]  00 00 00 00 00 00 00 00
  can0  100   [8]  15 20 64 9C 64 9C 77 33
  can0  102   [8]  00 00 00 00 FF 00 00 00
  can0  110   [8]  00 00 00 00 00 00 00 00
  can0  111   [8]  05 0F 02 00 00 00 00 00
  can0  112   [8]  03 03 77 77 04 04 04 04
  can0  113   [8]  19 4B 0A 00 A5 64 0A 00
  can0  114   [8]  00 00 00 00 00 00 80 00
  can0  115   [8]  00 00 00 00 00 00 00 00
  can0  116   [8]  00 08 00 08 00 00 00 00
  can0  101   [8]  50 AC 00 00 00 00 00 11
  can0  103   [8]  00 00 00 00 00 00 00 00
  can0  100   [8]  48 21 64 9C 64 9C 77 33
  can0  102   [8]  00 00 00 00 FF 00 00 00
  can0  110   [8]  00 00 00 00 00 00 00 00
  can0  111   [8]  06 0F 02 00 00 00 00 00
  can0  112   [8]  03 03 77 77 04 04 04 04
  can0  113   [8]  1E 4B 0A 00 AA 64 0A 00
  can0  114   [8]  00 00 00 00 00 00 80 00
  can0  115   [8]  00 00 00 00 00 00 00 00
  can0  116   [8]  00 08 00 08 00 00 00 00
  can0  101   [8]  0D AD 00 00 00 00 00 11
  can0  103   [8]  00 00 00 00 00 00 00 00
  can0  100   [8]  AF 22 64 9C 64 9C 77 33
  can0  102   [8]  00 00 00 00 FF 00 00 00
  can0  110   [8]  00 00 00 00 00 00 00 00
  can0  111   [8]  07 0F 02 00 00 00 00 00
  can0  112   [8]  03 03 77 77 04 04 04 04
  can0  113   [8]  23 4B 0A 00 AF 64 0A 00
  can0  114   [8]  00 00 00 00 00 00 80 00
  can0  115   [8]  00 00 00 00 00 00 00 00
  can0  116   [8]  00 08 00 08 00 00 00 00
  can0  101   [8]  EA AE 00 00 00 00 00 11
  can0  103   [8]  00 00 00 00 00 00 00 00
  can0  100   [8]  F2 23 64 9C 64 9C 77 33
  can0  102   [8]  00 00 00 00 FF 00 00 00
  can0  110   [8]  00 00 00 00 00 00 00 00
  can0  111   [8]  08 0F 02 00 00 00 00 00
  can0  112   [8]  03 03 77 77 04 04 04 04
  can0  113   [8]  28 4B 0A 00 B4 64 0A 00
  can0  114   [8]  00 00 00 00 00 00 80 00
  can0  115   [8]  00 00 00 00 00 00 00 00
  can0  116   [8]  00 08 00 08 00 00 00 00
  can0  101   [8]  B7 AF 00 00 00 00 00 11
  can0  103   [8]  00 00 00 00 00 00 00 00
  can0  610   [8]  5C 8F D2 BE 3E 0A 57 3D
  can0  611   [4]  3E 0A 57 BD
  can0  630   [1]  F0
  can0  100   [8]  7C 24 64 9C 64 9C 77 33
  can0  102   [8]  00 00 00 00 FF 00 00 00
  can0  110   [8]  00 00 00 00 00 00 00 00
  can0  111   [8]  09 0F 02 00 00 00 00 00
  can0  112   [8]  03 03 77 77 04 04 04 04
  can0  113   [8]  2D 4B 0A 00 B9 64 0A 00
  can0  114   [8]  00 00 00 00 00 00 80 00
  can0  115   [8]  00 00 00 00 00 00 00 00
  can0  116   [8]  00 08 00 08 00 00 00 00
  can0  101   [8]  52 B0 00 00 00 00 00 11
  can0  103   [8]  00 00 00 00 00 00 00 00
  can0  100   [8]  21 25 64 9C 64 9C 77 33
  can0  102   [8]  00 00 00 00 FF 00 00 00
  can0  110   [8]  00 00 00 00 00 00 00 00
  can0  111   [8]  0A 0F 02 00 00 00 00 00
  can0  112   [8]  03 03 77 77 04 04 04 04
  can0  113   [8]  32 4B 0A 00 BE 64 0A 00
  can0  114   [8]  00 00 00 00 00 00 80 00
  can0  115   [8]  00 00 00 00 00 00 00 00
  can0  116   [8]  00 08 00 08 00 00 00 00
  can0  101   [8]  0F B1 00 00 00 00 00 11
  can0  103   [8]  00 00 00 00 00 00 00 00
  can0  100   [8]  C6 26 64 9C 64 9C 77 33
  can0  102   [8]  00 00 00 00 FF 00 00 00
  can0  110   [8]  00 00 00 00 00 00 00 00
  can0  111   [8]  0B 0F 02 00 00 00 00 00
  can0  112   [8]  03 03 77 77 04 04 04 04
  can0  113   [8]  37 4B 0A 00 C3 64 0A 00
  can0  114   [8]  00 00 00 00 00 00 80 00
  can0  115   [8]  00 00 00 00 00 00 00 00
  can0  116   [8]  00 08 00 08 00 00 00 00
  can0  101   [8]  E8 B2 00 00 00 00 00 11
  can0  103   [8]  00 00 00 00 00 00 00 00
  can0  100   [8]  9B 27 64 9C 64 9C 77 33
  can0  102   [8]  00 00 00 00 FF 00 00 00
  can0  110   [8]  00 00 00 00 00 00 00 00
  can0  111   [8]  0C 0F 02 00 00 00 00 00
  can0  112   [8]  03 03 77 77 04 04 04 04
  can0  113   [8]  3C 4B 0A 00 C8 64 0A 00
  can0  114   [8]  00 00 00 00 00 00 80 00
  can0  115   [8]  00 00 00 00 00 00 00 00
  can0  116   [8]  00 08 00 08 00 00 00 00
  can0  101   [8]  B5 B3 00 00 00 00 00 11
  can0  103   [8]  00 00 00 00 00 00 00 00
  can0  100   [8]  C7 28 64 9C 64 9C 77 33
  can0  102   [8]  00 00 00 00 FF 00 00 00
  can0  110   [8]  00 00 00 00 00 00 00 00
  can0  111   [8]  0D 0F 02 00 00 00 00 00
  can0  112   [8]  03 03 77 77 04 04 04 04
  can0  113   [8]  41 4B 0A 00 CD 64 0A 00
  can0  114   [8]  00 00 00 00 00 00 80 00
  can0  115   [8]  00 00 00 00 00 00 00 00
  can0  116   [8]  00 08 00 08 00 00 00 00
  can0  101   [8]  3B B4 00 00 00 00 00 11
  can0  103   [8]  00 00 00 00 00 00 00 00
  can0  630   [1]  F0
  can0  100   [8]  9A 29 64 9C 64 9C 77 33
  can0  102   [8]  00 00 00 00 FF 00 00 00
  can0  110   [8]  00 00 00 00 00 00 00 00
  can0  111   [8]  0E 0F 02 00 00 00 00 00
  can0  112   [8]  03 03 77 77 04 04 04 04
  can0  113   [8]  46 4B 0A 00 D2 64 0A 00
  can0  114   [8]  00 00 00 00 00 00 80 00
  can0  115   [8]  00 00 00 00 00 00 00 00
  can0  116   [8]  00 08 00 08 00 00 00 00
  can0  101   [8]  66 B5 00 00 00 00 00 11
  can0  103   [8]  00 00 00 00 00 00 00 00
  can0  100   [8]  7D 2A 64 9C 64 9C 77 33
  can0  102   [8]  00 00 00 00 FF 00 00 00
  can0  110   [8]  00 00 00 00 00 00 00 00
  can0  111   [8]  0F 0F 02 00 00 00 00 00
  can0  112   [8]  03 03 77 77 04 04 04 04
  can0  113   [8]  4B 4B 0A 00 D7 64 0A 00
  can0  114   [8]  00 00 00 00 00 00 80 00
  can0  115   [8]  00 00 00 00 00 00 00 00
  can0  116   [8]  00 08 00 08 00 00 00 00
  can0  101   [8]  81 B6 00 00 00 00 00 11
  can0  103   [8]  00 00 00 00 00 00 00 00
  can0  100   [8]  20 2B 64 9C 64 9C 77 33
  can0  102   [8]  00 00 00 00 FF 00 00 00
  can0  110   [8]  00 00 00 00 00 00 00 00
  can0  111   [8]  10 0F 02 00 00 00 00 00
  can0  112   [8]  03 03 77 77 04 04 04 04
  can0  113   [8]  50 4B 0A 00 DC 64 0A 00
  can0  114   [8]  00 00 00 00 00 00 80 00
  can0  115   [8]  00 00 00 00 00 00 00 00
  can0  116   [8]  00 08 00 08 00 00 00 00
  can0  101   [8]  DC B7 00 00 00 00 00 11
  can0  103   [8]  00 00 00 00 00 00 00 00
  can0  620   [3]  02 00 01
  can0  621   [8]  00 00 00 00 00 00 00 00
  can0  622   [7]  00 00 00 00 00 00 00
  can0  623   [7]  00 00 00 00 00 00 00
  can0  624   [4]  00 00 00 00
  can0  625   [8]  E1 FA C7 42 E1 FA C7 42
  can0  626   [4]  E1 FA C7 42
  can0  627   [6]  00 00 00 00 00 00
  can0  100   [8]  AE 2C 64 9C 64 9C 77 33
  can0  102   [8]  00 00 00 00 FF 00 00 00
  can0  110   [8]  00 00 00 00 00 00 00 00
  can0  111   [8]  11 0F 02 00 00 00 00 00
  can0  112   [8]  03 03 77 77 04 04 04 04
  can0  113   [8]  55 4B 0A 00 E1 64 0A 00
  can0  114   [8]  00 00 00 00 00 00 80 00
  can0  101   [8]  80 B8 00 00 00 00 00 11
  can0  115   [8]  00 00 00 00 00 00 00 00
  can0  116   [8]  00 08 00 08 00 00 00 00
  can0  103   [8]  00 00 00 00 00 00 00 00
  can0  100   [8]  F3 2D 64 9C 64 9C 77 33
  can0  102   [8]  00 00 00 00 FF 00 00 00
  can0  110   [8]  00 00 00 00 00 00 00 00
  can0  111   [8]  12 0F 02 00 00 00 00 00
  can0  112   [8]  03 03 77 77 04 04 04 04
  can0  113   [8]  5A 4B 0A 00 E6 64 0A 00
  can0  114   [8]  00 00 00 00 00 00 80 00
  can0  115   [8]  00 00 00 00 00 00 00 00
  can0  116   [8]  00 08 00 08 00 00 00 00
  can0  101   [8]  DD B9 00 00 00 00 00 11
  can0  103   [8]  00 00 00 00 00 00 00 00
  can0  600   [8]  ED FF F1 FF FA 00 01 03
  can0  601   [6]  0E 00 FB FF 7E 01
  can0  610   [8]  AE 47 21 BF 66 66 06 3E
  can0  611   [4]  85 EB F1 3E
  can0  630   [1]  F0
  can0  100   [8]  14 2E 64 9C 64 9C 77 33
  can0  102   [8]  00 00 00 00 FF 00 00 00
  can0  110   [8]  00 00 00 00 00 00 00 00
  can0  111   [8]  13 0F 02 00 00 00 00 00
  can0  112   [8]  03 03 77 77 04 04 04 04
  can0  113   [8]  5F 4B 0A 00 EB 64 0A 00
  can0  114   [8]  00 00 00 00 00 00 80 00
  can0  115   [8]  00 00 00 00 00 00 00 00
  can0  116   [8]  00 08 00 08 00 00 00 00
  can0  101   [8]  3A BA 00 00 00 00 00 11
  can0  103   [8]  00 00 00 00 00 00 00 00
  can0  100   [8]  49 2F 64 9C 64 9C 77 33
  can0  102   [8]  00 00 00 00 FF 00 00 00
  can0  110   [8]  00 00 00 00 00 00 00 00
  can0  111   [8]  14 0F 02 00 00 00 00 00
  can0  112   [8]  03 03 77 77 04 04 04 04
  can0  113   [8]  64 4B 0A 00 F0 64 0A 00
  can0  114   [8]  00 00 00 00 00 00 80 00
  can0  115   [8]  00 00 00 00 00 00 00 00
  can0  116   [8]  00 08 00 08 00 00 00 00
  can0  101   [8]  67 BB 00 00 00 00 00 11
  can0  103   [8]  00 00 00 00 00 00 00 00
  can0  100   [8]  AC 30 64 9C 64 9C 77 33
  can0  102   [8]  00 00 00 00 FF 00 00 00
  can0  110   [8]  00 00 00 00 00 00 00 00
  can0  111   [8]  14 0F 02 00 00 00 00 00
  can0  112   [8]  03 03 77 77 04 04 04 04
  can0  113   [8]  64 4B 0A 00 F5 64 0A 00
  can0  114   [8]  00 00 00 00 00 00 80 00
  can0  115   [8]  00 00 00 00 00 00 00 00
  can0  116   [8]  00 08 00 08 00 00 00 00
  can0  101   [8]  E9 BC 00 00 00 00 00 11
  can0  103   [8]  00 00 00 00 00 00 00 00
  can0  100   [8]  F1 31 64 9C 64 9C 77 33
  can0  102   [8]  00 00 00 00 FF 00 00 00
  can0  110   [8]  00 00 00 00 00 00 00 00
  can0  111   [8]  15 0F 02 00 00 00 00 00
  can0  112   [8]  03 03 77 77 04 04 04 04
  can0  113   [8]  69 4B 0A 00 FA 64 0A 00
  can0  114   [8]  00 00 00 00 00 00 80 00
  can0  115   [8]  00 00 00 00 00 00 00 00
  can0  116   [8]  00 08 00 08 00 00 00 00
  can0  101   [8]  B4 BD 00 00 00 00 00 11
  can0  103   [8]  00 00 00 00 00 00 00 00
  can0  100   [8]  16 32 64 9C 64 9C 77 33
  can0  102   [8]  00 00 00 00 FF 00 00 00
  can0  110   [8]  00 00 00 00 00 00 00 00
  can0  111   [8]  16 0F 02 00 00 00 00 00
  can0  112   [8]  03 03 77 77 04 04 04 04
  can0  113   [8]  6E 4B 0A 00 FF 64 0A 00
  can0  114   [8]  00 00 00 00 00 00 80 00
  can0  115   [8]  00 00 00 00 00 00 00 00
  can0  116   [8]  00 08 00 08 00 00 00 00
  can0  101   [8]  53 BE 00 00 00 00 00 11
  can0  103   [8]  00 00 00 00 00 00 00 00
  can0  630   [1]  F0
  can0  100   [8]  4B 33 64 9C 64 9C 77 33
  can0  102   [8]  00 00 00 00 FF 00 00 00
  can0  110   [8]  00 00 00 00 00 00 00 00
  can0  111   [8]  17 0F 02 00 00 00 00 00
  can0  112   [8]  03 03 77 77 04 04 04 04
  can0  113   [8]  73 4B 0A 00 04 65 0A 00
  can0  114   [8]  00 00 00 00 00 00 80 00
  can0  115   [8]  00 00 00 00 00 00 00 00
  can0  116   [8]  00 08 00 08 00 00 00 00
  can0  101   [8]  0E BF 00 00 00 00 00 11
  can0  103   [8]  00 00 00 00 00 00 00 00
  can0  100   [8]  C5 34 64 9C 64 9C 77 33
  can0  102   [8]  00 00 00 00 FF 00 00 00
  can0  110   [8]  00 00 00 00 00 00 00 00
  can0  111   [8]  18 0F 02 00 00 00 00 00
  can0  112   [8]  03 03 77 77 04 04 04 04
  can0  113   [8]  78 4B 0A 00 09 65 0A 00
  can0  114   [8]  00 00 00 00 00 00 80 00
  can0  115   [8]  00 00 00 00 00 00 00 00
  can0  116   [8]  00 08 00 08 00 00 00 00
  can0  101   [8]  5A C0 00 00 00 00 00 11
  can0  103   [8]  00 00 00 00 00 00 00 00
  can0  100   [8]  98 35 64 9C 64 9C 77 33
  can0  102   [8]  00 00 00 00 FF 00 00 00
  can0  110   [8]  00 00 00 00 00 00 00 00
  can0  111   [8]  19 0F 02 00 00 00 00 00
  can0  112   [8]  03 03 77 77 04 04 04 04
  can0  113   [8]  7D 4B 0A 00 0E 65 0A 00
  can0  114   [8]  00 00 00 00 00 00 80 00
  can0  115   [8]  00 00 00 00 00 00 00 00
  can0  116   [8]  00 08 00 08 00 00 00 00
  can0  101   [8]  07 C1 00 00 00 00 00 11
  can0  103   [8]  00 00 00 00 00 00 00 00
  can0  100   [8]  7F 36 64 9C 64 9C 77 33
  can0  102   [8]  00 00 00 00 FF 00 00 00
  can0  110   [8]  00 00 00 00 00 00 00 00
  can0  111   [8]  1B 0F 02 00 00 00 00 00
  can0  112   [8]  03 03 77 77 04 04 04 04
  can0  113   [8]  87 4B 0A 00 13 65 0A 00
  can0  114   [8]  00 00 00 00 00 00 80 00
  can0  115   [8]  00 00 00 00 00 00 00 00
  can0  116   [8]  00 08 00 08 00 00 00 00
  can0  101   [8]  E0 C2 00 00 00 00 00 11
  can0  103   [8]  00 00 00 00 00 00 00 00
  can0  100   [8]  22 37 64 9C 64 9C 77 33
  can0  102   [8]  00 00 00 00 FF 00 00 00
  can0  110   [8]  00 00 00 00 00 00 00 00
  can0  111   [8]  1B 0F 02 00 00 00 00 00
  can0  112   [8]  03 03 77 77 04 04 04 04
  can0  113   [8]  87 4B 0A 00 18 65 0A 00
  can0  114   [8]  00 00 00 00 00 00 80 00
  can0  115   [8]  00 00 00 00 00 00 00 00
  can0  116   [8]  00 08 00 08 00 00 00 00
  can0  101   [8]  BD C3 00 00 00 00 00 11
  can0  103   [8]  00 00 00 00 00 00 00 00
  can0  610   [8]  AE 47 21 BF 66 66 06 3E
  can0  611   [4]  85 EB F1 3E
  can0  630   [1]  F0
  can0  100   [8]  7E 38 64 9C 64 9C 77 33
  can0  102   [8]  00 00 00 00 FF 00 00 00
  can0  110   [8]  00 00 00 00 00 00 00 00
  can0  111   [8]  1C 0F 02 00 00 00 00 00
  can0  112   [8]  03 03 77 77 04 04 04 04
  can0  113   [8]  8C 4B 0A 00 1D 65 0A 00
  can0  114   [8]  00 00 00 00 00 00 80 00
  can0  115   [8]  00 00 00 00 00 00 00 00
  can0  116   [8]  00 08 00 08 00 00 00 00
  can0  101   [8]  33 C4 00 00 00 00 00 11
  can0  103   [8]  00 00 00 00 00 00 00 00
  can0  100   [8]  23 39 64 9C 64 9C 77 33
  can0  102   [8]  00 00 00 00 FF 00 00 00
  can0  110   [8]  00 00 00 00 00 00 00 00
  can0  111   [8]  1D 0F 02 00 00 00 00 00
  can0  112   [8]  03 03 77 77 04 04 04 04
  can0  113   [8]  91 4B 0A 00 22 65 0A 00
  can0  114   [8]  00 00 00 00 00 00 80 00
  can0  115   [8]  00 00 00 00 00 00 00 00
  can0  116   [8]  00 08 00 08 00 00 00 00
  can0  101   [8]  6E C5 00 00 00 00 00 11
  can0  103   [8]  00 00 00 00 00 00 00 00
  can0  100   [8]  C4 3A 64 9C 64 9C 77 33
  can0  102   [8]  00 00 00 00 FF 00 00 00
  can0  110   [8]  00 00 00 00 00 00 00 00
  can0  111   [8]  1E 0F 02 00 00 00 00 00
  can0  112   [8]  03 03 77 77 04 04 04 04
  can0  113   [8]  96 4B 0A 00 27 65 0A 00
  can0  114   [8]  00 00 00 00 00 00 80 00
  can0  115   [8]  00 00 00 00 00 00 00 00
  can0  116   [8]  00 08 00 08 00 00 00 00
  can0  101   [8]  89 C6 00 00 00 00 00 11
  can0  103   [8]  00 00 00 00 00 00 00 00
  can0  402   [8]  02 00 17 15 FF 2C 00 10
  can0  100   [8]  99 3B 64 9C 64 9C 77 33
  can0  102   [8]  00 00 00 00 FF 00 00 00
  can0  110   [8]  00 00 00 00 00 00 00 00
  can0  111   [8]  20 0F 02 00 00 00 00 00
  can0  101   [8]  D4 C7 00 00 00 00 00 11
  can0  103   [8]  00 00 00 00 00 00 00 00
  can0  112   [8]  03 03 77 77 04 04 04 04
  can0  113   [8]  A0 4B 0A 00 2C 65 0A 00
  can0  114   [8]  00 00 00 00 00 00 80 00
  can0  115   [8]  00 00 00 00 00 00 00 00
  can0  116   [8]  00 08 00 08 00 00 00 00
  can0  403   [8]  02 01 2C 12 3C 34 00 00
  can0  405   [8]  03 01 00 00 00 00 00 00
  can0  404   [8]  03 00 00 00 00 00 00 00
  can0  100   [8]  17 3C 64 9C 64 9C 77 33
  can0  102   [8]  00 00 00 00 FF 00 00 00
  can0  110   [8]  00 00 00 00 00 00 00 00
  can0  111   [8]  21 0F 02 00 00 00 00 00
  can0  112   [8]  03 03 77 77 04 04 04 04
  can0  101   [8]  88 C8 00 00 00 00 00 11
  can0  103   [8]  00 00 00 00 00 00 00 00
  can0  113   [8]  A5 4B 0A 00 31 65 0A 00
  can0  114   [8]  00 00 00 00 00 00 80 00
  can0  115   [8]  00 00 00 00 00 00 00 00
  can0  116   [8]  00 08 00 08 00 00 00 00
  can0  600   [8]  EC FF F0 FF FA 00 01 03
  can0  601   [6]  14 00 FA FF 86 01
  can0  630   [1]  F0
  can0  100   [8]  4A 3D 64 9C 64 9C 77 33
  can0  102   [8]  00 00 00 00 FF 00 00 00
  can0  110   [8]  00 00 00 00 00 00 00 00
  can0  111   [8]  22 0F 02 00 00 00 00 00
  can0  112   [8]  03 03 77 77 04 04 04 04
  can0  101   [8]  D5 C9 00 00 00 00 00 11
  can0  103   [8]  00 00 00 00 00 00 00 00
  can0  113   [8]  AA 4B 0A 00 36 65 0A 00
  can0  114   [8]  00 00 00 00 00 00 80 00
  can0  115   [8]  00 00 00 00 00 00 00 00
  can0  116   [8]  00 08 00 08 00 00 00 00
  can0  100   [8]  AD 3E 64 9C 64 9C 77 33
  can0  102   [8]  00 00 00 00 FF 00 00 00
  can0  110   [8]  00 00 00 00 00 00 00 00
  can0  111   [8]  23 0F 02 00 00 00 00 00
  can0  112   [8]  03 03 77 77 04 04 04 04
  can0  101   [8]  32 CA 00 00 00 00 00 11
  can0  103   [8]  00 00 00 00 00 00 00 00
  can0  113   [8]  AF 4B 0A 00 3B 65 0A 00
  can0  114   [8]  00 00 00 00 00 00 80 00
  can0  115   [8]  00 00 00 00 00 00 00 00
  can0  116   [8]  00 08 00 08 00 00 00 00
  can0  100   [8]  F0 3F 64 9C 64 9C 77 33
  can0  102   [8]  00 00 00 00 FF 00 00 00
  can0  110   [8]  00 00 00 00 00 00 00 00
  can0  111   [8]  24 0F 02 00 00 00 00 00
  can0  112   [8]  03 03 77 77 04 04 04 04
  can0  101   [8]  6F CB 00 00 00 00 00 11
  can0  103   [8]  00 00 00 00 00 00 00 00
  can0  113   [8]  B4 4B 0A 00 40 65 0A 00
  can0  114   [8]  00 00 00 00 00 00 80 00
  can0  115   [8]  00 00 00 00 00 00 00 00
  can0  116   [8]  00 08 00 08 00 00 00 00
  can0  620   [3]  02 00 01
  can0  621   [8]  00 00 00 00 00 00 00 00
  can0  622   [7]  00 00 00 00 00 00 00
  can0  623   [7]  00 00 00 00 00 00 00
  can0  624   [4]  00 00 00 00
  can0  625   [8]  E1 FA C7 42 E1 FA C7 42
  can0  626   [4]  E1 FA C7 42
  can0  627   [6]  00 00 00 00 00 00
  can0  100   [8]  A4 40 64 9C 64 9C 77 33
  can0  102   [8]  00 00 00 00 FF 00 00 00
  can0  110   [8]  00 00 00 00 00 00 00 00
  can0  111   [8]  25 0F 02 00 00 00 00 00
  can0  112   [8]  03 03 77 77 04 04 04 04
  can0  101   [8]  E1 CC 00 00 00 00 00 11
  can0  103   [8]  00 00 00 00 00 00 00 00
  can0  113   [8]  B9 4B 0A 00 45 65 0A 00
  can0  114   [8]  00 00 00 00 00 00 80 00
  can0  115   [8]  00 00 00 00 00 00 00 00
  can0  116   [8]  00 08 00 08 00 00 00 00
  can0  640   [8]  34 21 07 06 13 07 19 00
  can0  100   [8]  F9 41 64 9C 64 9C 77 33
  can0  102   [8]  00 00 00 00 FF 00 00 00
  can0  110   [8]  00 00 00 00 00 00 00 00
  can0  111   [8]  26 0F 02 00 00 00 00 00
  can0  112   [8]  03 03 77 77 04 04 04 04
  can0  101   [8]  BC CD 00 00 00 00 00 11
  can0  103   [8]  00 00 00 00 00 00 00 00
  can0  113   [8]  BE 4B 0A 00 4A 65 0A 00
  can0  114   [8]  00 00 00 00 00 00 80 00
  can0  115   [8]  00 00 00 00 00 00 00 00
  can0  116   [8]  00 08 00 08 00 00 00 00
  can0  610   [8]  52 B8 AE BE D7 A3 C0 BE
  can0  611   [4]  F6 28 04 3F
  can0  630   [1]  F0
  can0  100   [8]  1E 42 64 9C 64 9C 77 33
  can0  102   [8]  00 00 00 00 FF 00 00 00
  can0  110   [8]  00 00 00 00 00 00 00 00
  can0  111   [8]  27 0F 02 00 00 00 00 00
  can0  112   [8]  03 03 77 77 04 04 04 04
  can0  101   [8]  5B CE 00 00 00 00 00 11
  can0  103   [8]  00 00 00 00 00 00 00 00
  can0  113   [8]  C3 4B 0A 00 4F 65 0A 00
  can0  114   [8]  00 00 00 00 00 00 80 00
  can0  115   [8]  00 00 00 00 00 00 00 00
  can0  116   [8]  00 08 00 08 00 00 00 00
  can0  100   [8]  43 43 64 9C 64 9C 77 33
  can0  102   [8]  00 00 00 00 FF 00 00 00
  can0  110   [8]  00 00 00 00 00 00 00 00
  can0  111   [8]  27 0F 02 00 00 00 00 00
  can0  112   [8]  03 03 77 77 04 04 04 04
  can0  101   [8]  06 CF 00 00 00 00 00 11
  can0  103   [8]  00 00 00 00 00 00 00 00
  can0  113   [8]  C3 4B 0A 00 54 65 0A 00
  can0  114   [8]  00 00 00 00 00 00 80 00
  can0  115   [8]  00 00 00 00 00 00 00 00
  can0  116   [8]  00 08 00 08 00 00 00 00
  can0  100   [8]  CD 44 64 9C 64 9C 77 33
  can0  102   [8]  00 00 00 00 FF 00 00 00
  can0  110   [8]  00 00 00 00 00 00 00 00
  can0  111   [8]  28 0F 02 00 00 00 00 00
  can0  112   [8]  03 03 77 77 04 04 04 04
  can0  101   [8]  E3 D0 00 00 00 00 00 11
  can0  103   [8]  00 00 00 00 00 00 00 00
  can0  113   [8]  C8 4B 0A 00 59 65 0A 00
  can0  114   [8]  00 00 00 00 00 00 80 00
  can0  115   [8]  00 00 00 00 00 00 00 00
  can0  116   [8]  00 08 00 08 00 00 00 00
  can0  100   [8]  90 45 64 9C 64 9C 77 33
  can0  102   [8]  00 00 00 00 FF 00 00 00
  can0  110   [8]  00 00 00 00 00 00 00 00
  can0  111   [8]  29 0F 02 00 00 00 00 00
  can0  112   [8]  03 03 77 77 04 04 04 04
  can0  101   [8]  BE D1 00 00 00 00 00 11
  can0  103   [8]  00 00 00 00 00 00 00 00
  can0  113   [8]  CD 4B 0A 00 5E 65 0A 00
  can0  114   [8]  00 00 00 00 00 00 80 00
  can0  115   [8]  00 00 00 00 00 00 00 00
  can0  116   [8]  00 08 00 08 00 00 00 00
  can0  100   [8]  77 46 64 9C 64 9C 77 33
  can0  102   [8]  00 00 00 00 FF 00 00 00
  can0  110   [8]  00 00 00 00 00 00 00 00
  can0  111   [8]  2A 0F 02 00 00 00 00 00
  can0  112   [8]  03 03 77 77 04 04 04 04
  can0  101   [8]  59 D2 00 00 00 00 00 11
  can0  103   [8]  00 00 00 00 00 00 00 00
  can0  113   [8]  D2 4B 0A 00 63 65 0A 00
  can0  114   [8]  00 00 00 00 00 00 80 00
  can0  115   [8]  00 00 00 00 00 00 00 00
  can0  116   [8]  00 08 00 08 00 00 00 00
  can0  630   [1]  F0
  can0  100   [8]  2A 47 64 9C 64 9C 77 33
  can0  102   [8]  00 00 00 00 FF 00 00 00
  can0  110   [8]  00 00 00 00 00 00 00 00
  can0  111   [8]  2B 0F 02 00 00 00 00 00
  can0  112   [8]  03 03 77 77 04 04 04 04
  can0  101   [8]  04 D3 00 00 00 00 00 11
  can0  103   [8]  00 00 00 00 00 00 00 00
  can0  113   [8]  D7 4B 0A 00 68 65 0A 00
  can0  114   [8]  00 00 00 00 00 00 80 00
  can0  115   [8]  00 00 00 00 00 00 00 00
  can0  116   [8]  00 08 00 08 00 00 00 00
  can0  100   [8]  76 48 64 9C 64 9C 77 33
  can0  102   [8]  00 00 00 00 FF 00 00 00
  can0  110   [8]  00 00 00 00 00 00 00 00
  can0  111   [8]  2C 0F 02 00 00 00 00 00
  can0  112   [8]  03 03 77 77 04 04 04 04
  can0  101   [8]  8A D4 00 00 00 00 00 11
  can0  103   [8]  00 00 00 00 00 00 00 00
  can0  113   [8]  DC 4B 0A 00 6D 65 0A 00
  can0  114   [8]  00 00 00 00 00 00 80 00
  can0  115   [8]  00 00 00 00 00 00 00 00
  can0  116   [8]  00 08 00 08 00 00 00 00
  can0  100   [8]  2B 49 64 9C 64 9C 77 33
  can0  102   [8]  00 00 00 00 FF 00 00 00
  can0  110   [8]  00 00 00 00 00 00 00 00
  can0  111   [8]  2D 0F 02 00 00 00 00 00
  can0  112   [8]  03 03 77 77 04 04 04 04
  can0  101   [8]  D7 D5 00 00 00 00 00 11
  can0  103   [8]  00 00 00 00 00 00 00 00
  can0  113   [8]  E1 4B 0A 00 72 65 0A 00
  can0  114   [8]  00 00 00 00 00 00 80 00
  can0  115   [8]  00 00 00 00 00 00 00 00
  can0  116   [8]  00 08 00 08 00 00 00 00
  can0  100   [8]  CC 4A 64 9C 64 9C 77 33
  can0  102   [8]  00 00 00 00 FF 00 00 00
  can0  110   [8]  00 00 00 00 00 00 00 00
  can0  111   [8]  2E 0F 02 00 00 00 00 00
  can0  112   [8]  03 03 77 77 04 04 04 04
  can0  101   [8]  30 D6 00 00 00 00 00 11
  can0  103   [8]  00 00 00 00 00 00 00 00
  can0  113   [8]  E6 4B 0A 00 77 65 0A 00
  can0  114   [8]  00 00 00 00 00 00 80 00
  can0  115   [8]  00 00 00 00 00 00 00 00
  can0  116   [8]  00 08 00 08 00 00 00 00
  can0  100   [8]  91 4B 64 9C 64 9C 77 33
  can0  102   [8]  00 00 00 00 FF 00 00 00
  can0  110   [8]  00 00 00 00 00 00 00 00
  can0  111   [8]  2F 0F 02 00 00 00 00 00
  can0  112   [8]  03 03 77 77 04 04 04 04
  can0  101   [8]  6D D7 00 00 00 00 00 11
  can0  103   [8]  00 00 00 00 00 00 00 00
  can0  113   [8]  EB 4B 0A 00 7C 65 0A 00
  can0  114   [8]  00 00 00 00 00 00 80 00
  can0  115   [8]  00 00 00 00 00 00 00 00
  can0  116   [8]  00 08 00 08 00 00 00 00
  can0  600   [8]  ED FF F0 FF FA 00 02 03
  can0  601   [6]  12 00 FA FF 82 01
  can0  610   [8]  52 B8 AE BE D7 A3 C0 BE
  can0  611   [4]  F6 28 04 3F
  can0  630   [1]  F0
  can0  100   [8]  1F 4C 64 9C 64 9C 77 33
  can0  102   [8]  00 00 00 00 FF 00 00 00
  can0  110   [8]  00 00 00 00 00 00 00 00
  can0  111   [8]  30 0F 02 00 00 00 00 00
  can0  112   [8]  03 03 77 77 04 04 04 04
  can0  101   [8]  31 D8 00 00 00 00 00 11
  can0  103   [8]  00 00 00 00 00 00 00 00
  can0  113   [8]  F0 4B 0A 00 81 65 0A 00
  can0  114   [8]  00 00 00 00 00 00 80 00
  can0  115   [8]  00 00 00 00 00 00 00 00
  can0  116   [8]  00 08 00 08 00 00 00 00
  can0  100   [8]  42 4D 64 9C 64 9C 77 33
  can0  102   [8]  00 00 00 00 FF 00 00 00
  can0  110   [8]  00 00 00 00 00 00 00 00
  can0  111   [8]  31 0F 02 00 00 00 00 00
  can0  112   [8]  03 03 77 77 04 04 04 04
  can0  101   [8]  6C D9 00 00 00 00 00 11
  can0  103   [8]  00 00 00 00 00 00 00 00
  can0  113   [8]  F5 4B 0A 00 86 65 0A 00
  can0  114   [8]  00 00 00 00 00 00 80 00
  can0  115   [8]  00 00 00 00 00 00 00 00
  can0  116   [8]  00 08 00 08 00 00 00 00
  can0  100   [8]  A5 4E 64 9C 64 9C 77 33
  can0  102   [8]  00 00 00 00 FF 00 00 00
  can0  110   [8]  00 00 00 00 00 00 00 00
  can0  111   [8]  32 0F 02 00 00 00 00 00
  can0  112   [8]  03 03 77 77 04 04 04 04
  can0  101   [8]  8B DA 00 00 00 00 00 11
  can0  103   [8]  00 00 00 00 00 00 00 00
  can0  113   [8]  FA 4B 0A 00 8B 65 0A 00
  can0  114   [8]  00 00 00 00 00 00 80 00
  can0  115   [8]  00 00 00 00 00 00 00 00
  can0  116   [8]  00 08 00 08 00 00 00 00
  can0  100   [8]  F8 4F 64 9C 64 9C 77 33
  can0  102   [8]  00 00 00 00 FF 00 00 00
  can0  110   [8]  00 00 00 00 00 00 00 00
  can0  111   [8]  33 0F 02 00 00 00 00 00
  can0  112   [8]  03 03 77 77 04 04 04 04
  can0  101   [8]  D6 DB 00 00 00 00 00 11
  can0  103   [8]  00 00 00 00 00 00 00 00
  can0  113   [8]  FF 4B 0A 00 90 65 0A 00
  can0  114   [8]  00 00 00 00 00 00 80 00
  can0  115   [8]  00 00 00 00 00 00 00 00
  can0  116   [8]  00 08 00 08 00 00 00 00
  can0  100   [8]  1D 50 64 9C 64 9C 77 33
  can0  102   [8]  00 00 00 00 FF 00 00 00
  can0  110   [8]  00 00 00 00 00 00 00 00
  can0  111   [8]  34 0F 02 00 00 00 00 00
  can0  112   [8]  03 03 77 77 04 04 04 04
  can0  101   [8]  58 DC 00 00 00 00 00 11
  can0  103   [8]  00 00 00 00 00 00 00 00
  can0  113   [8]  04 4C 0A 00 95 65 0A 00
  can0  114   [8]  00 00 00 00 00 00 80 00
  can0  115   [8]  00 00 00 00 00 00 00 00
  can0  116   [8]  00 08 00 08 00 00 00 00
  can0  630   [1]  F0
  can0  100   [8]  40 51 64 9C 64 9C 77 33
  can0  102   [8]  00 00 00 00 FF 00 00 00
  can0  110   [8]  00 00 00 00 00 00 00 00
  can0  111   [8]  35 0F 02 00 00 00 00 00
  can0  112   [8]  03 03 77 77 04 04 04 04
  can0  101   [8]  05 DD 00 00 00 00 00 11
  can0  103   [8]  00 00 00 00 00 00 00 00
  can0  113   [8]  09 4C 0A 00 9A 65 0A 00
  can0  114   [8]  00 00 00 00 00 00 80 00
  can0  115   [8]  00 00 00 00 00 00 00 00
  can0  116   [8]  00 08 00 08 00 00 00 00
  can0  100   [8]  A7 52 64 9C 64 9C 77 33
  can0  102   [8]  00 00 00 00 FF 00 00 00
  can0  110   [8]  00 00 00 00 00 00 00 00
  can0  111   [8]  36 0F 02 00 00 00 00 00
  can0  112   [8]  03 03 77 77 04 04 04 04
  can0  101   [8]  E2 DE 00 00 00 00 00 11
  can0  103   [8]  00 00 00 00 00 00 00 00
  can0  113   [8]  0E 4C 0A 00 9F 65 0A 00
  can0  114   [8]  00 00 00 00 00 00 80 00
  can0  115   [8]  00 00 00 00 00 00 00 00
  can0  116   [8]  00 08 00 08 00 00 00 00
  can0  100   [8]  FA 53 64 9C 64 9C 77 33
  can0  102   [8]  00 00 00 00 FF 00 00 00
  can0  110   [8]  00 00 00 00 00 00 00 00
  can0  111   [8]  37 0F 02 00 00 00 00 00
  can0  112   [8]  03 03 77 77 04 04 04 04
  can0  101   [8]  BF DF 00 00 00 00 00 11
  can0  103   [8]  00 00 00 00 00 00 00 00
  can0  113   [8]  13 4C 0A 00 A4 65 0A 00
  can0  114   [8]  00 00 00 00 00 00 80 00
  can0  115   [8]  00 00 00 00 00 00 00 00
  can0  116   [8]  00 08 00 08 00 00 00 00
  can0  620   [3]  02 00 01
  can0  621   [8]  00 00 00 00 00 00 00 00
  can0  622   [7]  00 00 00 00 00 00 00
  can0  623   [7]  00 00 00 00 00 00 00
  can0  624   [4]  00 00 00 00
  can0  625   [8]  E1 FA C7 42 E1 FA C7 42
  can0  626   [4]  E1 FA C7 42
  can0  627   [6]  00 00 00 00 00 00
  can0  100   [8]  74 54 64 9C 64 9C 77 33
  can0  102   [8]  00 00 00 00 FF 00 00 00
  can0  110   [8]  00 00 00 00 00 00 00 00
  can0  111   [8]  38 0F 02 00 00 00 00 00
  can0  112   [8]  03 03 77 77 04 04 04 04
  can0  101   [8]  35 E0 00 00 00 00 00 11
  can0  103   [8]  00 00 00 00 00 00 00 00
  can0  113   [8]  18 4C 0A 00 A9 65 0A 00
  can0  114   [8]  00 00 00 00 00 00 80 00
  can0  115   [8]  00 00 00 00 00 00 00 00
  can0  116   [8]  00 08 00 08 00 00 00 00
  can0  100   [8]  29 55 64 9C 64 9C 77 33
  can0  102   [8]  00 00 00 00 FF 00 00 00
  can0  110   [8]  00 00 00 00 00 00 00 00
  can0  111   [8]  39 0F 02 00 00 00 00 00
  can0  112   [8]  03 03 77 77 04 04 04 04
  can0  101   [8]  68 E1 00 00 00 00 00 11
  can0  103   [8]  00 00 00 00 00 00 00 00
  can0  113   [8]  1D 4C 0A 00 AE 65 0A 00
  can0  114   [8]  00 00 00 00 00 00 80 00
  can0  115   [8]  00 00 00 00 00 00 00 00
  can0  116   [8]  00 08 00 08 00 00 00 00
  can0  610   [8]  D7 A3 40 BF 00 00 60 BE
  can0  611   [4]  3E 0A D7 3E
  can0  630   [1]  F0
  can0  100   [8]  CE 56 64 9C 64 9C 77 33
  can0  102   [8]  00 00 00 00 FF 00 00 00
  can0  110   [8]  00 00 00 00 00 00 00 00
  can0  111   [8]  3A 0F 02 00 00 00 00 00
  can0  112   [8]  03 03 77 77 04 04 04 04
  can0  101   [8]  8F E2 00 00 00 00 00 11
  can0  103   [8]  00 00 00 00 00 00 00 00
  can0  113   [8]  22 4C 0A 00 B3 65 0A 00
  can0  114   [8]  00 00 00 00 00 00 80 00
  can0  115   [8]  00 00 00 00 00 00 00 00
  can0  116   [8]  00 08 00 08 00 00 00 00
  can0  100   [8]  93 57 64 9C 64 9C 77 33
  can0  102   [8]  00 00 00 00 FF 00 00 00
  can0  110   [8]  00 00 00 00 00 00 00 00
  can0  111   [8]  3B 0F 02 00 00 00 00 00
  can0  112   [8]  03 03 77 77 04 04 04 04
  can0  101   [8]  D2 E3 00 00 00 00 00 11
  can0  103   [8]  00 00 00 00 00 00 00 00
  can0  113   [8]  27 4C 0A 00 B8 65 0A 00
  can0  114   [8]  00 00 00 00 00 00 80 00
  can0  115   [8]  00 00 00 00 00 00 00 00
  can0  116   [8]  00 08 00 08 00 00 00 00
  can0  100   [8]  CF 58 64 9C 64 9C 77 33
  can0  102   [8]  00 00 00 00 FF 00 00 00
  can0  110   [8]  00 00 00 00 00 00 00 00
  can0  111   [8]  3C 0F 02 00 00 00 00 00
  can0  112   [8]  03 03 77 77 04 04 04 04
  can0  101   [8]  5C E4 00 00 00 00 00 11
  can0  103   [8]  00 00 00 00 00 00 00 00
  can0  113   [8]  2C 4C 0A 00 BD 65 0A 00
  can0  114   [8]  00 00 00 00 00 00 80 00
  can0  115   [8]  00 00 00 00 00 00 00 00
  can0  116   [8]  00 08 00 08 00 00 00 00
  can0  100   [8]  92 59 64 9C 64 9C 77 33
  can0  102   [8]  00 00 00 00 FF 00 00 00
  can0  110   [8]  00 00 00 00 00 00 00 00
  can0  111   [8]  3D 0F 02 00 00 00 00 00
  can0  112   [8]  03 03 77 77 04 04 04 04
  can0  101   [8]  01 E5 00 00 00 00 00 11
  can0  103   [8]  00 00 00 00 00 00 00 00
  can0  113   [8]  31 4C 0A 00 C2 65 0A 00
  can0  114   [8]  00 00 00 00 00 00 80 00
  can0  115   [8]  00 00 00 00 00 00 00 00
  can0  116   [8]  00 08 00 08 00 00 00 00
  can0  100   [8]  75 5A 64 9C 64 9C 77 33
  can0  102   [8]  00 00 00 00 FF 00 00 00
  can0  110   [8]  00 00 00 00 00 00 00 00
  can0  111   [8]  3E 0F 02 00 00 00 00 00
  can0  112   [8]  03 03 77 77 04 04 04 04
  can0  101   [8]  E6 E6 00 00 00 00 00 11
  can0  103   [8]  00 00 00 00 00 00 00 00
  can0  113   [8]  36 4C 0A 00 C7 65 0A 00
  can0  114   [8]  00 00 00 00 00 00 80 00
  can0  115   [8]  00 00 00 00 00 00 00 00
  can0  116   [8]  00 08 00 08 00 00 00 00
  can0  600   [8]  EC FF F0 FF FC 00 02 03
  can0  601   [6]  0C 00 FE FF 7F 01
  can0  630   [1]  F0
  can0  100   [8]  28 5B 64 9C 64 9C 77 33
  can0  102   [8]  00 00 00 00 FF 00 00 00
  can0  110   [8]  00 00 00 00 00 00 00 00
  can0  111   [8]  3F 0F 02 00 00 00 00 00
  can0  112   [8]  03 03 77 77 04 04 04 04
  can0  101   [8]  BB E7 00 00 00 00 00 11
  can0  103   [8]  00 00 00 00 00 00 00 00
  can0  113   [8]  3B 4C 0A 00 CC 65 0A 00
  can0  114   [8]  00 00 00 00 00 00 80 00
  can0  115   [8]  00 00 00 00 00 00 00 00
  can0  116   [8]  00 08 00 08 00 00 00 00
  can0  100   [8]  A6 5C 64 9C 64 9C 77 33
  can0  102   [8]  00 00 00 00 FF 00 00 00
  can0  110   [8]  00 00 00 00 00 00 00 00
  can0  111   [8]  40 0F 02 00 00 00 00 00
  can0  112   [8]  03 03 77 77 04 04 04 04
  can0  101   [8]  E7 E8 00 00 00 00 00 11
  can0  103   [8]  00 00 00 00 00 00 00 00
  can0  113   [8]  40 4C 0A 00 D1 65 0A 00
  can0  114   [8]  00 00 00 00 00 00 80 00
  can0  115   [8]  00 00 00 00 00 00 00 00
  can0  116   [8]  00 08 00 08 00 00 00 00
  can0  100   [8]  FB 5D 64 9C 64 9C 77 33
  can0  102   [8]  00 00 00 00 FF 00 00 00
  can0  110   [8]  00 00 00 00 00 00 00 00
  can0  111   [8]  41 0F 02 00 00 00 00 00
  can0  112   [8]  03 03 77 77 04 04 04 04
  can0  101   [8]  BA E9 00 00 00 00 00 11
  can0  103   [8]  00 00 00 00 00 00 00 00
  can0  113   [8]  45 4C 0A 00 D6 65 0A 00
  can0  114   [8]  00 00 00 00 00 00 80 00
  can0  115   [8]  00 00 00 00 00 00 00 00
  can0  116   [8]  00 08 00 08 00 00 00 00
  can0  100   [8]  1C 5E 64 9C 64 9C 77 33
  can0  102   [8]  00 00 00 00 FF 00 00 00
  can0  110   [8]  00 00 00 00 00 00 00 00
  can0  111   [8]  42 0F 02 00 00 00 00 00
  can0  112   [8]  03 03 77 77 04 04 04 04
  can0  101   [8]  5D EA 00 00 00 00 00 11
  can0  103   [8]  00 00 00 00 00 00 00 00
  can0  113   [8]  4A 4C 0A 00 DB 65 0A 00
  can0  114   [8]  00 00 00 00 00 00 80 00
  can0  115   [8]  00 00 00 00 00 00 00 00
  can0  116   [8]  00 08 00 08 00 00 00 00
  can0  100   [8]  41 5F 64 9C 64 9C 77 33
  can0  102   [8]  00 00 00 00 FF 00 00 00
  can0  110   [8]  00 00 00 00 00 00 00 00
  can0  111   [8]  43 0F 02 00 00 00 00 00
  can0  112   [8]  03 03 77 77 04 04 04 04
  can0  101   [8]  00 EB 00 00 00 00 00 11
  can0  103   [8]  00 00 00 00 00 00 00 00
  can0  113   [8]  4F 4C 0A 00 E0 65 0A 00
  can0  114   [8]  00 00 00 00 00 00 80 00
  can0  115   [8]  00 00 00 00 00 00 00 00
  can0  116   [8]  00 08 00 08 00 00 00 00
  can0  610   [8]  D7 A3 40 BF 00 00 60 BE
  can0  611   [4]  3E 0A D7 3E
  can0  630   [1]  F0
  can0  100   [8]  CB 60 64 9C 64 9C 77 33
  can0  102   [8]  00 00 00 00 FF 00 00 00
  can0  110   [8]  00 00 00 00 00 00 00 00
  can0  111   [8]  44 0F 02 00 00 00 00 00
  can0  112   [8]  03 03 77 77 04 04 04 04
  can0  101   [8]  8E EC 00 00 00 00 00 11
  can0  103   [8]  00 00 00 00 00 00 00 00
  can0  113   [8]  54 4C 0A 00 E5 65 0A 00
  can0  114   [8]  00 00 00 00 00 00 80 00
  can0  115   [8]  00 00 00 00 00 00 00 00
  can0  116   [8]  00 08 00 08 00 00 00 00
  can0  100   [8]  96 61 64 9C 64 9C 77 33
  can0  102   [8]  00 00 00 00 FF 00 00 00
  can0  110   [8]  00 00 00 00 00 00 00 00
  can0  111   [8]  45 0F 02 00 00 00 00 00
  can0  112   [8]  03 03 77 77 04 04 04 04
  can0  101   [8]  D3 ED 00 00 00 00 00 11
  can0  103   [8]  00 00 00 00 00 00 00 00
  can0  113   [8]  59 4C 0A 00 EA 65 0A 00
  can0  114   [8]  00 00 00 00 00 00 80 00
  can0  115   [8]  00 00 00 00 00 00 00 00
  can0  116   [8]  00 08 00 08 00 00 00 00
  can0  100   [8]  71 62 64 9C 64 9C 77 33
  can0  102   [8]  00 00 00 00 FF 00 00 00
  can0  110   [8]  00 00 00 00 00 00 00 00
  can0  111   [8]  46 0F 02 00 00 00 00 00
  can0  112   [8]  03 03 77 77 04 04 04 04
  can0  101   [8]  34 EE 00 00 00 00 00 11
  can0  103   [8]  00 00 00 00 00 00 00 00
  can0  113   [8]  5E 4C 0A 00 EF 65 0A 00
  can0  114   [8]  00 00 00 00 00 00 80 00
  can0  115   [8]  00 00 00 00 00 00 00 00
  can0  116   [8]  00 08 00 08 00 00 00 00
  can0  100   [8]  2C 63 64 9C 64 9C 77 33
  can0  102   [8]  00 00 00 00 FF 00 00 00
  can0  110   [8]  00 00 00 00 00 00 00 00
  can0  111   [8]  47 0F 02 00 00 00 00 00
  can0  112   [8]  03 03 77 77 04 04 04 04
  can0  101   [8]  69 EF 00 00 00 00 00 11
  can0  103   [8]  00 00 00 00 00 00 00 00
  can0  113   [8]  63 4C 0A 00 F4 65 0A 00
  can0  114   [8]  00 00 00 00 00 00 80 00
  can0  115   [8]  00 00 00 00 00 00 00 00
  can0  116   [8]  00 08 00 08 00 00 00 00
  can0  402   [8]  02 00 17 15 FF 2C 00 10
  can0  405   [8]  03 01 00 00 00 00 00 00
  can0  403   [8]  02 01 2D 12 3C 34 00 00
  can0  404   [8]  03 00 00 00 00 00 00 00
  can0  100   [8]  A2 64 64 9C 64 9C 77 33
  can0  102   [8]  00 00 00 00 FF 00 00 00
  can0  110   [8]  00 00 00 00 00 00 00 00
  can0  111   [8]  48 0F 02 00 00 00 00 00
  can0  112   [8]  03 03 77 77 04 04 04 04
  can0  101   [8]  8C F0 00 00 00 00 00 11
  can0  103   [8]  00 00 00 00 00 00 00 00
  can0  113   [8]  68 4C 0A 00 F9 65 0A 00
  can0  114   [8]  00 00 00 00 00 00 80 00
  can0  115   [8]  00 00 00 00 00 00 00 00
  can0  116   [8]  00 08 00 08 00 00 00 00
  can0  630   [1]  F0
  can0  100   [8]  FF 65 64 9C 64 9C 77 33
  can0  102   [8]  00 00 00 00 FF 00 00 00
  can0  110   [8]  00 00 00 00 00 00 00 00
  can0  111   [8]  49 0F 02 00 00 00 00 00
  can0  112   [8]  03 03 77 77 04 04 04 04
  can0  101   [8]  D1 F1 00 00 00 00 00 11
  can0  103   [8]  00 00 00 00 00 00 00 00
  can0  113   [8]  6D 4C 0A 00 FE 65 0A 00
  can0  114   [8]  00 00 00 00 00 00 80 00
  can0  115   [8]  00 00 00 00 00 00 00 00
  can0  116   [8]  00 08 00 08 00 00 00 00
  can0  100   [8]  18 66 64 9C 64 9C 77 33
  can0  102   [8]  00 00 00 00 FF 00 00 00
  can0  110   [8]  00 00 00 00 00 00 00 00
  can0  111   [8]  4A 0F 02 00 00 00 00 00
  can0  112   [8]  03 03 77 77 04 04 04 04
  can0  101   [8]  36 F2 00 00 00 00 00 11
  can0  103   [8]  00 00 00 00 00 00 00 00
  can0  113   [8]  72 4C 0A 00 03 66 0A 00
  can0  114   [8]  00 00 00 00 00 00 80 00
  can0  115   [8]  00 00 00 00 00 00 00 00
  can0  116   [8]  00 08 00 08 00 00 00 00
  can0  100   [8]  45 67 64 9C 64 9C 77 33
  can0  102   [8]  00 00 00 00 FF 00 00 00
  can0  110   [8]  00 00 00 00 00 00 00 00
  can0  111   [8]  4B 0F 02 00 00 00 00 00
  can0  112   [8]  03 03 77 77 04 04 04 04
  can0  101   [8]  6B F3 00 00 00 00 00 11
  can0  103   [8]  00 00 00 00 00 00 00 00
  can0  113   [8]  77 4C 0A 00 08 66 0A 00
  can0  114   [8]  00 00 00 00 00 00 80 00
  can0  115   [8]  00 00 00 00 00 00 00 00
  can0  116   [8]  00 08 00 08 00 00 00 00
  can0  620   [3]  02 00 01
  can0  621   [8]  00 00 00 00 00 00 00 00
  can0  622   [7]  00 00 00 00 00 00 00
  can0  623   [7]  00 00 00 00 00 00 00
  can0  624   [4]  00 00 00 00
  can0  625   [8]  E1 FA C7 42 E1 FA C7 42
  can0  626   [4]  E1 FA C7 42
  can0  627   [6]  00 00 00 00 00 00
  can0  100   [8]  19 68 64 9C 64 9C 77 33
  can0  102   [8]  00 00 00 00 FF 00 00 00
  can0  110   [8]  00 00 00 00 00 00 00 00
  can0  111   [8]  4C 0F 02 00 00 00 00 00
  can0  112   [8]  03 03 77 77 04 04 04 04
  can0  101   [8]  E5 F4 00 00 00 00 00 11
  can0  103   [8]  00 00 00 00 00 00 00 00
  can0  113   [8]  7C 4C 0A 00 0D 66 0A 00
  can0  114   [8]  00 00 00 00 00 00 80 00
  can0  115   [8]  00 00 00 00 00 00 00 00
  can0  116   [8]  00 08 00 08 00 00 00 00
  can0  100   [8]  44 69 64 9C 64 9C 77 33
  can0  102   [8]  00 00 00 00 FF 00 00 00
  can0  110   [8]  00 00 00 00 00 00 00 00
  can0  111   [8]  4D 0F 02 00 00 00 00 00
  can0  112   [8]  03 03 77 77 04 04 04 04
  can0  101   [8]  B8 F5 00 00 00 00 00 11
  can0  103   [8]  00 00 00 00 00 00 00 00
  can0  113   [8]  81 4C 0A 00 12 66 0A 00
  can0  114   [8]  00 00 00 00 00 00 80 00
  can0  115   [8]  00 00 00 00 00 00 00 00
  can0  116   [8]  00 08 00 08 00 00 00 00
  can0  600   [8]  EC FF F1 FF F9 00 02 03
  can0  601   [6]  0C 00 FE FF 7F 01
  can0  610   [8]  1F 85 5B BF CD CC 9C BE
  can0  611   [4]  00 00 E0 3E
  can0  630   [1]  F0
  can0  100   [8]  A3 6A 64 9C 64 9C 77 33
  can0  102   [8]  00 00 00 00 FF 00 00 00
  can0  110   [8]  00 00 00 00 00 00 00 00
  can0  111   [8]  4E 0F 02 00 00 00 00 00
  can0  112   [8]  03 03 77 77 04 04 04 04
  can0  101   [8]  5F F6 00 00 00 00 00 11
  can0  103   [8]  00 00 00 00 00 00 00 00
  can0  113   [8]  86 4C 0A 00 17 66 0A 00
  can0  114   [8]  00 00 00 00 00 00 80 00
  can0  115   [8]  00 00 00 00 00 00 00 00
  can0  116   [8]  00 08 00 08 00 00 00 00
  can0  100   [8]  FE 6B 64 9C 64 9C 77 33
  can0  102   [8]  00 00 00 00 FF 00 00 00
  can0  110   [8]  00 00 00 00 00 00 00 00
  can0  111   [8]  4F 0F 02 00 00 00 00 00
  can0  112   [8]  03 03 77 77 04 04 04 04
  can0  101   [8]  02 F7 00 00 00 00 00 11
  can0  103   [8]  00 00 00 00 00 00 00 00
  can0  113   [8]  8B 4C 0A 00 1C 66 0A 00
  can0  114   [8]  00 00 00 00 00 00 80 00
  can0  115   [8]  00 00 00 00 00 00 00 00
  can0  116   [8]  00 08 00 08 00 00 00 00
  can0  100   [8]  70 6C 64 9C 64 9C 77 33
  can0  102   [8]  00 00 00 00 FF 00 00 00
  can0  110   [8]  00 00 00 00 00 00 00 00
  can0  111   [8]  50 0F 02 00 00 00 00 00
  can0  112   [8]  03 03 77 77 04 04 04 04
  can0  101   [8]  5E F8 00 00 00 00 00 11
  can0  103   [8]  00 00 00 00 00 00 00 00
  can0  113   [8]  90 4C 0A 00 21 66 0A 00
  can0  114   [8]  00 00 00 00 00 00 80 00
  can0  115   [8]  00 00 00 00 00 00 00 00
  can0  116   [8]  00 08 00 08 00 00 00 00
  can0  100   [8]  2D 6D 64 9C 64 9C 77 33
  can0  102   [8]  00 00 00 00 FF 00 00 00
  can0  110   [8]  00 00 00 00 00 00 00 00
  can0  111   [8]  51 0F 02 00 00 00 00 00
  can0  112   [8]  03 03 77 77 04 04 04 04
  can0  101   [8]  03 F9 00 00 00 00 00 11
  can0  103   [8]  00 00 00 00 00 00 00 00
  can0  113   [8]  95 4C 0A 00 26 66 0A 00
  can0  114   [8]  00 00 00 00 00 00 80 00
  can0  115   [8]  00 00 00 00 00 00 00 00
  can0  116   [8]  00 08 00 08 00 00 00 00
  can0  100   [8]  CA 6E 64 9C 64 9C 77 33
  can0  102   [8]  00 00 00 00 FF 00 00 00
  can0  110   [8]  00 00 00 00 00 00 00 00
  can0  111   [8]  52 0F 02 00 00 00 00 00
  can0  112   [8]  03 03 77 77 04 04 04 04
  can0  101   [8]  E4 FA 00 00 00 00 00 11
  can0  103   [8]  00 00 00 00 00 00 00 00
  can0  113   [8]  9A 4C 0A 00 2B 66 0A 00
  can0  114   [8]  00 00 00 00 00 00 80 00
  can0  115   [8]  00 00 00 00 00 00 00 00
  can0  116   [8]  00 08 00 08 00 00 00 00
  can0  630   [1]  F0
  can0  100   [8]  97 6F 64 9C 64 9C 77 33
  can0  102   [8]  00 00 00 00 FF 00 00 00
  can0  110   [8]  00 00 00 00 00 00 00 00
  can0  111   [8]  53 0F 02 00 00 00 00 00
  can0  112   [8]  03 03 77 77 04 04 04 04
  can0  101   [8]  B9 FB 00 00 00 00 00 11
  can0  103   [8]  00 00 00 00 00 00 00 00
  can0  113   [8]  9F 4C 0A 00 30 66 0A 00
  can0  114   [8]  00 00 00 00 00 00 80 00
  can0  115   [8]  00 00 00 00 00 00 00 00
  can0  116   [8]  00 08 00 08 00 00 00 00
  can0  100   [8]  72 70 64 9C 64 9C 77 33
  can0  102   [8]  00 00 00 00 FF 00 00 00
  can0  110   [8]  00 00 00 00 00 00 00 00
  can0  111   [8]  54 0F 02 00 00 00 00 00
  can0  112   [8]  03 03 77 77 04 04 04 04
  can0  101   [8]  37 FC 00 00 00 00 00 11
  can0  103   [8]  00 00 00 00 00 00 00 00
  can0  113   [8]  A4 4C 0A 00 35 66 0A 00
  can0  114   [8]  00 00 00 00 00 00 80 00
  can0  115   [8]  00 00 00 00 00 00 00 00
  can0  116   [8]  00 08 00 08 00 00 00 00
  can0  100   [8]  2F 71 64 9C 64 9C 77 33
  can0  102   [8]  00 00 00 00 FF 00 00 00
  can0  110   [8]  00 00 00 00 00 00 00 00
  can0  111   [8]  55 0F 02 00 00 00 00 00
  can0  112   [8]  03 03 77 77 04 04 04 04
  can0  101   [8]  6A FD 00 00 00 00 00 11
  can0  103   [8]  00 00 00 00 00 00 00 00
  can0  113   [8]  A9 4C 0A 00 3A 66 0A 00
  can0  114   [8]  00 00 00 00 00 00 80 00
  can0  115   [8]  00 00 00 00 00 00 00 00
  can0  116   [8]  00 08 00 08 00 00 00 00
  can0  100   [8]  C8 72 64 9C 64 9C 77 33
  can0  102   [8]  00 00 00 00 FF 00 00 00
  can0  110   [8]  00 00 00 00 00 00 00 00
  can0  111   [8]  56 0F 02 00 00 00 00 00
  can0  112   [8]  03 03 77 77 04 04 04 04
  can0  101   [8]  8D FE 00 00 00 00 00 11
  can0  103   [8]  00 00 00 00 00 00 00 00
  can0  113   [8]  AE 4C 0A 00 3F 66 0A 00
  can0  114   [8]  00 00 00 00 00 00 80 00
  can0  115   [8]  00 00 00 00 00 00 00 00
  can0  116   [8]  00 08 00 08 00 00 00 00
  can0  100   [8]  95 73 64 9C 64 9C 77 33
  can0  102   [8]  00 00 00 00 FF 00 00 00
  can0  110   [8]  00 00 00 00 00 00 00 00
  can0  111   [8]  57 0F 02 00 00 00 00 00
  can0  112   [8]  03 03 77 77 04 04 04 04
  can0  101   [8]  D0 FF 00 00 00 00 00 11
  can0  103   [8]  00 00 00 00 00 00 00 00
  can0  113   [8]  B3 4C 0A 00 44 66 0A 00
  can0  114   [8]  00 00 00 00 00 00 80 00
  can0  115   [8]  00 00 00 00 00 00 00 00
  can0  116   [8]  00 08 00 08 00 00 00 00
  can0  610   [8]  1F 85 5B BF CD CC 9C BE
  can0  611   [4]  00 00 E0 3E
  can0  630   [1]  F0
  can0  100   [8]  1B 74 64 9C 64 9C 77 33
  can0  102   [8]  00 00 00 00 FF 00 00 00
  can0  110   [8]  00 00 00 00 00 00 00 00
  can0  111   [8]  58 0F 02 00 00 00 00 00
  can0  112   [8]  03 03 77 77 04 04 04 04
  can0  101   [8]  25 00 00 00 00 00 00 11
  can0  103   [8]  00 00 00 00 00 00 00 00
  can0  113   [8]  B8 4C 0A 00 49 66 0A 00
  can0  114   [8]  00 00 00 00 00 00 80 00
  can0  115   [8]  00 00 00 00 00 00 00 00
  can0  116   [8]  00 08 00 08 00 00 00 00
  can0  100   [8]  46 75 64 9C 64 9C 77 33
  can0  102   [8]  00 00 00 00 FF 00 00 00
  can0  110   [8]  01 00 00 00 00 00 00 00
  can0  111   [8]  59 0F 02 00 00 00 00 00
  can0  112   [8]  03 03 77 77 04 04 04 04
  can0  101   [8]  78 01 00 00 00 00 00 11
  can0  103   [8]  00 00 00 00 00 00 00 00
  can0  113   [8]  BD 4C 0A 00 4E 66 0A 00
  can0  114   [8]  00 00 00 00 00 00 80 00
  can0  115   [8]  00 00 00 00 00 00 00 00
  can0  116   [8]  00 08 00 08 00 00 00 00
  can0  100   [8]  A1 76 64 9C 64 9C 77 33
  can0  102   [8]  00 00 00 00 FF 00 00 00
  can0  110   [8]  01 00 00 00 00 00 00 00
  can0  111   [8]  5A 0F 02 00 00 00 00 00
  can0  112   [8]  03 03 77 77 04 04 04 04
  can0  101   [8]  9F 02 00 00 00 00 00 11
  can0  103   [8]  00 00 00 00 00 00 00 00
  can0  113   [8]  C2 4C 0A 00 53 66 0A 00
  can0  114   [8]  00 00 00 00 00 00 80 00
  can0  115   [8]  00 00 00 00 00 00 00 00
  can0  116   [8]  00 08 00 08 00 00 00 00
  can0  100   [8]  FC 77 64 9C 64 9C 77 33
  can0  102   [8]  00 00 00 00 FF 00 00 00
  can0  110   [8]  01 00 00 00 00 00 00 00
  can0  111   [8]  5B 0F 02 00 00 00 00 00
  can0  112   [8]  03 03 77 77 04 04 04 04
  can0  101   [8]  C2 03 00 00 00 00 00 11
  can0  103   [8]  00 00 00 00 00 00 00 00
  can0  113   [8]  C7 4C 0A 00 58 66 0A 00
  can0  114   [8]  00 00 00 00 00 00 80 00
  can0  115   [8]  00 00 00 00 00 00 00 00
  can0  116   [8]  00 08 00 08 00 00 00 00
  can0  101   [8]  4C 04 00 00 00 00 00 11
  can0  103   [8]  00 00 00 00 00 00 00 00
  can0  100   [8]  A0 78 64 9C 64 9C 77 33
  can0  102   [8]  00 00 00 00 FF 00 00 00
  can0  110   [8]  01 00 00 00 00 00 00 00
  can0  111   [8]  5C 0F 02 00 00 00 00 00
  can0  112   [8]  03 03 77 77 04 04 04 04
  can0  113   [8]  CC 4C 0A 00 5D 66 0A 00
  can0  114   [8]  00 00 00 00 00 00 80 00
  can0  115   [8]  00 00 00 00 00 00 00 00
  can0  116   [8]  00 08 00 08 00 00 00 00
  can0  600   [8]  EC FF F1 FF FA 00 01 03
  can0  601   [6]  14 00 F9 FF 84 01
  can0  630   [1]  F0
  can0  101   [8]  11 05 00 00 00 00 00 11
  can0  103   [8]  00 00 00 00 00 00 00 00
  can0  100   [8]  FD 79 64 9C 64 9C 77 33
  can0  102   [8]  00 00 00 00 FF 00 00 00
  can0  110   [8]  01 00 00 00 00 00 00 00
  can0  111   [8]  5D 0F 02 00 00 00 00 00
  can0  112   [8]  03 03 77 77 04 04 04 04
  can0  113   [8]  D1 4C 0A 00 62 66 0A 00
  can0  114   [8]  00 00 00 00 00 00 80 00
  can0  115   [8]  00 00 00 00 00 00 00 00
  can0  116   [8]  00 08 00 08 00 00 00 00
  can0  101   [8]  F6 06 00 00 00 00 00 11
  can0  103   [8]  00 00 00 00 00 00 00 00
  can0  100   [8]  1A 7A 64 9C 64 9C 77 33
  can0  102   [8]  00 00 00 00 FF 00 00 00
  can0  110   [8]  01 00 00 00 00 00 00 00
  can0  111   [8]  5E 0F 02 00 00 00 00 00
  can0  112   [8]  03 03 77 77 04 04 04 04
  can0  113   [8]  D6 4C 0A 00 67 66 0A 00
  can0  114   [8]  00 00 00 00 00 00 80 00
  can0  115   [8]  00 00 00 00 00 00 00 00
  can0  116   [8]  00 08 00 08 00 00 00 00
  can0  101   [8]  AB 07 00 00 00 00 00 11
  can0  103   [8]  00 00 00 00 00 00 00 00
  can0  100   [8]  47 7B 64 9C 64 9C 77 33
  can0  102   [8]  00 00 00 00 FF 00 00 00
  can0  110   [8]  01 00 00 00 00 00 00 00
  can0  111   [8]  5F 0F 02 00 00 00 00 00
  can0  112   [8]  03 03 77 77 04 04 04 04
  can0  113   [8]  DB 4C 0A 00 6C 66 0A 00
  can0  114   [8]  00 00 00 00 00 00 80 00
  can0  115   [8]  00 00 00 00 00 00 00 00
  can0  116   [8]  00 08 00 08 00 00 00 00
  can0  620   [3]  02 00 01
  can0  621   [8]  00 00 00 00 00 00 00 00
  can0  622   [7]  00 00 00 00 00 00 00
  can0  623   [7]  00 00 00 00 00 00 00
  can0  624   [4]  00 00 00 00
  can0  625   [8]  E1 FA C7 42 E1 FA C7 42
  can0  626   [4]  E1 FA C7 42
  can0  627   [6]  00 00 00 00 00 00
  can0  101   [8]  F7 08 00 00 00 00 00 11
  can0  103   [8]  00 00 00 00 00 00 00 00
  can0  100   [8]  C9 7C 64 9C 64 9C 77 33
  can0  102   [8]  00 00 00 00 FF 00 00 00
  can0  110   [8]  01 00 00 00 00 00 00 00
  can0  111   [8]  60 0F 02 00 00 00 00 00
  can0  112   [8]  03 03 77 77 04 04 04 04
  can0  113   [8]  E0 4C 0A 00 71 66 0A 00
  can0  114   [8]  00 00 00 00 00 00 80 00
  can0  115   [8]  00 00 00 00 00 00 00 00
  can0  116   [8]  00 08 00 08 00 00 00 00
  can0  101   [8]  AA 09 00 00 00 00 00 11
  can0  100   [8]  94 7D 64 9C 64 9C 77 33
  can0  102   [8]  00 00 00 00 FF 00 00 00
  can0  110   [8]  01 00 00 00 00 00 00 00
  can0  111   [8]  61 0F 02 00 00 00 00 00
  can0  112   [8]  03 03 77 77 04 04 04 04
  can0  103   [8]  00 00 00 00 00 00 00 00
  can0  113   [8]  E5 4C 0A 00 76 66 0A 00
  can0  114   [8]  00 00 00 00 00 00 80 00
  can0  115   [8]  00 00 00 00 00 00 00 00
  can0  116   [8]  00 08 00 08 00 00 00 00
  can0  610   [8]  9A 99 11 BF AE 47 21 BE
  can0  611   [4]  3E 0A 57 3E
  can0  630   [1]  F0
  can0  101   [8]  4D 0A 00 00 00 00 00 11
  can0  103   [8]  00 00 00 00 00 00 00 00
  can0  100   [8]  73 7E 64 9C 64 9C 77 33
  can0  102   [8]  00 00 00 00 FF 00 00 00
  can0  110   [8]  01 00 00 00 00 00 00 00
  can0  111   [8]  62 0F 02 00 00 00 00 00
  can0  112   [8]  03 03 77 77 04 04 04 04
  can0  113   [8]  EA 4C 0A 00 7B 66 0A 00
  can0  114   [8]  00 00 00 00 00 00 80 00
  can0  115   [8]  00 00 00 00 00 00 00 00
  can0  116   [8]  00 08 00 08 00 00 00 00
  can0  101   [8]  10 0B 00 00 00 00 00 11
  can0  103   [8]  00 00 00 00 00 00 00 00
  can0  100   [8]  2E 7F 64 9C 64 9C 77 33
  can0  102   [8]  00 00 00 00 FF 00 00 00
  can0  110   [8]  01 00 00 00 00 00 00 00
  can0  111   [8]  63 0F 02 00 00 00 00 00
  can0  112   [8]  03 03 77 77 04 04 04 04
  can0  113   [8]  EF 4C 0A 00 80 66 0A 00
  can0  114   [8]  00 00 00 00 00 00 80 00
  can0  115   [8]  00 00 00 00 00 00 00 00
  can0  116   [8]  00 08 00 08 00 00 00 00
  can0  101   [8]  9E 0C 00 00 00 00 00 11
  can0  103   [8]  00 00 00 00 00 00 00 00
  can0  100   [8]  DB 80 64 9C 64 9C 77 33
  can0  102   [8]  00 00 00 00 FF 00 00 00
  can0  110   [8]  01 00 00 00 00 00 00 00
  can0  111   [8]  64 0F 02 00 00 00 00 00
  can0  112   [8]  03 03 77 77 04 04 04 04
  can0  113   [8]  F4 4C 0A 00 85 66 0A 00
  can0  114   [8]  00 00 00 00 00 00 80 00
  can0  115   [8]  00 00 00 00 00 00 00 00
  can0  116   [8]  00 08 00 08 00 00 00 00
  can0  101   [8]  C3 0D 00 00 00 00 00 11
  can0  103   [8]  00 00 00 00 00 00 00 00
  can0  100   [8]  86 81 64 9C 64 9C 77 33
  can0  102   [8]  00 00 00 00 FF 00 00 00
  can0  110   [8]  01 00 00 00 00 00 00 00
  can0  111   [8]  65 0F 02 00 00 00 00 00
  can0  112   [8]  03 03 77 77 04 04 04 04
  can0  113   [8]  F9 4C 0A 00 8A 66 0A 00
  can0  114   [8]  00 00 00 00 00 00 80 00
  can0  115   [8]  00 00 00 00 00 00 00 00
  can0  116   [8]  00 08 00 08 00 00 00 00
  can0  101   [8]  24 0E 00 00 00 00 00 11
  can0  103   [8]  00 00 00 00 00 00 00 00
  can0  100   [8]  61 82 64 9C 64 9C 77 33
  can0  102   [8]  00 00 00 00 FF 00 00 00
  can0  110   [8]  01 00 00 00 00 00 00 00
  can0  111   [8]  66 0F 02 00 00 00 00 00
  can0  112   [8]  03 03 77 77 04 04 04 04
  can0  113   [8]  FE 4C 0A 00 8F 66 0A 00
  can0  114   [8]  00 00 00 00 00 00 80 00
  can0  115   [8]  00 00 00 00 00 00 00 00
  can0  116   [8]  00 08 00 08 00 00 00 00
  can0  630   [1]  F0
  can0  101   [8]  79 0F 00 00 00 00 00 11
  can0  100   [8]  3C 83 64 9C 64 9C 77 33
  can0  102   [8]  00 00 00 00 FF 00 00 00
  can0  110   [8]  01 00 00 00 00 00 00 00
  can0  111   [8]  67 0F 02 00 00 00 00 00
  can0  112   [8]  03 03 77 77 04 04 04 04
  can0  103   [8]  00 00 00 00 00 00 00 00
  can0  113   [8]  03 4D 0A 00 94 66 0A 00
  can0  114   [8]  00 00 00 00 00 00 80 00
  can0  115   [8]  00 00 00 00 00 00 00 00
  can0  116   [8]  00 08 00 08 00 00 00 00
  can0  101   [8]  9C 10 00 00 00 00 00 11
  can0  100   [8]  B2 84 64 9C 64 9C 77 33
  can0  102   [8]  00 00 00 00 FF 00 00 00
  can0  110   [8]  01 00 00 00 00 00 00 00
  can0  111   [8]  68 0F 02 00 00 00 00 00
  can0  112   [8]  03 03 77 77 04 04 04 04
  can0  103   [8]  00 00 00 00 00 00 00 00
  can0  113   [8]  08 4D 0A 00 99 66 0A 00
  can0  114   [8]  00 00 00 00 00 00 80 00
  can0  115   [8]  00 00 00 00 00 00 00 00
  can0  116   [8]  00 08 00 08 00 00 00 00
  can0  101   [8]  C1 11 00 00 00 00 00 11
  can0  103   [8]  00 00 00 00 00 00 00 00
  can0  100   [8]  EF 85 64 9C 64 9C 77 33
  can0  102   [8]  00 00 00 00 FF 00 00 00
  can0  110   [8]  01 00 00 00 00 00 00 00
  can0  111   [8]  69 0F 02 00 00 00 00 00
  can0  112   [8]  03 03 77 77 04 04 04 04
  can0  113   [8]  0D 4D 0A 00 9E 66 0A 00
  can0  114   [8]  00 00 00 00 00 00 80 00
  can0  115   [8]  00 00 00 00 00 00 00 00
  can0  116   [8]  00 08 00 08 00 00 00 00
  can0  101   [8]  26 12 00 00 00 00 00 11
  can0  103   [8]  00 00 00 00 00 00 00 00
  can0  100   [8]  08 86 64 9C 64 9C 77 33
  can0  102   [8]  00 00 00 00 FF 00 00 00
  can0  110   [8]  01 00 00 00 00 00 00 00
  can0  111   [8]  6A 0F 02 00 00 00 00 00
  can0  112   [8]  03 03 77 77 04 04 04 04
  can0  113   [8]  12 4D 0A 00 A3 66 0A 00
  can0  114   [8]  00 00 00 00 00 00 80 00
  can0  115   [8]  00 00 00 00 00 00 00 00
  can0  116   [8]  00 08 00 08 00 00 00 00
  can0  101   [8]  7B 13 00 00 00 00 00 11
  can0  103   [8]  00 00 00 00 00 00 00 00
  can0  100   [8]  55 87 64 9C 64 9C 77 33
  can0  102   [8]  00 00 00 00 FF 00 00 00
  can0  110   [8]  01 00 00 00 00 00 00 00
  can0  111   [8]  6B 0F 02 00 00 00 00 00
  can0  112   [8]  03 03 77 77 04 04 04 04
  can0  113   [8]  17 4D 0A 00 A8 66 0A 00
  can0  114   [8]  00 00 00 00 00 00 80 00
  can0  115   [8]  00 00 00 00 00 00 00 00
  can0  116   [8]  00 08 00 08 00 00 00 00
  can0  600   [8]  ED FF F0 FF FA 00 02 03
  can0  601   [6]  0E 00 F8 FF 81 01
  can0  610   [8]  9A 99 11 BF AE 47 21 BE
  can0  611   [4]  3E 0A 57 3E
  can0  630   [1]  F0
  can0  101   [8]  F5 14 00 00 00 00 00 11
  can0  103   [8]  00 00 00 00 00 00 00 00
  can0  100   [8]  09 88 64 9C 64 9C 77 33
  can0  102   [8]  00 00 00 00 FF 00 00 00
  can0  110   [8]  01 00 00 00 00 00 00 00
  can0  111   [8]  6C 0F 02 00 00 00 00 00
  can0  112   [8]  03 03 77 77 04 04 04 04
  can0  113   [8]  1C 4D 0A 00 AD 66 0A 00
  can0  114   [8]  00 00 00 00 00 00 80 00
  can0  115   [8]  00 00 00 00 00 00 00 00
  can0  116   [8]  00 08 00 08 00 00 00 00
  can0  101   [8]  A8 15 00 00 00 00 00 11
  can0  103   [8]  00 00 00 00 00 00 00 00
  can0  100   [8]  54 89 64 9C 64 9C 77 33
  can0  102   [8]  00 00 00 00 FF 00 00 00
  can0  110   [8]  01 00 00 00 00 00 00 00
  can0  111   [8]  6D 0F 02 00 00 00 00 00
  can0  112   [8]  03 03 77 77 04 04 04 04
  can0  113   [8]  21 4D 0A 00 B2 66 0A 00
  can0  114   [8]  00 00 00 00 00 00 80 00
  can0  115   [8]  00 00 00 00 00 00 00 00
  can0  116   [8]  00 08 00 08 00 00 00 00
  can0  101   [8]  4F 16 00 00 00 00 00 11
  can0  103   [8]  00 00 00 00 00 00 00 00
  can0  100   [8]  B3 8A 64 9C 64 9C 77 33
  can0  102   [8]  00 00 00 00 FF 00 00 00
  can0  110   [8]  01 00 00 00 00 00 00 00
  can0  111   [8]  6E 0F 02 00 00 00 00 00
  can0  112   [8]  03 03 77 77 04 04 04 04
  can0  113   [8]  26 4D 0A 00 B7 66 0A 00
  can0  114   [8]  00 00 00 00 00 00 80 00
  can0  115   [8]  00 00 00 00 00 00 00 00
  can0  116   [8]  00 08 00 08 00 00 00 00
  can0  402   [8]  02 00 17 15 FF 2C 00 10
  can0  100   [8]  EE 8B 64 9C 64 9C 77 33
  can0  102   [8]  00 00 00 00 FF 00 00 00
  can0  110   [8]  01 00 00 00 00 00 00 00
  can0  111   [8]  6F 0F 02 00 00 00 00 00
  can0  101   [8]  12 17 00 00 00 00 00 11
  can0  103   [8]  00 00 00 00 00 00 00 00
  can0  112   [8]  03 03 77 77 04 04 04 04
  can0  113   [8]  2B 4D 0A 00 BC 66 0A 00
  can0  114   [8]  00 00 00 00 00 00 80 00
  can0  115   [8]  00 00 00 00 00 00 00 00
  can0  116   [8]  00 08 00 08 00 00 00 00
  can0  403   [8]  02 01 2D 12 3C 34 00 00
  can0  405   [8]  03 01 00 00 00 00 00 00
  can0  404   [8]  03 00 00 00 00 00 00 00
  can0  101   [8]  4E 18 00 00 00 00 00 11
  can0  103   [8]  00 00 00 00 00 00 00 00
  can0  100   [8]  60 8C 64 9C 64 9C 77 33
  can0  102   [8]  00 00 00 00 FF 00 00 00
  can0  110   [8]  01 00 00 00 00 00 00 00
  can0  111   [8]  70 0F 02 00 00 00 00 00
  can0  112   [8]  03 03 77 77 04 04 04 04
  can0  113   [8]  30 4D 0A 00 C1 66 0A 00
  can0  114   [8]  00 00 00 00 00 00 80 00
  can0  115   [8]  00 00 00 00 00 00 00 00
  can0  116   [8]  00 08 00 08 00 00 00 00
  can0  630   [1]  F0
  can0  101   [8]  13 19 00 00 00 00 00 11
  can0  103   [8]  00 00 00 00 00 00 00 00
  can0  100   [8]  3D 8D 64 9C 64 9C 77 33
  can0  102   [8]  00 00 00 00 FF 00 00 00
  can0  110   [8]  01 00 00 00 00 00 00 00
  can0  111   [8]  71 0F 02 00 00 00 00 00
  can0  112   [8]  03 03 77 77 04 04 04 04
  can0  113   [8]  35 4D 0A 00 C6 66 0A 00
  can0  114   [8]  00 00 00 00 00 00 80 00
  can0  115   [8]  00 00 00 00 00 00 00 00
  can0  116   [8]  00 08 00 08 00 00 00 00
  can0  101   [8]  F4 1A 00 00 00 00 00 11
  can0  103   [8]  00 00 00 00 00 00 00 00
  can0  100   [8]  DA 8E 64 9C 64 9C 77 33
  can0  102   [8]  00 00 00 00 FF 00 00 00
  can0  110   [8]  01 00 00 00 00 00 00 00
  can0  111   [8]  72 0F 02 00 00 00 00 00
  can0  112   [8]  03 03 77 77 04 04 04 04
  can0  113   [8]  3A 4D 0A 00 CB 66 0A 00
  can0  114   [8]  00 00 00 00 00 00 80 00
  can0  115   [8]  00 00 00 00 00 00 00 00
  can0  116   [8]  00 08 00 08 00 00 00 00
  can0  101   [8]  A9 1B 00 00 00 00 00 11
  can0  103   [8]  00 00 00 00 00 00 00 00
  can0  100   [8]  87 8F 64 9C 64 9C 77 33
  can0  102   [8]  00 00 00 00 FF 00 00 00
  can0  110   [8]  01 00 00 00 00 00 00 00
  can0  111   [8]  73 0F 02 00 00 00 00 00
  can0  112   [8]  03 03 77 77 04 04 04 04
  can0  113   [8]  3F 4D 0A 00 D0 66 0A 00
  can0  114   [8]  00 00 00 00 00 00 80 00
  can0  115   [8]  00 00 00 00 00 00 00 00
  can0  116   [8]  00 08 00 08 00 00 00 00
  can0  620   [3]  02 00 01
  can0  621   [8]  00 00 00 00 00 00 00 00
  can0  622   [7]  00 00 00 00 00 00 00
  can0  623   [7]  00 00 00 00 00 00 00
  can0  624   [4]  00 00 00 00
  can0  625   [8]  E1 FA C7 42 E1 FA C7 42
  can0  626   [4]  E1 FA C7 42
  can0  627   [6]  00 00 00 00 00 00
  can0  101   [8]  27 1C 00 00 00 00 00 11
  can0  103   [8]  00 00 00 00 00 00 00 00
  can0  100   [8]  62 90 64 9C 64 9C 77 33
  can0  102   [8]  00 00 00 00 FF 00 00 00
  can0  110   [8]  01 00 00 00 00 00 00 00
  can0  111   [8]  74 0F 02 00 00 00 00 00
  can0  112   [8]  03 03 77 77 04 04 04 04
  can0  113   [8]  44 4D 0A 00 D5 66 0A 00
  can0  114   [8]  00 00 00 00 00 00 80 00
  can0  115   [8]  00 00 00 00 00 00 00 00
  can0  116   [8]  00 08 00 08 00 00 00 00
  can0  101   [8]  7A 1D 00 00 00 00 00 11
  can0  103   [8]  00 00 00 00 00 00 00 00
  can0  100   [8]  3F 91 64 9C 64 9C 77 33
  can0  102   [8]  00 00 00 00 FF 00 00 00
  can0  110   [8]  01 00 00 00 00 00 00 00
  can0  111   [8]  75 0F 02 00 00 00 00 00
  can0  112   [8]  03 03 77 77 04 04 04 04
  can0  113   [8]  49 4D 0A 00 DA 66 0A 00
  can0  114   [8]  00 00 00 00 00 00 80 00
  can0  115   [8]  00 00 00 00 00 00 00 00
  can0  116   [8]  00 08 00 08 00 00 00 00
  can0  610   [8]  00 00 60 BE 3E 0A 57 BD
  can0  611   [4]  3E 0A 57 3E
  can0  630   [1]  F0
  can0  101   [8]  9D 1E 00 00 00 00 00 11
  can0  103   [8]  00 00 00 00 00 00 00 00
  can0  100   [8]  D8 92 64 9C 64 9C 77 33
  can0  102   [8]  00 00 00 00 FF 00 00 00
  can0  110   [8]  01 00 00 00 00 00 00 00
  can0  111   [8]  76 0F 02 00 00 00 00 00
  can0  112   [8]  03 03 77 77 04 04 04 04
  can0  113   [8]  4E 4D 0A 00 DF 66 0A 00
  can0  114   [8]  00 00 00 00 00 00 80 00
  can0  115   [8]  00 00 00 00 00 00 00 00
  can0  116   [8]  00 08 00 08 00 00 00 00
  can0  101   [8]  C0 1F 00 00 00 00 00 11
  can0  103   [8]  00 00 00 00 00 00 00 00
  can0  100   [8]  85 93 64 9C 64 9C 77 33
  can0  102   [8]  00 00 00 00 FF 00 00 00
  can0  110   [8]  01 00 00 00 00 00 00 00
  can0  111   [8]  77 0F 02 00 00 00 00 00
  can0  112   [8]  03 03 77 77 04 04 04 04
  can0  113   [8]  53 4D 0A 00 E4 66 0A 00
  can0  114   [8]  00 00 00 00 00 00 80 00
  can0  115   [8]  00 00 00 00 00 00 00 00
  can0  116   [8]  00 08 00 08 00 00 00 00
  can0  101   [8]  4A 20 00 00 00 00 00 11
  can0  103   [8]  00 00 00 00 00 00 00 00
  can0  100   [8]  0B 94 64 9C 64 9C 77 33
  can0  102   [8]  00 00 00 00 FF 00 00 00
  can0  110   [8]  01 00 00 00 00 00 00 00
  can0  111   [8]  78 0F 02 00 00 00 00 00
  can0  112   [8]  03 03 77 77 04 04 04 04
  can0  113   [8]  58 4D 0A 00 E9 66 0A 00
  can0  114   [8]  00 00 00 00 00 00 80 00
  can0  115   [8]  00 00 00 00 00 00 00 00
  can0  116   [8]  00 08 00 08 00 00 00 00
  can0  101   [8]  17 21 00 00 00 00 00 11
  can0  103   [8]  00 00 00 00 00 00 00 00
  can0  100   [8]  56 95 64 9C 64 9C 77 33
  can0  102   [8]  00 00 00 00 FF 00 00 00
  can0  110   [8]  01 00 00 00 00 00 00 00
  can0  111   [8]  79 0F 02 00 00 00 00 00
  can0  112   [8]  03 03 77 77 04 04 04 04
  can0  113   [8]  5D 4D 0A 00 EE 66 0A 00
  can0  114   [8]  00 00 00 00 00 00 80 00
  can0  115   [8]  00 00 00 00 00 00 00 00
  can0  116   [8]  00 08 00 08 00 00 00 00
  can0  101   [8]  F0 22 00 00 00 00 00 11
  can0  103   [8]  00 00 00 00 00 00 00 00
  can0  100   [8]  B1 96 64 9C 64 9C 77 33
  can0  102   [8]  00 00 00 00 FF 00 00 00
  can0  110   [8]  01 00 00 00 00 00 00 00
  can0  111   [8]  7A 0F 02 00 00 00 00 00
  can0  112   [8]  03 03 77 77 04 04 04 04
  can0  113   [8]  62 4D 0A 00 F3 66 0A 00
  can0  114   [8]  00 00 00 00 00 00 80 00
  can0  115   [8]  00 00 00 00 00 00 00 00
  can0  116   [8]  00 08 00 08 00 00 00 00
  can0  600   [8]  EE FF F1 FF FA 00 02 03
  can0  601   [6]  10 00 FD FF 80 01
  can0  630   [1]  F0
  can0  101   [8]  AD 23 00 00 00 00 00 11
  can0  103   [8]  00 00 00 00 00 00 00 00
  can0  100   [8]  EC 97 64 9C 64 9C 77 33
  can0  102   [8]  00 00 00 00 FF 00 00 00
  can0  110   [8]  01 00 00 00 00 00 00 00
  can0  111   [8]  7B 0F 02 00 00 00 00 00
  can0  112   [8]  03 03 77 77 04 04 04 04
  can0  113   [8]  67 4D 0A 00 F8 66 0A 00
  can0  114   [8]  00 00 00 00 00 00 80 00
  can0  115   [8]  00 00 00 00 00 00 00 00
  can0  116   [8]  00 08 00 08 00 00 00 00
  can0  101   [8]  23 24 00 00 00 00 00 11
  can0  103   [8]  00 00 00 00 00 00 00 00
  can0  100   [8]  B0 98 64 9C 64 9C 77 33
  can0  102   [8]  00 00 00 00 FF 00 00 00
  can0  110   [8]  01 00 00 00 00 00 00 00
  can0  111   [8]  7C 0F 02 00 00 00 00 00
  can0  112   [8]  03 03 77 77 04 04 04 04
  can0  113   [8]  6C 4D 0A 00 FD 66 0A 00
  can0  114   [8]  00 00 00 00 00 00 80 00
  can0  115   [8]  00 00 00 00 00 00 00 00
  can0  116   [8]  00 08 00 08 00 00 00 00
  can0  101   [8]  7E 25 00 00 00 00 00 11
  can0  103   [8]  00 00 00 00 00 00 00 00
  can0  100   [8]  ED 99 64 9C 64 9C 77 33
  can0  102   [8]  00 00 00 00 FF 00 00 00
  can0  110   [8]  01 00 00 00 00 00 00 00
  can0  111   [8]  7D 0F 02 00 00 00 00 00
  can0  112   [8]  03 03 77 77 04 04 04 04
  can0  113   [8]  71 4D 0A 00 02 67 0A 00
  can0  114   [8]  00 00 00 00 00 00 80 00
  can0  115   [8]  00 00 00 00 00 00 00 00
  can0  116   [8]  00 08 00 08 00 00 00 00
  can0  101   [8]  99 26 00 00 00 00 00 11
  can0  103   [8]  00 00 00 00 00 00 00 00
  can0  100   [8]  0A 9A 64 9C 64 9C 77 33
  can0  102   [8]  00 00 00 00 FF 00 00 00
  can0  110   [8]  01 00 00 00 00 00 00 00
  can0  111   [8]  7E 0F 02 00 00 00 00 00
  can0  112   [8]  03 03 77 77 04 04 04 04
  can0  113   [8]  76 4D 0A 00 07 67 0A 00
  can0  114   [8]  00 00 00 00 00 00 80 00
  can0  115   [8]  00 00 00 00 00 00 00 00
  can0  116   [8]  00 08 00 08 00 00 00 00
  can0  101   [8]  C4 27 00 00 00 00 00 11
  can0  103   [8]  00 00 00 00 00 00 00 00
  can0  100   [8]  57 9B 64 9C 64 9C 77 33
  can0  102   [8]  00 00 00 00 FF 00 00 00
  can0  110   [8]  01 00 00 00 00 00 00 00
  can0  111   [8]  7F 0F 02 00 00 00 00 00
  can0  112   [8]  03 03 77 77 04 04 04 04
  can0  113   [8]  7B 4D 0A 00 0C 67 0A 00
  can0  114   [8]  00 00 00 00 00 00 80 00
  can0  115   [8]  00 00 00 00 00 00 00 00
  can0  116   [8]  00 08 00 08 00 00 00 00
  can0  610   [8]  00 00 60 BE 3E 0A 57 BD
  can0  611   [4]  3E 0A 57 3E
  can0  630   [1]  F0
  can0  101   [8]  98 28 00 00 00 00 00 11
  can0  103   [8]  00 00 00 00 00 00 00 00
  can0  100   [8]  D9 9C 64 9C 64 9C 77 33
  can0  102   [8]  00 00 00 00 FF 00 00 00
  can0  110   [8]  01 00 00 00 00 00 00 00
  can0  111   [8]  80 0F 02 00 00 00 00 00
  can0  112   [8]  03 03 77 77 04 04 04 04
  can0  113   [8]  80 4D 0A 00 11 67 0A 00
  can0  114   [8]  00 00 00 00 00 00 80 00
  can0  115   [8]  00 00 00 00 00 00 00 00
  can0  116   [8]  00 08 00 08 00 00 00 00
  can0  101   [8]  C5 29 00 00 00 00 00 11
  can0  103   [8]  00 00 00 00 00 00 00 00
  can0  100   [8]  84 9D 64 9C 64 9C 77 33
  can0  102   [8]  00 00 00 00 FF 00 00 00
  can0  110   [8]  01 00 00 00 00 00 00 00
  can0  111   [8]  81 0F 02 00 00 00 00 00
  can0  112   [8]  03 03 77 77 04 04 04 04
  can0  113   [8]  85 4D 0A 00 16 67 0A 00
  can0  114   [8]  00 00 00 00 00 00 80 00
  can0  115   [8]  00 00 00 00 00 00 00 00
  can0  116   [8]  00 08 00 08 00 00 00 00
  can0  101   [8]  22 2A 00 00 00 00 00 11
  can0  103   [8]  00 00 00 00 00 00 00 00
  can0  100   [8]  63 9E 64 9C 64 9C 77 33
  can0  102   [8]  00 00 00 00 FF 00 00 00
  can0  110   [8]  01 00 00 00 00 00 00 00
  can0  111   [8]  82 0F 02 00 00 00 00 00
  can0  112   [8]  03 03 77 77 04 04 04 04
  can0  113   [8]  8A 4D 0A 00 1B 67 0A 00
  can0  114   [8]  00 00 00 00 00 00 80 00
  can0  115   [8]  00 00 00 00 00 00 00 00
  can0  116   [8]  00 08 00 08 00 00 00 00
  can0  101   [8]  7F 2B 00 00 00 00 00 11
  can0  103   [8]  00 00 00 00 00 00 00 00
  can0  100   [8]  3E 9F 64 9C 64 9C 77 33
  can0  102   [8]  00 00 00 00 FF 00 00 00
  can0  110   [8]  01 00 00 00 00 00 00 00
  can0  111   [8]  83 0F 02 00 00 00 00 00
  can0  112   [8]  03 03 77 77 04 04 04 04
  can0  113   [8]  8F 4D 0A 00 20 67 0A 00
  can0  114   [8]  00 00 00 00 00 00 80 00
  can0  115   [8]  00 00 00 00 00 00 00 00
  can0  116   [8]  00 08 00 08 00 00 00 00
  can0  101   [8]  F1 2C 00 00 00 00 00 11
  can0  103   [8]  00 00 00 00 00 00 00 00
  can0  630   [1]  F0
  can0  100   [8]  B4 A0 64 9C 64 9C 77 33
  can0  102   [8]  00 00 00 00 FF 00 00 00
  can0  110   [8]  01 00 00 00 00 00 00 00
  can0  111   [8]  84 0F 02 00 00 00 00 00
  can0  112   [8]  03 03 77 77 04 04 04 04
  can0  113   [8]  94 4D 0A 00 25 67 0A 00
  can0  114   [8]  00 00 00 00 00 00 80 00
  can0  115   [8]  00 00 00 00 00 00 00 00
  can0  116   [8]  00 08 00 08 00 00 00 00
  can0  101   [8]  AC 2D 00 00 00 00 00 11
  can0  103   [8]  00 00 00 00 00 00 00 00
  can0  100   [8]  E9 A1 64 9C 64 9C 77 33
  can0  102   [8]  00 00 00 00 FF 00 00 00
  can0  110   [8]  01 00 00 00 00 00 00 00
  can0  111   [8]  85 0F 02 00 00 00 00 00
  can0  112   [8]  03 03 77 77 04 04 04 04
  can0  113   [8]  99 4D 0A 00 2A 67 0A 00
  can0  114   [8]  00 00 00 00 00 00 80 00
  can0  115   [8]  00 00 00 00 00 00 00 00
  can0  116   [8]  00 08 00 08 00 00 00 00
  can0  101   [8]  4B 2E 00 00 00 00 00 11
  can0  103   [8]  00 00 00 00 00 00 00 00
  can0  100   [8]  0E A2 64 9C 64 9C 77 33
  can0  102   [8]  00 00 00 00 FF 00 00 00
  can0  110   [8]  01 00 00 00 00 00 00 00
  can0  111   [8]  86 0F 02 00 00 00 00 00
  can0  112   [8]  03 03 77 77 04 04 04 04
  can0  113   [8]  9E 4D 0A 00 2F 67 0A 00
  can0  114   [8]  00 00 00 00 00 00 80 00
  can0  115   [8]  00 00 00 00 00 00 00 00
  can0  116   [8]  00 08 00 08 00 00 00 00
  can0  101   [8]  16 2F 00 00 00 00 00 11
  can0  103   [8]  00 00 00 00 00 00 00 00
  can0  620   [3]  02 00 01
  can0  621   [8]  00 00 00 00 00 00 00 00
  can0  622   [7]  00 00 00 00 00 00 00
  can0  100   [8]  53 A3 64 9C 64 9C 77 33
  can0  102   [8]  00 00 00 00 FF 00 00 00
  can0  110   [8]  01 00 00 00 00 00 00 00
  can0  111   [8]  87 0F 02 00 00 00 00 00
  can0  112   [8]  03 03 77 77 04 04 04 04
  can0  113   [8]  A3 4D 0A 00 34 67 0A 00
  can0  114   [8]  00 00 00 00 00 00 80 00
  can0  115   [8]  00 00 00 00 00 00 00 00
  can0  116   [8]  00 08 00 08 00 00 00 00
  can0  623   [7]  00 00 00 00 00 00 00
  can0  624   [4]  00 00 00 00
  can0  625   [8]  E1 FA C7 42 E1 FA C7 42
  can0  101   [8]  F3 30 00 00 00 00 00 11
  can0  103   [8]  00 00 00 00 00 00 00 00
  can0  626   [4]  E1 FA C7 42
  can0  627   [6]  00 00 00 00 00 00
  can0  640   [8]  34 21 07 06 13 07 19 00
  can0  100   [8]  DD A4 64 9C 64 9C 77 33
  can0  102   [8]  00 00 00 00 FF 00 00 00
  can0  110   [8]  01 00 00 00 00 00 00 00
  can0  111   [8]  88 0F 02 00 00 00 00 00
  can0  112   [8]  03 03 77 77 04 04 04 04
  can0  113   [8]  A8 4D 0A 00 39 67 0A 00
  can0  114   [8]  00 00 00 00 00 00 80 00
  can0  115   [8]  00 00 00 00 00 00 00 00
  can0  116   [8]  00 08 00 08 00 00 00 00
  can0  101   [8]  AE 31 00 00 00 00 00 11
  can0  103   [8]  00 00 00 00 00 00 00 00
  can0  600   [8]  EC FF EF FF FC 00 02 03
  can0  601   [6]  10 00 FD FF 80 01
  can0  610   [8]  F6 28 3C BE 3E 0A D7 3D
  can0  100   [8]  80 A5 64 9C 64 9C 77 33
  can0  102   [8]  00 00 00 00 FF 00 00 00
  can0  110   [8]  01 00 00 00 00 00 00 00
  can0  111   [8]  89 0F 02 00 00 00 00 00
  can0  112   [8]  03 03 77 77 04 04 04 04
  can0  113   [8]  AD 4D 0A 00 3E 67 0A 00
  can0  114   [8]  00 00 00 00 00 00 80 00
  can0  115   [8]  00 00 00 00 00 00 00 00
  can0  116   [8]  00 08 00 08 00 00 00 00
  can0  611   [4]  7B 14 16 3F
  can0  630   [1]  F0
  can0  101   [8]  49 32 00 00 00 00 00 11
  can0  103   [8]  00 00 00 00 00 00 00 00
  can0  100   [8]  67 A6 64 9C 64 9C 77 33
  can0  102   [8]  00 00 00 00 FF 00 00 00
  can0  110   [8]  01 00 00 00 00 00 00 00
  can0  111   [8]  8A 0F 02 00 00 00 00 00
  can0  112   [8]  03 03 77 77 04 04 04 04
  can0  113   [8]  B2 4D 0A 00 43 67 0A 00
  can0  114   [8]  00 00 00 00 00 00 80 00
  can0  115   [8]  00 00 00 00 00 00 00 00
  can0  116   [8]  00 08 00 08 00 00 00 00
  can0  101   [8]  14 33 00 00 00 00 00 11
  can0  103   [8]  00 00 00 00 00 00 00 00
  can0  100   [8]  3A A7 64 9C 64 9C 77 33
  can0  102   [8]  00 00 00 00 FF 00 00 00
  can0  110   [8]  01 00 00 00 00 00 00 00
  can0  111   [8]  8B 0F 02 00 00 00 00 00
  can0  112   [8]  03 03 77 77 04 04 04 04
  can0  113   [8]  B7 4D 0A 00 48 67 0A 00
  can0  114   [8]  00 00 00 00 00 00 80 00
  can0  115   [8]  00 00 00 00 00 00 00 00
  can0  116   [8]  00 08 00 08 00 00 00 00
  can0  101   [8]  9A 34 00 00 00 00 00 11
  can0  103   [8]  00 00 00 00 00 00 00 00
  can0  100   [8]  66 A8 64 9C 64 9C 77 33
  can0  102   [8]  00 00 00 00 FF 00 00 00
  can0  110   [8]  01 00 00 00 00 00 00 00
  can0  111   [8]  8B 0F 02 00 00 00 00 00
  can0  112   [8]  03 03 77 77 04 04 04 04
  can0  113   [8]  B7 4D 0A 00 4D 67 0A 00
  can0  114   [8]  00 00 00 00 00 00 80 00
  can0  115   [8]  00 00 00 00 00 00 00 00
  can0  116   [8]  00 08 00 08 00 00 00 00
  can0  101   [8]  C7 35 00 00 00 00 00 11
  can0  103   [8]  00 00 00 00 00 00 00 00
  can0  100   [8]  3B A9 64 9C 64 9C 77 33
  can0  102   [8]  00 00 00 00 FF 00 00 00
  can0  110   [8]  01 00 00 00 00 00 00 00
  can0  111   [8]  8C 0F 02 00 00 00 00 00
  can0  112   [8]  03 03 77 77 04 04 04 04
  can0  113   [8]  BC 4D 0A 00 52 67 0A 00
  can0  114   [8]  00 00 00 00 00 00 80 00
  can0  115   [8]  00 00 00 00 00 00 00 00
  can0  116   [8]  00 08 00 08 00 00 00 00
  can0  101   [8]  20 36 00 00 00 00 00 11
  can0  103   [8]  00 00 00 00 00 00 00 00
  can0  630   [1]  F0
  can0  100   [8]  DC AA 64 9C 64 9C 77 33
  can0  102   [8]  00 00 00 00 FF 00 00 00
  can0  110   [8]  01 00 00 00 00 00 00 00
  can0  111   [8]  8D 0F 02 00 00 00 00 00
  can0  112   [8]  03 03 77 77 04 04 04 04
  can0  113   [8]  C1 4D 0A 00 57 67 0A 00
  can0  114   [8]  00 00 00 00 00 00 80 00
  can0  115   [8]  00 00 00 00 00 00 00 00
  can0  116   [8]  00 08 00 08 00 00 00 00
  can0  101   [8]  7D 37 00 00 00 00 00 11
  can0  103   [8]  00 00 00 00 00 00 00 00
  can0  100   [8]  81 AB 64 9C 64 9C 77 33
  can0  102   [8]  00 00 00 00 FF 00 00 00
  can0  110   [8]  01 00 00 00 00 00 00 00
  can0  111   [8]  8E 0F 02 00 00 00 00 00
  can0  112   [8]  03 03 77 77 04 04 04 04
  can0  113   [8]  C6 4D 0A 00 5C 67 0A 00
  can0  114   [8]  00 00 00 00 00 00 80 00
  can0  115   [8]  00 00 00 00 00 00 00 00
  can0  116   [8]  00 08 00 08 00 00 00 00
  can0  101   [8]  21 38 00 00 00 00 00 11
  can0  103   [8]  00 00 00 00 00 00 00 00
  can0  100   [8]  0F AC 64 9C 64 9C 77 33
  can0  102   [8]  00 00 00 00 FF 00 00 00
  can0  110   [8]  01 00 00 00 00 00 00 00
  can0  111   [8]  8F 0F 02 00 00 00 00 00
  can0  112   [8]  03 03 77 77 04 04 04 04
  can0  113   [8]  CB 4D 0A 00 61 67 0A 00
  can0  114   [8]  00 00 00 00 00 00 80 00
  can0  115   [8]  00 00 00 00 00 00 00 00
  can0  116   [8]  00 08 00 08 00 00 00 00
  can0  101   [8]  7C 39 00 00 00 00 00 11
  can0  103   [8]  00 00 00 00 00 00 00 00
  can0  100   [8]  52 AD 64 9C 64 9C 77 33
  can0  102   [8]  00 00 00 00 FF 00 00 00
  can0  110   [8]  01 00 00 00 00 00 00 00
  can0  111   [8]  90 0F 02 00 00 00 00 00
  can0  112   [8]  03 03 77 77 04 04 04 04
  can0  113   [8]  D0 4D 0A 00 66 67 0A 00
  can0  114   [8]  00 00 00 00 00 00 80 00
  can0  115   [8]  00 00 00 00 00 00 00 00
  can0  116   [8]  00 08 00 08 00 00 00 00
  can0  101   [8]  9B 3A 00 00 00 00 00 11
  can0  103   [8]  00 00 00 00 00 00 00 00
  can0  100   [8]  B5 AE 64 9C 64 9C 77 33
  can0  102   [8]  00 00 00 00 FF 00 00 00
  can0  110   [8]  01 00 00 00 00 00 00 00
  can0  111   [8]  91 0F 02 00 00 00 00 00
  can0  112   [8]  03 03 77 77 04 04 04 04
  can0  113   [8]  D5 4D 0A 00 6B 67 0A 00
  can0  114   [8]  00 00 00 00 00 00 80 00
  can0  115   [8]  00 00 00 00 00 00 00 00
  can0  116   [8]  00 08 00 08 00 00 00 00
  can0  101   [8]  C6 3B 00 00 00 00 00 11
  can0  103   [8]  00 00 00 00 00 00 00 00
  can0  610   [8]  F6 28 3C BE 3E 0A D7 3D
  can0  611   [4]  7B 14 16 3F
  can0  100   [8]  E8 AF 64 9C 64 9C 77 33
  can0  102   [8]  00 00 00 00 FF 00 00 00
  can0  110   [8]  01 00 00 00 00 00 00 00
  can0  111   [8]  92 0F 02 00 00 00 00 00
  can0  112   [8]  03 03 77 77 04 04 04 04
  can0  113   [8]  DA 4D 0A 00 70 67 0A 00
  can0  114   [8]  00 00 00 00 00 00 80 00
  can0  115   [8]  00 00 00 00 00 00 00 00
  can0  116   [8]  00 08 00 08 00 00 00 00
  can0  630   [1]  F0
  can0  101   [8]  48 3C 00 00 00 00 00 11
  can0  103   [8]  00 00 00 00 00 00 00 00
  can0  100   [8]  0D B0 64 9C 64 9C 77 33
  can0  102   [8]  00 00 00 00 FF 00 00 00
  can0  110   [8]  01 00 00 00 00 00 00 00
  can0  111   [8]  93 0F 02 00 00 00 00 00
  can0  112   [8]  03 03 77 77 04 04 04 04
  can0  113   [8]  DF 4D 0A 00 75 67 0A 00
  can0  114   [8]  00 00 00 00 00 00 80 00
  can0  115   [8]  00 00 00 00 00 00 00 00
  can0  116   [8]  00 08 00 08 00 00 00 00
  can0  101   [8]  15 3D 00 00 00 00 00 11
  can0  103   [8]  00 00 00 00 00 00 00 00
  can0  100   [8]  50 B1 64 9C 64 9C 77 33
  can0  102   [8]  00 00 00 00 FF 00 00 00
  can0  110   [8]  01 00 00 00 00 00 00 00
  can0  111   [8]  94 0F 02 00 00 00 00 00
  can0  112   [8]  03 03 77 77 04 04 04 04
  can0  113   [8]  E4 4D 0A 00 7A 67 0A 00
  can0  114   [8]  00 00 00 00 00 00 80 00
  can0  115   [8]  00 00 00 00 00 00 00 00
  can0  116   [8]  00 08 00 08 00 00 00 00
  can0  101   [8]  F2 3E 00 00 00 00 00 11
  can0  103   [8]  00 00 00 00 00 00 00 00
  can0  100   [8]  B7 B2 64 9C 64 9C 77 33
  can0  102   [8]  00 00 00 00 FF 00 00 00
  can0  110   [8]  01 00 00 00 00 00 00 00
  can0  111   [8]  95 0F 02 00 00 00 00 00
  can0  112   [8]  03 03 77 77 04 04 04 04
  can0  113   [8]  E9 4D 0A 00 7F 67 0A 00
  can0  114   [8]  00 00 00 00 00 00 80 00
  can0  115   [8]  00 00 00 00 00 00 00 00
  can0  116   [8]  00 08 00 08 00 00 00 00
  can0  101   [8]  AF 3F 00 00 00 00 00 11
  can0  103   [8]  00 00 00 00 00 00 00 00
  can0  402   [8]  02 00 17 15 FF 2C 00 10
  can0  403   [8]  02 01 2C 12 3C 34 00 00
  can0  405   [8]  03 01 00 00 00 00 00 00
  can0  404   [8]  03 00 00 00 00 00 00 00
  can0  100   [8]  EA B3 64 9C 64 9C 77 33
  can0  102   [8]  00 00 00 00 FF 00 00 00
  can0  110   [8]  01 00 00 00 00 00 00 00
  can0  111   [8]  96 0F 02 00 00 00 00 00
  can0  112   [8]  03 03 77 77 04 04 04 04
  can0  113   [8]  EE 4D 0A 00 84 67 0A 00
  can0  114   [8]  00 00 00 00 00 00 80 00
  can0  115   [8]  00 00 00 00 00 00 00 00
  can0  116   [8]  00 08 00 08 00 00 00 00
  can0  101   [8]  FB 40 00 00 00 00 00 11
  can0  103   [8]  00 00 00 00 00 00 00 00
  can0  600   [8]  EC FF F0 FF FA 00 02 03
  can0  601   [6]  12 00 F9 FF 85 01
  can0  630   [1]  F0
  can0  100   [8]  64 B4 64 9C 64 9C 77 33
  can0  102   [8]  00 00 00 00 FF 00 00 00
  can0  110   [8]  01 00 00 00 00 00 00 00
  can0  111   [8]  97 0F 02 00 00 00 00 00
  can0  112   [8]  03 03 77 77 04 04 04 04
  can0  113   [8]  F3 4D 0A 00 89 67 0A 00
  can0  114   [8]  00 00 00 00 00 00 80 00
  can0  115   [8]  00 00 00 00 00 00 00 00
  can0  116   [8]  00 08 00 08 00 00 00 00
  can0  101   [8]  A6 41 00 00 00 00 00 11
  can0  103   [8]  00 00 00 00 00 00 00 00
  can0  100   [8]  39 B5 64 9C 64 9C 77 33
  can0  102   [8]  00 00 00 00 FF 00 00 00
  can0  110   [8]  01 00 00 00 00 00 00 00
  can0  111   [8]  98 0F 02 00 00 00 00 00
  can0  112   [8]  03 03 77 77 04 04 04 04
  can0  113   [8]  F8 4D 0A 00 8E 67 0A 00
  can0  114   [8]  00 00 00 00 00 00 80 00
  can0  115   [8]  00 00 00 00 00 00 00 00
  can0  116   [8]  00 08 00 08 00 00 00 00
  can0  101   [8]  41 42 00 00 00 00 00 11
  can0  103   [8]  00 00 00 00 00 00 00 00
  can0  100   [8]  DE B6 64 9C 64 9C 77 33
  can0  102   [8]  00 00 00 00 FF 00 00 00
  can0  110   [8]  01 00 00 00 00 00 00 00
  can0  111   [8]  99 0F 02 00 00 00 00 00
  can0  112   [8]  03 03 77 77 04 04 04 04
  can0  113   [8]  FD 4D 0A 00 93 67 0A 00
  can0  114   [8]  00 00 00 00 00 00 80 00
  can0  115   [8]  00 00 00 00 00 00 00 00
  can0  116   [8]  00 08 00 08 00 00 00 00
  can0  101   [8]  1C 43 00 00 00 00 00 11
  can0  103   [8]  00 00 00 00 00 00 00 00
  can0  620   [3]  02 00 01
  can0  621   [8]  00 00 00 00 00 00 00 00
  can0  622   [7]  00 00 00 00 00 00 00
  can0  100   [8]  83 B7 64 9C 64 9C 77 33
  can0  102   [8]  00 00 00 00 FF 00 00 00
  can0  110   [8]  01 00 00 00 00 00 00 00
  can0  111   [8]  9A 0F 02 00 00 00 00 00
  can0  112   [8]  03 03 77 77 04 04 04 04
  can0  113   [8]  02 4E 0A 00 98 67 0A 00
  can0  114   [8]  00 00 00 00 00 00 80 00
  can0  115   [8]  00 00 00 00 00 00 00 00
  can0  116   [8]  00 08 00 08 00 00 00 00
  can0  623   [7]  00 00 00 00 00 00 00
  can0  624   [4]  00 00 00 00
  can0  625   [8]  E1 FA C7 42 E1 FA C7 42
  can0  101   [8]  92 44 00 00 00 00 00 11
  can0  103   [8]  00 00 00 00 00 00 00 00
  can0  626   [4]  E1 FA C7 42
  can0  627   [6]  00 00 00 00 00 00
  can0  100   [8]  DF B8 64 9C 64 9C 77 33
  can0  102   [8]  00 00 00 00 FF 00 00 00
  can0  110   [8]  01 00 00 00 00 00 00 00
  can0  111   [8]  9B 0F 02 00 00 00 00 00
  can0  112   [8]  03 03 77 77 04 04 04 04
  can0  113   [8]  07 4E 0A 00 9D 67 0A 00
  can0  114   [8]  00 00 00 00 00 00 80 00
  can0  115   [8]  00 00 00 00 00 00 00 00
  can0  116   [8]  00 08 00 08 00 00 00 00
  can0  101   [8]  CF 45 00 00 00 00 00 11
  can0  103   [8]  00 00 00 00 00 00 00 00
  can0  610   [8]  1F 85 23 BF 3E 0A D7 BD
  can0  611   [4]  D7 A3 C0 3E
  can0  100   [8]  82 B9 64 9C 64 9C 77 33
  can0  102   [8]  00 00 00 00 FF 00 00 00
  can0  110   [8]  01 00 00 00 00 00 00 00
  can0  111   [8]  9C 0F 02 00 00 00 00 00
  can0  112   [8]  03 03 77 77 04 04 04 04
  can0  113   [8]  0C 4E 0A 00 A2 67 0A 00
  can0  114   [8]  00 00 00 00 00 00 80 00
  can0  115   [8]  00 00 00 00 00 00 00 00
  can0  116   [8]  00 08 00 08 00 00 00 00
  can0  630   [1]  F0
  can0  101   [8]  28 46 00 00 00 00 00 11
  can0  103   [8]  00 00 00 00 00 00 00 00
  can0  100   [8]  65 BA 64 9C 64 9C 77 33
  can0  102   [8]  00 00 00 00 FF 00 00 00
  can0  110   [8]  01 00 00 00 00 00 00 00
  can0  111   [8]  9D 0F 02 00 00 00 00 00
  can0  112   [8]  03 03 77 77 04 04 04 04
  can0  113   [8]  11 4E 0A 00 A7 67 0A 00
  can0  114   [8]  00 00 00 00 00 00 80 00
  can0  115   [8]  00 00 00 00 00 00 00 00
  can0  116   [8]  00 08 00 08 00 00 00 00
  can0  101   [8]  75 47 00 00 00 00 00 11
  can0  103   [8]  00 00 00 00 00 00 00 00
  can0  100   [8]  38 BB 64 9C 64 9C 77 33
  can0  102   [8]  00 00 00 00 FF 00 00 00
  can0  110   [8]  01 00 00 00 00 00 00 00
  can0  111   [8]  9E 0F 02 00 00 00 00 00
  can0  112   [8]  03 03 77 77 04 04 04 04
  can0  113   [8]  16 4E 0A 00 AC 67 0A 00
  can0  114   [8]  00 00 00 00 00 00 80 00
  can0  115   [8]  00 00 00 00 00 00 00 00
  can0  116   [8]  00 08 00 08 00 00 00 00
  can0  101   [8]  29 48 00 00 00 00 00 11
  can0  103   [8]  00 00 00 00 00 00 00 00
  can0  100   [8]  B6 BC 64 9C 64 9C 77 33
  can0  102   [8]  00 00 00 00 FF 00 00 00
  can0  110   [8]  01 00 00 00 00 00 00 00
  can0  111   [8]  9F 0F 02 00 00 00 00 00
  can0  112   [8]  03 03 77 77 04 04 04 04
  can0  113   [8]  1B 4E 0A 00 B1 67 0A 00
  can0  114   [8]  00 00 00 00 00 00 80 00
  can0  115   [8]  00 00 00 00 00 00 00 00
  can0  116   [8]  00 08 00 08 00 00 00 00
  can0  101   [8]  74 49 00 00 00 00 00 11
  can0  103   [8]  00 00 00 00 00 00 00 00
  can0  100   [8]  EB BD 64 9C 64 9C 77 33
  can0  102   [8]  00 00 00 00 FF 00 00 00
  can0  110   [8]  01 00 00 00 00 00 00 00
  can0  111   [8]  A0 0F 02 00 00 00 00 00
  can0  112   [8]  03 03 77 77 04 04 04 04
  can0  113   [8]  20 4E 0A 00 B6 67 0A 00
  can0  114   [8]  00 00 00 00 00 00 80 00
  can0  115   [8]  00 00 00 00 00 00 00 00
  can0  116   [8]  00 08 00 08 00 00 00 00
  can0  101   [8]  93 4A 00 00 00 00 00 11
  can0  103   [8]  00 00 00 00 00 00 00 00
  can0  630   [1]  F0
  can0  100   [8]  0C BE 64 9C 64 9C 77 33
  can0  102   [8]  00 00 00 00 FF 00 00 00
  can0  110   [8]  01 00 00 00 00 00 00 00
  can0  111   [8]  A1 0F 02 00 00 00 00 00
  can0  112   [8]  03 03 77 77 04 04 04 04
  can0  113   [8]  25 4E 0A 00 BB 67 0A 00
  can0  114   [8]  00 00 00 00 00 00 80 00
  can0  115   [8]  00 00 00 00 00 00 00 00
  can0  116   [8]  00 08 00 08 00 00 00 00
  can0  101   [8]  CE 4B 00 00 00 00 00 11
  can0  103   [8]  00 00 00 00 00 00 00 00
  can0  100   [8]  51 BF 64 9C 64 9C 77 33
  can0  102   [8]  00 00 00 00 FF 00 00 00
  can0  110   [8]  01 00 00 00 00 00 00 00
  can0  111   [8]  A2 0F 02 00 00 00 00 00
  can0  112   [8]  03 03 77 77 04 04 04 04
  can0  113   [8]  2A 4E 0A 00 C0 67 0A 00
  can0  114   [8]  00 00 00 00 00 00 80 00
  can0  115   [8]  00 00 00 00 00 00 00 00
  can0  116   [8]  00 08 00 08 00 00 00 00
  can0  101   [8]  40 4C 00 00 00 00 00 11
  can0  103   [8]  00 00 00 00 00 00 00 00
  can0  100   [8]  05 C0 64 9C 64 9C 77 33
  can0  102   [8]  00 00 00 00 FF 00 00 00
  can0  110   [8]  01 00 00 00 00 00 00 00
  can0  111   [8]  A3 0F 02 00 00 00 00 00
  can0  112   [8]  03 03 77 77 04 04 04 04
  can0  113   [8]  2F 4E 0A 00 C5 67 0A 00
  can0  114   [8]  00 00 00 00 00 00 80 00
  can0  115   [8]  00 00 00 00 00 00 00 00
  can0  116   [8]  00 08 00 08 00 00 00 00
  can0  101   [8]  1D 4D 00 00 00 00 00 11
  can0  103   [8]  00 00 00 00 00 00 00 00
  can0  100   [8]  58 C1 64 9C 64 9C 77 33
  can0  102   [8]  00 00 00 00 FF 00 00 00
  can0  110   [8]  01 00 00 00 00 00 00 00
  can0  111   [8]  A4 0F 02 00 00 00 00 00
  can0  112   [8]  03 03 77 77 04 04 04 04
  can0  113   [8]  34 4E 0A 00 CA 67 0A 00
  can0  114   [8]  00 00 00 00 00 00 80 00
  can0  115   [8]  00 00 00 00 00 00 00 00
  can0  116   [8]  00 08 00 08 00 00 00 00
  can0  101   [8]  FA 4E 00 00 00 00 00 11
  can0  103   [8]  00 00 00 00 00 00 00 00
  can0  100   [8]  BF C2 64 9C 64 9C 77 33
  can0  102   [8]  00 00 00 00 FF 00 00 00
  can0  110   [8]  01 00 00 00 00 00 00 00
  can0  111   [8]  A5 0F 02 00 00 00 00 00
  can0  112   [8]  03 03 77 77 04 04 04 04
  can0  113   [8]  39 4E 0A 00 CF 67 0A 00
  can0  114   [8]  00 00 00 00 00 00 80 00
  can0  115   [8]  00 00 00 00 00 00 00 00
  can0  116   [8]  00 08 00 08 00 00 00 00
  can0  101   [8]  A7 4F 00 00 00 00 00 11
  can0  103   [8]  00 00 00 00 00 00 00 00
  can0  600   [8]  ED FF F0 FF FC 00 02 03
  can0  601   [6]  0F 00 FA FF 7F 01
  can0  100   [8]  E2 C3 64 9C 64 9C 77 33
  can0  102   [8]  00 00 00 00 FF 00 00 00
  can0  110   [8]  01 00 00 00 00 00 00 00
  can0  111   [8]  A6 0F 02 00 00 00 00 00
  can0  112   [8]  03 03 77 77 04 04 04 04
  can0  113   [8]  3E 4E 0A 00 D4 67 0A 00
  can0  114   [8]  00 00 00 00 00 00 80 00
  can0  115   [8]  00 00 00 00 00 00 00 00
  can0  116   [8]  00 08 00 08 00 00 00 00
  can0  610   [8]  1F 85 23 BF 3E 0A D7 BD
  can0  611   [4]  D7 A3 C0 3E
  can0  630   [1]  F0
  can0  101   [8]  42 50 00 00 00 00 00 11
  can0  103   [8]  00 00 00 00 00 00 00 00
  can0  100   [8]  6C C4 64 9C 64 9C 77 33
  can0  102   [8]  00 00 00 00 FF 00 00 00
  can0  110   [8]  01 00 00 00 00 00 00 00
  can0  111   [8]  A7 0F 02 00 00 00 00 00
  can0  112   [8]  03 03 77 77 04 04 04 04
  can0  113   [8]  43 4E 0A 00 D9 67 0A 00
  can0  114   [8]  00 00 00 00 00 00 80 00
  can0  115   [8]  00 00 00 00 00 00 00 00
  can0  116   [8]  00 08 00 08 00 00 00 00
  can0  101   [8]  1F 51 00 00 00 00 00 11
  can0  103   [8]  00 00 00 00 00 00 00 00
  can0  100   [8]  31 C5 64 9C 64 9C 77 33
  can0  102   [8]  00 00 00 00 FF 00 00 00
  can0  110   [8]  01 00 00 00 00 00 00 00
  can0  111   [8]  A8 0F 02 00 00 00 00 00
  can0  112   [8]  03 03 77 77 04 04 04 04
  can0  113   [8]  48 4E 0A 00 DE 67 0A 00
  can0  114   [8]  00 00 00 00 00 00 80 00
  can0  115   [8]  00 00 00 00 00 00 00 00
  can0  116   [8]  00 08 00 08 00 00 00 00
  can0  101   [8]  F8 52 00 00 00 00 00 11
  can0  103   [8]  00 00 00 00 00 00 00 00
  can0  100   [8]  D6 C6 64 9C 64 9C 77 33
  can0  102   [8]  00 00 00 00 FF 00 00 00
  can0  110   [8]  01 00 00 00 00 00 00 00
  can0  111   [8]  A9 0F 02 00 00 00 00 00
  can0  112   [8]  03 03 77 77 04 04 04 04
  can0  113   [8]  4D 4E 0A 00 E3 67 0A 00
  can0  114   [8]  00 00 00 00 00 00 80 00
  can0  115   [8]  00 00 00 00 00 00 00 00
  can0  116   [8]  00 08 00 08 00 00 00 00
  can0  101   [8]  A5 53 00 00 00 00 00 11
  can0  103   [8]  00 00 00 00 00 00 00 00
  can0  100   [8]  8B C7 64 9C 64 9C 77 33
  can0  102   [8]  00 00 00 00 FF 00 00 00
  can0  110   [8]  01 00 00 00 00 00 00 00
  can0  111   [8]  AA 0F 02 00 00 00 00 00
  can0  112   [8]  03 03 77 77 04 04 04 04
  can0  113   [8]  52 4E 0A 00 E8 67 0A 00
  can0  114   [8]  00 00 00 00 00 00 80 00
  can0  115   [8]  00 00 00 00 00 00 00 00
  can0  116   [8]  00 08 00 08 00 00 00 00
  can0  101   [8]  2B 54 00 00 00 00 00 11
  can0  103   [8]  00 00 00 00 00 00 00 00
  can0  630   [1]  F0
  can0  100   [8]  D7 C8 64 9C 64 9C 77 33
  can0  102   [8]  00 00 00 00 FF 00 00 00
  can0  110   [8]  01 00 00 00 00 00 00 00
  can0  111   [8]  AC 0F 02 00 00 00 00 00
  can0  112   [8]  03 03 77 77 04 04 04 04
  can0  113   [8]  5C 4E 0A 00 ED 67 0A 00
  can0  114   [8]  00 00 00 00 00 00 80 00
  can0  115   [8]  00 00 00 00 00 00 00 00
  can0  116   [8]  00 08 00 08 00 00 00 00
  can0  101   [8]  76 55 00 00 00 00 00 11
  can0  103   [8]  00 00 00 00 00 00 00 00
  can0  100   [8]  8A C9 64 9C 64 9C 77 33
  can0  102   [8]  00 00 00 00 FF 00 00 00
  can0  110   [8]  01 00 00 00 00 00 00 00
  can0  111   [8]  AD 0F 02 00 00 00 00 00
  can0  112   [8]  03 03 77 77 04 04 04 04
  can0  113   [8]  61 4E 0A 00 F2 67 0A 00
  can0  114   [8]  00 00 00 00 00 00 80 00
  can0  115   [8]  00 00 00 00 00 00 00 00
  can0  116   [8]  00 08 00 08 00 00 00 00
  can0  101   [8]  91 56 00 00 00 00 00 11
  can0  103   [8]  00 00 00 00 00 00 00 00
  can0  100   [8]  6D CA 64 9C 64 9C 77 33
  can0  102   [8]  00 00 00 00 FF 00 00 00
  can0  110   [8]  01 00 00 00 00 00 00 00
  can0  111   [8]  AE 0F 02 00 00 00 00 00
  can0  112   [8]  03 03 77 77 04 04 04 04
  can0  113   [8]  66 4E 0A 00 F7 67 0A 00
  can0  114   [8]  00 00 00 00 00 00 80 00
  can0  115   [8]  00 00 00 00 00 00 00 00
  can0  116   [8]  00 08 00 08 00 00 00 00
  can0  101   [8]  CC 57 00 00 00 00 00 11
  can0  103   [8]  00 00 00 00 00 00 00 00
  can0  620   [3]  02 00 01
  can0  621   [8]  00 00 00 00 00 00 00 00
  can0  622   [7]  00 00 00 00 00 00 00
  can0  623   [7]  00 00 00 00 00 00 00
  can0  624   [4]  00 00 00 00
  can0  625   [8]  E1 FA C7 42 E1 FA C7 42
  can0  626   [4]  E1 FA C7 42
  can0  100   [8]  30 CB 64 9C 64 9C 77 33
  can0  102   [8]  00 00 00 00 FF 00 00 00
  can0  110   [8]  01 00 00 00 00 00 00 00
  can0  111   [8]  AF 0F 02 00 00 00 00 00
  can0  112   [8]  03 03 77 77 04 04 04 04
  can0  113   [8]  6B 4E 0A 00 FC 67 0A 00
  can0  114   [8]  00 00 00 00 00 00 80 00
  can0  115   [8]  00 00 00 00 00 00 00 00
  can0  101   [8]  90 58 00 00 00 00 00 11
  can0  103   [8]  00 00 00 00 00 00 00 00
  can0  116   [8]  00 08 00 08 00 00 00 00
  can0  627   [6]  00 00 00 00 00 00
  can0  100   [8]  BE CC 64 9C 64 9C 77 33
  can0  102   [8]  00 00 00 00 FF 00 00 00
  can0  110   [8]  01 00 00 00 00 00 00 00
  can0  111   [8]  B0 0F 02 00 00 00 00 00
  can0  112   [8]  03 03 77 77 04 04 04 04
  can0  113   [8]  70 4E 0A 00 01 68 0A 00
  can0  114   [8]  00 00 00 00 00 00 80 00
  can0  115   [8]  00 00 00 00 00 00 00 00
  can0  116   [8]  00 08 00 08 00 00 00 00
  can0  101   [8]  CD 59 00 00 00 00 00 11
  can0  103   [8]  00 00 00 00 00 00 00 00
  can0  610   [8]  29 5C 0F BC B8 1E C5 BD
  can0  611   [4]  66 66 06 3F
  can0  630   [1]  F0
  can0  100   [8]  E3 CD 64 9C 64 9C 77 33
  can0  102   [8]  00 00 00 00 FF 00 00 00
  can0  110   [8]  01 00 00 00 00 00 00 00
  can0  111   [8]  B1 0F 02 00 00 00 00 00
  can0  112   [8]  03 03 77 77 04 04 04 04
  can0  113   [8]  75 4E 0A 00 06 68 0A 00
  can0  114   [8]  00 00 00 00 00 00 80 00
  can0  115   [8]  00 00 00 00 00 00 00 00
  can0  116   [8]  00 08 00 08 00 00 00 00
  can0  101   [8]  2A 5A 00 00 00 00 00 11
  can0  103   [8]  00 00 00 00 00 00 00 00
  can0  100   [8]  04 CE 64 9C 64 9C 77 33
  can0  102   [8]  00 00 00 00 FF 00 00 00
  can0  110   [8]  01 00 00 00 00 00 00 00
  can0  111   [8]  B2 0F 02 00 00 00 00 00
  can0  112   [8]  03 03 77 77 04 04 04 04
  can0  113   [8]  7A 4E 0A 00 0B 68 0A 00
  can0  114   [8]  00 00 00 00 00 00 80 00
  can0  115   [8]  00 00 00 00 00 00 00 00
  can0  116   [8]  00 08 00 08 00 00 00 00
  can0  101   [8]  77 5B 00 00 00 00 00 11
  can0  103   [8]  00 00 00 00 00 00 00 00
  can0  100   [8]  59 CF 64 9C 64 9C 77 33
  can0  102   [8]  00 00 00 00 FF 00 00 00
  can0  110   [8]  00 00 00 00 00 00 00 00
  can0  111   [8]  B3 0F 02 00 00 00 00 00
  can0  112   [8]  03 03 77 77 04 04 04 04
  can0  113   [8]  7F 4E 0A 00 10 68 0A 00
  can0  114   [8]  00 00 00 00 00 00 80 00
  can0  115   [8]  00 00 00 00 00 00 00 00
  can0  116   [8]  00 08 00 08 00 00 00 00
